CustomerID,Churn,Tenure,CityTier,WarehouseToHome,HourSpendOnApp,NumberOfDeviceRegistered,SatisfactionScore,NumberOfAddress,Complain,OrderAmountHikeFromlastYear,CouponUsed,OrderCount,DaySinceLastOrder,CashbackAmount,PreferredLoginDevice_Mobile Phone,PreferredLoginDevice_Phone,PreferredPaymentMode_COD,PreferredPaymentMode_Cash on Delivery,PreferredPaymentMode_Credit Card,PreferredPaymentMode_Debit Card,PreferredPaymentMode_E wallet,PreferredPaymentMode_UPI,Gender_Male,PreferedOrderCat_Grocery,PreferedOrderCat_Laptop & Accessory,PreferedOrderCat_Mobile,PreferedOrderCat_Mobile Phone,PreferedOrderCat_Others,MaritalStatus_Married,MaritalStatus_Single
51788,0,9.0,3,16.0,2.0,3,1,2,0,14.0,8.0,9.0,7.0,199.8,False,False,False,False,True,False,False,False,True,False,False,False,False,False,False,True
52148,0,6.0,3,13.0,1.0,3,4,1,0,17.0,0.0,1.0,2.0,143.02,False,False,False,False,False,True,False,False,False,False,True,False,False,False,True,False
51718,0,8.0,1,15.0,3.0,4,4,10,0,19.0,0.0,1.0,0.0,165.4,True,False,False,False,False,True,False,False,True,False,True,False,False,False,False,True
52293,1,15.0,3,11.0,3.0,3,4,10,1,19.0,7.0,7.0,7.0,184.46,True,False,False,False,False,True,False,False,True,False,False,False,False,False,False,True
55579,0,12.0,1,13.0,4.0,5,3,4,0,12.0,3.0,8.0,8.0,178.21,False,False,False,False,False,True,False,False,True,False,True,False,False,False,True,False
51151,0,24.0,1,9.0,2.0,3,3,3,0,11.0,2.0,2.0,3.0,231.16000000000003,True,False,False,True,False,False,False,False,False,False,False,False,False,False,True,False
50280,0,1.0,1,23.0,3.0,3,5,2,0,12.0,0.0,1.0,8.0,145.58,False,True,False,False,True,False,False,False,True,False,True,False,False,False,True,False
53152,0,9.0,3,7.0,4.0,4,3,3,0,17.0,1.0,2.0,4.0,173.59,True,False,False,False,True,False,False,False,False,False,True,False,False,False,False,True
50754,0,15.0,2,8.0,3.0,1,5,8,0,16.0,0.0,1.0,3.0,162.72,False,False,False,False,True,False,False,False,True,False,True,False,False,False,False,False
51365,0,11.0,1,8.0,2.0,3,1,6,1,11.0,0.0,1.0,2.0,139.44,False,True,False,False,False,True,False,False,True,False,False,False,True,False,False,True
53067,0,25.0,3,21.0,3.0,4,2,6,0,12.0,1.0,2.0,8.0,174.36,True,False,False,False,False,True,False,False,False,False,True,False,False,False,False,False
55076,1,1.0,1,17.0,3.0,5,3,3,0,21.0,2.0,3.0,3.0,151.25,False,False,False,False,False,True,False,False,False,False,False,False,True,False,False,True
53083,0,28.0,1,12.0,3.0,4,5,6,0,15.0,2.0,2.0,3.0,319.06,True,False,False,False,True,False,False,False,True,False,False,False,False,True,False,False
54217,0,9.0,3,6.0,4.0,4,5,3,0,23.0,1.0,2.0,3.0,215.69,False,False,False,False,False,True,False,False,True,False,False,False,False,False,True,False
51853,0,2.0,3,9.0,3.0,3,3,2,0,14.0,0.0,1.0,2.0,155.61,True,False,False,False,True,False,False,False,False,False,True,False,False,False,True,False
52806,0,2.0,1,34.0,3.0,4,5,2,0,14.0,0.0,1.0,4.0,137.85,False,True,False,False,True,False,False,False,False,False,False,False,True,False,False,True
51472,1,20.0,1,29.0,3.0,3,1,2,0,12.0,7.0,15.0,6.0,203.12,True,False,False,False,True,False,False,False,False,False,False,False,False,False,True,False
51504,0,13.0,3,10.0,3.0,4,1,8,0,11.0,1.0,2.0,11.0,208.55,True,False,False,False,False,False,True,False,True,False,False,False,False,False,True,False
53934,0,19.0,2,11.0,3.0,6,3,6,0,22.0,2.0,2.0,3.0,222.56,True,False,False,False,False,True,False,False,False,False,False,False,False,False,True,False
53325,0,1.0,3,10.0,4.0,4,5,3,1,19.0,2.0,2.0,4.0,166.94,True,False,False,False,False,False,False,True,True,False,True,False,False,False,False,False
53870,0,8.0,1,10.0,4.0,4,4,3,0,13.0,8.0,8.0,10.0,179.33,True,False,False,False,False,True,False,False,False,False,True,False,False,False,True,False
51885,0,23.0,3,14.0,2.0,3,4,8,0,15.0,0.0,2.0,2.0,138.75,False,True,False,False,False,False,True,False,True,False,False,False,True,False,True,False
54909,1,1.0,3,36.0,4.0,6,5,10,0,19.0,2.0,3.0,3.0,174.69,False,False,False,False,True,False,False,False,True,False,True,False,False,False,False,True
54780,0,7.0,3,7.0,3.0,2,5,3,0,23.0,1.0,2.0,9.0,165.37,True,False,False,False,True,False,False,False,True,False,True,False,False,False,True,False
52110,0,1.0,3,16.0,3.0,3,4,2,0,22.0,0.0,1.0,0.0,110.52000000000001,True,False,False,False,True,False,False,False,True,False,False,False,True,False,True,False
51053,0,23.0,1,23.0,2.0,4,5,6,0,15.0,1.0,2.0,11.0,232.69,True,False,False,False,False,True,False,False,False,False,False,False,False,False,True,False
53718,0,8.0,1,7.0,3.0,5,4,7,0,18.0,2.0,2.0,3.0,157.94,True,False,False,False,False,True,False,False,False,False,False,False,True,False,False,False
51975,0,1.0,2,14.0,3.0,4,1,2,0,13.0,1.0,1.0,4.0,149.36,False,True,False,False,True,False,False,False,True,False,False,False,True,False,True,False
53675,0,2.0,3,33.0,3.0,5,5,3,0,12.0,2.0,2.0,5.0,172.24,True,False,False,False,False,True,False,False,True,False,True,False,False,False,False,False
51840,0,7.0,3,14.0,2.0,3,3,2,1,18.0,1.0,1.0,6.0,125.78999999999999,False,True,True,False,False,False,False,False,False,False,False,True,False,False,True,False
50489,0,7.0,2,9.0,2.0,3,2,1,0,19.0,1.0,1.0,2.0,137.37,False,True,False,False,False,False,False,True,True,False,False,False,True,False,False,False
50447,0,0.0,1,6.0,3.0,5,2,4,0,14.0,2.0,2.0,0.0,143.64,False,False,False,False,False,True,False,False,False,False,False,False,True,False,True,False
55328,1,1.0,3,22.0,3.0,6,1,8,1,15.0,1.0,3.0,3.0,179.4,True,False,False,False,True,False,False,False,True,False,True,False,False,False,True,False
50789,1,8.0,3,8.0,3.0,5,4,3,1,16.0,1.0,1.0,11.0,288.24,True,False,False,False,False,False,True,False,False,False,False,False,False,True,False,True
50913,0,18.0,1,35.0,2.0,3,1,5,1,18.0,1.0,1.0,2.0,193.8,True,False,False,True,False,False,False,False,True,False,False,False,False,False,False,False
51340,0,0.0,3,11.0,3.0,4,3,1,0,18.0,0.0,1.0,0.0,129.66,False,True,False,False,False,False,False,True,False,False,False,True,False,False,False,True
54573,0,20.0,1,25.0,3.0,4,3,4,0,15.0,2.0,2.0,9.0,173.1,True,False,False,False,True,False,False,False,False,False,True,False,False,False,True,False
53214,0,24.0,1,35.0,4.0,3,3,3,1,12.0,4.0,4.0,9.0,157.21,True,False,False,False,True,False,False,False,True,False,False,False,True,False,False,False
50130,0,2.0,3,26.0,2.0,3,2,3,0,14.0,1.0,1.0,2.0,169.31,True,False,False,False,False,False,True,False,True,False,True,False,False,False,True,False
53827,1,1.0,1,31.0,3.0,4,4,3,1,18.0,1.0,2.0,1.0,149.08,False,True,False,False,True,False,False,False,True,False,False,False,True,False,True,False
52325,0,7.0,1,35.0,2.0,3,3,5,0,13.0,5.0,7.0,7.0,154.29,True,False,False,False,True,False,False,False,True,False,True,False,False,False,True,False
52105,0,9.0,2,30.0,2.0,3,4,2,0,16.0,0.0,1.0,4.0,121.77000000000001,False,True,False,False,False,False,False,False,True,False,False,True,False,False,False,True
52061,0,6.0,1,6.0,2.0,1,4,2,1,13.0,1.0,1.0,2.0,154.88,False,False,False,False,False,False,False,True,False,False,True,False,False,False,True,False
53519,1,1.0,1,15.0,4.0,4,3,3,0,13.0,1.0,2.0,1.0,144.04,False,False,False,False,True,False,False,False,True,False,False,False,True,False,False,True
54141,0,9.0,2,33.0,3.0,4,1,3,1,17.0,2.0,2.0,3.0,213.37,True,False,False,False,False,True,False,False,False,False,False,False,False,False,False,True
52503,0,8.0,1,14.0,2.0,3,3,2,0,12.0,0.0,2.0,9.0,141.48,False,False,False,False,False,True,False,False,False,False,True,False,False,False,True,False
55195,0,19.0,1,27.0,4.0,6,5,4,1,19.0,2.0,2.0,8.0,233.51,True,False,False,False,True,False,False,False,True,False,False,False,False,False,True,False
55108,1,16.0,3,12.0,4.0,4,4,11,1,20.0,8.0,8.0,3.0,209.46,True,False,False,False,False,True,False,False,True,False,False,False,False,False,False,True
50947,0,22.0,1,9.0,2.0,4,5,5,0,25.0,1.0,1.0,2.0,147.89,False,True,False,False,True,False,False,False,False,False,True,False,False,False,False,False
53181,0,12.0,1,7.0,3.0,4,5,5,0,18.0,2.0,2.0,1.0,151.19,True,False,False,False,False,True,False,False,False,False,False,False,True,False,False,True
55607,0,8.0,3,35.0,4.0,5,3,3,0,22.0,2.0,2.0,8.0,192.12,True,False,False,False,False,False,True,False,False,False,True,False,False,False,True,False
51326,0,8.0,2,32.0,2.0,3,1,2,1,16.0,1.0,1.0,7.0,188.37,True,False,False,False,False,True,False,False,False,False,False,False,False,False,False,True
53965,0,5.0,3,36.0,4.0,5,1,3,0,15.0,3.0,6.0,8.0,179.68,True,False,False,False,False,False,True,False,False,False,True,False,False,False,True,False
51471,0,0.0,1,14.0,2.0,4,4,2,0,19.0,2.0,4.0,3.0,123.68,False,True,False,False,False,False,False,True,False,False,False,True,False,False,True,False
50417,0,9.0,1,14.0,3.0,2,5,10,0,14.0,0.0,1.0,3.0,217.13,False,False,False,False,False,True,False,False,False,False,False,False,False,False,False,False
50552,0,8.0,1,27.0,2.0,3,2,2,1,25.0,0.0,1.0,7.0,140.14,False,True,False,False,False,True,False,False,False,False,True,False,False,False,False,False
51077,1,0.0,1,14.0,3.0,4,3,2,1,11.0,1.0,1.0,2.0,139.89,False,True,False,False,True,False,False,False,True,False,False,False,True,False,False,True
50117,0,5.0,3,32.0,3.0,3,2,1,0,18.0,1.0,2.0,2.0,144.65,False,False,False,False,False,False,True,False,True,False,True,False,False,False,False,False
54836,0,5.0,3,14.0,3.0,5,3,5,0,16.0,3.0,6.0,3.0,148.29,False,True,False,False,False,True,False,False,True,False,False,False,True,False,True,False
53018,1,3.0,3,10.0,3.0,4,3,6,1,19.0,2.0,2.0,1.0,177.38,True,False,False,False,True,False,False,False,False,False,True,False,False,False,False,False
55381,0,10.0,3,9.0,3.0,4,1,5,0,16.0,7.0,7.0,8.0,170.02,True,False,False,False,False,True,False,False,False,False,True,False,False,False,False,True
52754,0,0.0,1,14.0,3.0,3,1,2,0,13.0,1.0,1.0,4.0,126.47,False,True,False,False,False,False,False,True,True,False,False,True,False,False,False,True
53033,0,5.0,1,14.0,3.0,4,2,3,1,15.0,3.0,5.0,11.0,196.43,True,False,False,False,True,False,False,False,False,False,False,False,False,False,False,True
52805,0,2.0,1,19.0,2.0,4,4,5,1,13.0,0.0,1.0,3.0,140.25,False,True,False,False,False,False,False,True,True,False,True,False,False,False,True,False
55073,0,1.0,1,11.0,3.0,4,1,3,1,21.0,3.0,3.0,3.0,153.75,True,False,False,False,False,True,False,False,True,False,False,False,True,False,False,True
51618,0,9.0,1,15.0,3.0,3,1,2,0,23.0,1.0,1.0,4.0,120.69999999999999,False,True,False,False,False,False,False,False,True,False,False,True,False,False,True,False
54820,0,2.0,3,12.0,4.0,4,1,3,0,15.0,1.0,2.0,3.0,174.08,True,False,False,False,True,False,False,False,True,False,True,False,False,False,False,True
51849,0,7.0,1,6.0,3.0,3,1,2,0,12.0,1.0,8.0,8.0,126.91,False,True,False,False,False,True,False,False,True,False,False,True,False,False,True,False
50323,0,8.0,3,6.0,2.0,3,3,10,0,11.0,3.0,6.0,9.0,147.17,False,True,False,False,False,False,True,False,True,False,True,False,False,False,False,False
53164,0,23.0,1,25.0,3.0,5,3,3,1,15.0,1.0,2.0,10.0,320.02,True,False,False,False,False,True,False,False,True,False,False,False,False,True,True,False
52671,0,15.0,1,14.0,2.0,3,3,5,0,13.0,1.0,1.0,0.0,139.68,False,True,False,False,False,True,False,False,True,False,False,False,True,False,False,True
55535,0,33.0,3,28.0,4.0,4,1,6,1,15.0,1.0,2.0,1.0,303.75,True,False,False,False,False,True,False,False,False,True,False,False,False,False,True,False
52197,0,29.0,1,10.0,3.0,3,5,5,0,15.0,4.0,4.0,2.0,299.43,True,False,False,True,False,False,False,False,False,False,False,False,False,True,True,False
53819,0,10.0,1,13.0,4.0,2,5,5,1,14.0,2.0,2.0,3.0,180.62,False,False,False,False,False,True,False,False,True,False,True,False,False,False,True,False
50693,0,9.0,1,24.0,3.0,3,2,3,0,20.0,1.0,1.0,9.0,177.79,False,False,False,False,False,True,False,False,True,False,True,False,False,False,False,True
50060,0,26.0,1,19.0,2.0,2,5,2,0,11.0,1.0,1.0,3.0,144.5,False,True,False,False,True,False,False,False,False,False,True,False,False,False,True,False
55289,0,10.0,1,13.0,4.0,2,5,5,1,14.0,1.0,2.0,3.0,180.62,False,False,False,False,False,True,False,False,True,False,True,False,False,False,True,False
53480,1,8.0,2,7.0,4.0,5,5,11,0,15.0,3.0,4.0,3.0,229.82,True,False,False,False,True,False,False,False,True,False,False,False,False,False,False,False
54113,0,9.0,1,18.0,3.0,4,3,9,1,12.0,1.0,3.0,3.0,151.6,True,False,False,False,True,False,False,False,True,False,False,False,True,False,True,False
54010,0,6.0,3,17.0,4.0,4,1,10,0,14.0,2.0,2.0,1.0,171.48,False,False,False,False,False,False,True,False,True,False,True,False,False,False,False,True
53109,0,1.0,1,30.0,3.0,4,2,3,0,23.0,2.0,2.0,3.0,153.86,True,False,False,False,False,True,False,False,False,False,False,False,True,False,True,False
54056,1,1.0,3,31.0,3.0,2,5,3,0,18.0,2.0,2.0,1.0,135.91,False,False,True,False,False,False,False,False,True,False,False,False,True,False,False,True
51434,0,3.0,1,8.0,4.0,4,1,2,0,19.0,3.0,10.0,8.0,141.52,False,True,False,False,False,True,False,False,True,False,True,False,False,False,True,False
54835,0,31.0,1,12.0,3.0,5,4,4,1,14.0,2.0,2.0,3.0,230.52,True,False,False,True,False,False,False,False,False,False,False,False,False,False,True,False
50739,0,6.0,2,8.0,2.0,3,3,2,0,13.0,0.0,1.0,4.0,136.0,False,True,False,False,False,False,False,True,True,False,False,False,True,False,False,False
53115,0,31.0,3,36.0,3.0,5,2,5,0,13.0,1.0,2.0,1.0,266.18,True,False,False,False,False,False,True,False,True,True,False,False,False,False,True,False
55369,0,8.0,1,12.0,3.0,5,1,3,0,15.0,1.0,5.0,14.0,164.86,True,False,False,False,True,False,False,False,True,False,True,False,False,False,True,False
55556,1,1.0,3,33.0,4.0,4,1,3,1,12.0,1.0,2.0,9.0,181.17,False,False,False,False,False,False,True,False,True,False,True,False,False,False,True,False
53374,1,1.0,3,26.0,3.0,5,4,3,1,19.0,1.0,2.0,1.0,149.13,False,True,False,False,False,False,True,False,True,False,False,False,True,False,False,False
50734,0,26.0,1,13.0,2.0,3,3,4,0,18.0,1.0,4.0,7.0,286.06,True,False,False,False,True,False,False,False,False,False,False,False,False,True,True,False
54610,0,13.0,1,15.0,3.0,4,3,3,0,12.0,2.0,2.0,8.0,162.55,False,False,False,False,False,True,False,False,False,False,False,False,True,False,True,False
54027,0,29.0,1,9.0,4.0,5,1,10,0,21.0,1.0,2.0,5.0,151.62,True,False,True,False,False,False,False,False,True,False,False,False,True,False,True,False
54671,0,28.0,2,26.0,3.0,4,4,4,0,16.0,3.0,2.0,2.0,232.25,True,False,False,False,True,False,False,False,True,False,False,False,False,False,True,False
51745,0,9.0,1,6.0,3.0,4,5,2,0,12.0,3.0,3.0,2.0,122.18,False,True,False,False,False,True,False,False,True,False,False,True,False,False,True,False
50393,0,0.0,3,14.0,2.0,2,4,1,0,22.0,0.0,1.0,2.0,148.51,False,True,False,False,False,True,False,False,True,False,True,False,False,False,False,False
55385,0,1.0,1,24.0,4.0,6,3,3,0,16.0,2.0,2.0,3.0,148.05,False,True,False,False,True,False,False,False,True,False,False,False,True,False,True,False
50891,0,7.0,1,6.0,3.0,3,5,6,0,14.0,1.0,1.0,3.0,129.96,False,False,False,False,False,False,False,True,True,False,False,True,False,False,True,False
52988,0,9.0,3,23.0,4.0,4,4,2,0,16.0,4.0,7.0,10.0,205.2,True,False,False,False,False,False,True,False,True,False,False,False,False,False,False,False
50813,0,12.0,1,19.0,3.0,4,4,7,1,13.0,1.0,15.0,2.0,271.23,True,False,False,False,True,False,False,False,False,True,False,False,False,False,True,False
50727,0,29.0,1,10.0,3.0,3,5,5,0,15.0,0.0,4.0,2.0,299.43,True,False,False,True,False,False,False,False,False,False,False,False,False,True,True,False
53424,0,1.0,1,9.0,3.0,2,2,3,0,13.0,2.0,2.0,4.0,179.72,True,False,False,False,True,False,False,False,True,False,True,False,False,False,False,False
53524,0,1.0,1,13.0,3.0,5,3,3,0,14.0,3.0,3.0,3.0,150.39,True,False,False,False,False,True,False,False,True,False,False,False,True,False,False,False
55004,0,1.0,1,10.0,3.0,2,1,3,0,23.0,2.0,2.0,8.0,169.2,True,False,False,False,True,False,False,False,True,False,False,False,True,False,True,False
51903,0,8.0,1,8.0,3.0,3,5,3,0,11.0,1.0,1.0,0.0,150.93,False,False,False,False,False,True,False,False,False,False,True,False,False,False,True,False
50629,0,12.0,1,28.0,2.0,3,5,2,1,13.0,1.0,2.0,8.0,208.8,False,False,False,False,True,False,False,False,False,False,False,False,False,False,False,True
51240,0,1.0,3,6.0,2.0,4,1,2,1,12.0,0.0,1.0,7.0,168.34,False,False,False,False,False,True,False,False,True,False,True,False,False,False,True,False
51198,0,19.0,1,8.0,2.0,3,1,4,0,14.0,1.0,4.0,7.0,185.78,True,False,False,False,False,True,False,False,True,False,False,False,False,False,True,False
51501,0,2.0,1,6.0,2.0,3,3,2,0,13.0,0.0,1.0,9.0,143.19,False,False,True,False,False,False,False,False,True,False,True,False,False,False,True,False
51265,0,4.0,1,6.0,2.0,5,5,2,0,21.0,1.0,8.0,7.0,150.03,False,False,False,False,False,True,False,False,True,False,True,False,False,False,True,False
53658,0,14.0,1,7.0,3.0,4,4,5,0,23.0,2.0,2.0,4.0,148.87,False,True,False,False,False,True,False,False,True,False,False,False,True,False,False,False
52351,0,2.0,2,23.0,2.0,4,5,2,0,13.0,0.0,1.0,9.0,179.88,True,False,False,False,False,False,False,True,True,False,False,False,False,False,False,True
55320,0,13.0,1,11.0,3.0,4,3,2,0,14.0,4.0,4.0,9.0,175.42,False,False,False,False,True,False,False,False,False,False,True,False,False,False,False,True
50449,1,0.0,3,14.0,2.0,4,5,7,0,17.0,1.0,1.0,2.0,153.26,True,False,True,False,False,False,False,False,True,False,True,False,False,False,False,True
50024,1,0.0,3,26.0,3.0,5,3,4,1,11.0,1.0,2.0,2.0,145.59,False,True,False,False,False,True,False,False,False,False,True,False,False,False,False,False
51688,0,4.0,1,13.0,2.0,3,1,2,1,14.0,4.0,4.0,10.0,171.43,True,False,False,False,True,False,False,False,False,False,False,False,False,False,False,True
51785,1,0.0,1,26.0,3.0,3,3,4,0,12.0,1.0,1.0,0.0,198.24,False,False,False,False,False,True,False,False,True,False,False,False,False,False,True,False
52151,0,18.0,3,15.0,3.0,4,3,2,0,13.0,4.0,4.0,12.0,155.93,False,False,False,False,False,True,False,False,False,False,True,False,False,False,True,False
51997,0,20.0,3,8.0,2.0,3,1,1,1,22.0,3.0,7.0,7.0,145.37,False,True,False,False,False,False,True,False,False,False,True,False,False,False,True,False
54876,0,7.0,1,7.0,3.0,2,4,3,1,14.0,2.0,2.0,3.0,179.88,False,False,False,False,False,False,False,True,False,False,True,False,False,False,True,False
50537,0,16.0,1,14.0,2.0,3,4,5,0,21.0,1.0,1.0,0.0,147.65,False,True,False,False,False,True,False,False,False,False,True,False,False,False,True,False
52959,0,19.0,1,27.0,4.0,4,2,2,1,15.0,1.0,2.0,11.0,259.96,True,False,False,False,True,False,False,False,True,True,False,False,False,False,False,False
55256,0,7.0,1,35.0,4.0,4,3,3,1,13.0,5.0,6.0,8.0,177.07,True,False,False,False,False,True,False,False,True,False,True,False,False,False,True,False
53841,0,9.0,1,25.0,3.0,2,5,3,0,12.0,1.0,2.0,11.0,177.08,True,False,False,False,False,True,False,False,True,False,True,False,False,False,True,False
50299,0,3.0,3,28.0,3.0,3,5,1,0,11.0,2.0,7.0,8.0,184.12,False,False,False,False,False,False,False,True,False,False,False,False,False,False,False,False
51529,0,23.0,1,6.0,2.0,4,3,3,0,15.0,1.0,1.0,2.0,136.9,False,True,False,False,True,False,False,False,True,False,False,False,True,False,True,False
51553,0,9.0,1,24.0,3.0,3,1,2,0,13.0,0.0,1.0,7.0,121.53,False,False,False,False,False,False,False,False,False,False,False,True,False,False,False,True
52337,0,5.0,3,8.0,2.0,3,4,1,1,13.0,1.0,1.0,2.0,140.78,False,True,False,False,False,False,True,False,True,False,True,False,False,False,True,False
50531,0,9.0,2,9.0,2.0,3,4,4,1,11.0,0.0,1.0,3.0,122.77000000000001,False,True,False,False,False,False,False,True,True,False,False,True,False,False,True,False
50457,0,3.0,1,6.0,2.0,5,3,4,0,21.0,1.0,1.0,2.0,138.33,False,True,False,False,False,True,False,False,True,False,False,False,True,False,False,False
51185,0,0.0,3,16.0,2.0,3,1,2,0,13.0,0.0,1.0,2.0,146.84,False,True,False,False,True,False,False,False,True,False,True,False,False,False,False,True
54926,0,12.0,1,10.0,3.0,4,3,5,0,17.0,3.0,3.0,3.0,153.21,False,False,False,False,False,False,False,True,True,False,False,False,True,False,True,False
51050,0,0.0,1,8.0,3.0,1,3,2,0,17.0,0.0,1.0,7.0,152.06,False,False,False,False,False,True,False,False,True,False,True,False,False,False,True,False
54841,0,10.0,1,14.0,4.0,4,1,4,0,19.0,2.0,2.0,2.0,171.78,True,False,False,False,False,False,False,True,True,False,False,False,True,False,False,True
53085,0,5.0,1,14.0,3.0,4,5,3,0,13.0,4.0,4.0,13.0,168.06,True,False,False,False,True,False,False,False,False,False,True,False,False,False,False,False
52551,1,9.0,1,8.0,3.0,3,4,2,0,12.0,0.0,1.0,0.0,113.93,True,False,False,False,False,True,False,False,True,False,False,False,True,False,False,True
54851,0,5.0,1,19.0,3.0,4,1,2,1,12.0,7.0,9.0,6.0,183.55,True,False,False,False,True,False,False,False,False,False,True,False,False,False,True,False
55505,0,11.0,1,14.0,4.0,4,5,7,1,23.0,1.0,2.0,5.0,167.84,True,False,False,False,True,False,False,False,True,False,True,False,False,False,True,False
55576,0,7.0,1,8.0,3.0,5,3,3,0,13.0,1.0,2.0,1.0,145.08,False,False,False,False,True,False,False,False,True,False,False,False,True,False,True,False
52680,0,0.0,1,21.0,3.0,4,5,1,0,19.0,0.0,7.0,3.0,147.74,False,False,False,False,False,True,False,False,False,False,False,False,True,False,True,False
50981,0,6.0,3,14.0,2.0,3,5,3,0,13.0,2.0,2.0,2.0,163.92,True,False,False,False,False,True,False,False,True,False,True,False,False,False,True,False
52587,0,5.0,3,25.0,3.0,5,3,4,0,13.0,0.0,1.0,2.0,196.1,True,False,False,False,False,True,False,False,True,False,False,False,False,False,True,False
55171,0,29.0,1,8.0,3.0,2,1,4,0,14.0,1.0,2.0,1.0,272.32,True,False,False,False,True,False,False,False,True,True,False,False,False,False,True,False
53506,0,1.0,1,7.0,4.0,5,4,3,1,12.0,1.0,3.0,3.0,145.7,False,True,True,False,False,False,False,False,False,False,False,False,True,False,False,True
52265,0,30.0,1,24.0,3.0,3,1,7,0,12.0,3.0,5.0,4.0,205.12,True,False,False,False,True,False,False,False,True,False,False,False,False,False,False,True
53709,0,10.0,1,11.0,3.0,5,2,3,0,17.0,2.0,2.0,9.0,183.1,True,False,False,False,False,True,False,False,True,False,True,False,False,False,False,True
51229,1,9.0,1,22.0,2.0,5,5,2,1,23.0,3.0,3.0,0.0,123.07,False,False,True,False,False,False,False,False,True,False,False,True,False,False,True,False
52682,0,28.0,1,8.0,3.0,4,1,9,0,20.0,1.0,1.0,4.0,126.62,False,True,True,False,False,False,False,False,True,False,False,True,False,False,True,False
50012,1,11.0,1,6.0,3.0,4,3,10,1,13.0,0.0,1.0,0.0,153.81,True,False,False,False,False,True,False,False,True,False,False,False,False,False,False,True
54449,1,1.0,1,23.0,3.0,4,4,4,1,14.0,2.0,2.0,3.0,148.73,False,True,False,False,True,False,False,False,True,False,False,False,True,False,True,False
50841,0,0.0,1,25.0,3.0,3,2,4,0,11.0,1.0,1.0,2.0,136.69,False,True,False,False,True,False,False,False,True,False,False,False,True,False,False,False
51126,0,2.0,1,6.0,3.0,1,3,9,1,12.0,0.0,1.0,2.0,162.94,False,False,False,False,False,True,False,False,True,False,True,False,False,False,False,True
54552,0,14.0,1,9.0,4.0,5,3,8,0,23.0,2.0,2.0,1.0,159.48,True,False,False,False,True,False,False,False,False,False,True,False,False,False,True,False
51466,0,3.0,1,14.0,3.0,5,3,2,0,25.0,0.0,1.0,9.0,126.13,False,False,False,False,False,True,False,False,True,False,False,True,False,False,True,False
52976,0,11.0,1,7.0,3.0,4,2,3,0,13.0,2.0,6.0,8.0,146.15,False,True,False,False,False,True,False,False,False,False,False,False,True,False,False,True
52078,1,0.0,1,14.0,2.0,3,4,1,0,17.0,0.0,1.0,2.0,124.22,False,False,False,False,False,False,False,False,False,False,False,True,False,False,False,True
54531,1,1.0,3,19.0,3.0,2,4,3,0,16.0,1.0,2.0,1.0,152.16,True,False,False,False,False,True,False,False,False,False,False,False,True,False,False,True
55566,0,5.0,1,17.0,3.0,4,3,6,0,21.0,4.0,2.0,9.0,235.31,False,False,False,False,True,False,False,False,False,False,False,False,False,False,True,False
50780,0,21.0,1,6.0,3.0,4,2,7,0,12.0,1.0,1.0,0.0,282.65,True,False,False,False,False,True,False,False,True,False,False,False,False,True,False,True
53513,0,8.0,1,9.0,4.0,4,3,4,0,12.0,2.0,2.0,3.0,165.33,False,False,False,False,False,True,False,False,True,False,True,False,False,False,False,True
54424,0,20.0,3,9.0,4.0,6,4,5,1,15.0,7.0,8.0,8.0,293.72,True,False,False,True,False,False,False,False,False,True,False,False,False,False,True,False
53365,0,31.0,1,12.0,3.0,5,4,4,1,14.0,2.0,2.0,3.0,230.52,True,False,False,True,False,False,False,False,False,False,False,False,False,False,True,False
50869,0,0.0,3,24.0,3.0,1,3,3,0,11.0,0.0,1.0,2.0,162.32,True,False,False,False,False,True,False,False,True,False,True,False,False,False,False,False
51234,0,4.0,3,16.0,2.0,3,1,3,1,11.0,0.0,1.0,4.0,165.83,True,False,False,False,True,False,False,False,False,False,True,False,False,False,True,False
51939,0,9.0,1,6.0,2.0,3,4,1,0,15.0,1.0,1.0,5.0,152.28,True,False,False,False,False,False,False,True,False,False,True,False,False,False,True,False
53766,0,6.0,1,17.0,1.0,4,1,4,0,26.0,1.0,2.0,1.0,237.44,True,False,False,False,True,False,False,False,True,False,False,False,False,False,False,True
52254,0,6.0,3,16.0,2.0,1,3,1,1,14.0,0.0,1.0,8.0,183.8,True,False,False,False,False,False,True,False,True,False,False,False,False,False,True,False
50897,1,0.0,3,15.0,3.0,4,5,4,0,12.0,1.0,2.0,2.0,144.0,False,True,False,False,False,True,False,False,True,False,False,False,True,False,False,False
54220,0,11.0,1,7.0,3.0,5,3,3,0,19.0,1.0,2.0,8.0,184.93,True,False,False,False,False,True,False,False,True,False,True,False,False,False,True,False
50331,0,6.0,1,6.0,3.0,2,3,5,0,19.0,1.0,1.0,5.0,261.84,True,False,False,False,True,False,False,False,False,True,False,False,False,False,True,False
51064,0,2.0,3,11.0,2.0,4,4,2,1,13.0,0.0,1.0,9.0,141.87,False,True,False,False,True,False,False,False,True,False,True,False,False,False,True,False
55115,0,16.0,1,9.0,3.0,4,3,2,1,15.0,1.0,3.0,11.0,303.61,False,False,False,False,False,True,False,False,True,True,False,False,False,False,True,False
51186,0,30.0,1,21.0,2.0,3,3,3,1,14.0,1.0,2.0,2.0,257.87,False,False,False,False,False,True,False,False,True,True,False,False,False,False,True,False
54908,0,12.0,3,10.0,3.0,4,1,10,1,13.0,2.0,2.0,1.0,193.61,True,False,False,False,False,True,False,False,True,False,True,False,False,False,False,True
55606,0,15.0,1,35.0,3.0,5,4,2,0,24.0,2.0,2.0,11.0,260.7,True,False,False,False,False,True,False,False,False,True,False,False,False,False,True,False
54540,0,29.0,1,9.0,4.0,4,1,4,1,14.0,1.0,2.0,3.0,291.59,True,False,False,False,False,True,False,False,False,True,False,False,False,False,False,True
53927,1,1.0,3,20.0,4.0,5,5,7,1,14.0,3.0,3.0,3.0,186.34,True,False,False,False,False,False,True,False,True,False,True,False,False,False,True,False
53603,0,1.0,1,11.0,3.0,4,2,3,1,21.0,1.0,3.0,3.0,153.75,True,False,False,False,False,True,False,False,True,False,False,False,True,False,False,True
54422,0,12.0,3,9.0,3.0,5,1,5,0,19.0,2.0,8.0,6.0,177.49,False,False,False,False,False,True,False,False,True,False,True,False,False,False,True,False
55249,0,16.0,1,9.0,4.0,5,4,6,0,15.0,1.0,2.0,1.0,173.41,True,False,False,False,True,False,False,False,True,False,False,False,True,False,True,False
54889,0,28.0,1,24.0,3.0,4,3,10,0,12.0,1.0,2.0,9.0,232.39,True,False,False,True,False,False,False,False,False,False,False,False,False,False,True,False
51633,0,11.0,1,29.0,2.0,3,1,10,0,14.0,0.0,1.0,2.0,157.45,True,False,False,False,False,True,False,False,True,False,True,False,False,False,True,False
54071,0,9.0,3,25.0,4.0,4,5,2,0,17.0,1.0,2.0,5.0,25.0,True,False,False,False,True,False,False,False,True,False,True,False,False,False,True,False
50470,0,2.0,1,29.0,3.0,1,3,2,0,24.0,1.0,1.0,7.0,127.0,False,True,False,False,False,True,False,False,True,False,False,True,False,False,False,False
51703,1,9.0,3,6.0,3.0,4,4,2,1,11.0,1.0,1.0,2.0,121.74000000000001,False,False,False,True,False,False,False,False,False,False,False,True,False,False,False,True
54410,0,19.0,1,14.0,4.0,2,3,6,0,18.0,2.0,2.0,3.0,189.34,False,False,False,False,False,True,False,False,True,False,True,False,False,False,True,False
53642,0,15.0,3,17.0,3.0,6,4,3,0,14.0,4.0,12.0,10.0,186.51,False,False,False,False,True,False,False,False,True,False,True,False,False,False,False,True
53651,0,15.0,3,7.0,4.0,4,5,2,0,18.0,1.0,2.0,8.0,166.03,False,False,False,False,False,False,True,False,False,False,True,False,False,False,True,False
54294,0,15.0,3,16.0,4.0,4,3,5,1,14.0,1.0,2.0,8.0,206.89,True,False,False,False,False,True,False,False,True,False,False,False,False,False,True,False
51900,0,0.0,1,13.0,2.0,4,5,9,0,19.0,1.0,1.0,7.0,168.11,True,False,False,False,True,False,False,False,False,False,True,False,False,False,False,True
54827,1,1.0,1,10.0,3.0,4,3,2,1,20.0,2.0,2.0,3.0,166.71,True,False,False,False,False,True,False,False,False,False,True,False,False,False,True,False
51814,0,25.0,1,12.0,3.0,3,5,4,1,12.0,2.0,6.0,9.0,155.77,True,False,True,False,False,False,False,False,True,False,True,False,False,False,True,False
55267,1,1.0,3,8.0,4.0,5,5,3,0,12.0,2.0,7.0,3.0,222.14,True,False,False,False,False,True,False,False,True,False,True,False,False,False,True,False
55552,0,12.0,3,8.0,3.0,5,5,6,0,15.0,2.0,2.0,1.0,153.58,True,False,False,False,False,True,False,False,True,False,False,False,True,False,False,True
52712,0,12.0,3,27.0,2.0,5,3,7,0,19.0,0.0,1.0,2.0,157.36,False,False,False,False,False,True,False,False,False,False,True,False,False,False,True,False
50411,0,14.0,2,16.0,3.0,4,2,4,0,15.0,1.0,12.0,6.0,291.41,True,False,False,False,False,False,False,True,True,False,False,False,False,True,True,False
54352,0,1.0,1,16.0,5.0,4,4,3,0,17.0,1.0,2.0,4.0,147.79,False,True,False,False,True,False,False,False,False,False,False,False,True,False,False,True
52925,1,1.0,1,21.0,3.0,4,2,7,1,14.0,1.0,2.0,5.0,149.36,False,True,False,False,True,False,False,False,True,False,False,False,True,False,False,False
50771,0,4.0,1,17.0,3.0,3,5,2,1,12.0,0.0,1.0,1.0,168.33,True,False,False,False,True,False,False,False,True,False,True,False,False,False,False,False
54562,0,30.0,3,13.0,3.0,2,5,11,0,12.0,7.0,2.0,8.0,257.12,False,False,False,False,False,True,False,False,False,True,False,False,False,False,True,False
53111,0,3.0,1,10.0,4.0,5,3,3,0,19.0,2.0,2.0,8.0,244.35000000000002,True,False,False,False,True,False,False,False,True,False,False,False,False,False,False,False
55179,0,10.0,1,11.0,3.0,5,1,3,0,17.0,1.0,2.0,9.0,183.1,True,False,False,False,False,True,False,False,True,False,True,False,False,False,False,True
50849,0,8.0,1,6.0,2.0,4,2,1,0,12.0,1.0,1.0,0.0,153.63,True,False,False,False,True,False,False,False,False,False,True,False,False,False,False,False
53454,0,8.0,3,17.0,3.0,4,3,3,1,20.0,1.0,2.0,1.0,147.2,False,True,False,False,False,True,False,False,False,False,False,False,True,False,False,False
52681,0,12.0,1,25.0,2.0,3,1,9,0,14.0,0.0,2.0,2.0,139.02,False,True,False,False,False,False,False,True,True,False,True,False,False,False,True,False
50663,0,28.0,1,8.0,3.0,3,4,4,0,18.0,1.0,1.0,3.0,209.76,False,False,False,False,False,True,False,False,True,False,False,False,False,False,False,False
51888,0,11.0,1,6.0,2.0,3,3,5,1,14.0,0.0,1.0,0.0,178.61,True,False,False,False,False,True,False,False,False,False,False,False,False,False,False,True
50230,0,3.0,3,31.0,2.0,3,3,8,1,12.0,1.0,2.0,2.0,147.36,False,False,True,False,False,False,False,False,False,False,True,False,False,False,False,False
52439,0,15.0,1,8.0,2.0,3,1,3,1,14.0,4.0,13.0,9.0,201.24,False,False,False,False,False,True,False,False,True,False,False,False,False,False,True,False
55106,0,24.0,1,35.0,3.0,4,5,6,1,15.0,1.0,2.0,3.0,293.8,True,False,False,False,False,True,False,False,False,True,False,False,False,False,True,False
51620,0,0.0,1,9.0,3.0,4,3,2,0,17.0,1.0,1.0,0.0,132.3,False,True,False,False,False,False,False,False,True,False,False,True,False,False,False,True
51953,1,12.0,3,17.0,2.0,3,1,2,0,18.0,0.0,7.0,7.0,176.54,True,False,False,False,False,False,True,False,False,False,False,False,False,False,True,False
50879,0,0.0,1,6.0,2.0,3,2,5,0,11.0,1.0,1.0,2.0,132.29,False,True,True,False,False,False,False,False,True,False,False,True,False,False,False,False
55008,0,8.0,1,8.0,4.0,5,5,2,0,21.0,1.0,5.0,10.0,178.43,False,False,False,False,True,False,False,False,True,False,True,False,False,False,False,True
54058,0,1.0,1,9.0,3.0,4,4,3,0,12.0,2.0,2.0,3.0,147.26,False,True,True,False,False,False,False,False,True,False,False,False,True,False,True,False
50885,0,30.0,1,6.0,3.0,3,5,4,1,15.0,1.0,1.0,5.0,297.01,True,False,False,False,True,False,False,False,False,False,False,False,False,True,False,False
55502,0,5.0,1,27.0,3.0,4,3,3,0,12.0,1.0,2.0,3.0,166.97,True,False,False,False,False,True,False,False,True,False,True,False,False,False,True,False
52370,0,20.0,1,8.0,2.0,3,3,4,0,19.0,1.0,5.0,6.0,271.69,True,False,False,False,True,False,False,False,False,True,False,False,False,False,True,False
50072,0,8.0,1,8.0,2.0,3,4,6,0,11.0,1.0,1.0,2.0,144.25,False,False,False,False,True,False,False,False,False,False,True,False,False,False,False,True
54748,0,26.0,1,18.0,3.0,4,3,10,0,21.0,2.0,2.0,5.0,156.49,True,False,False,False,False,True,False,False,False,False,True,False,False,False,True,False
53542,0,30.0,1,11.0,4.0,4,5,6,0,14.0,1.0,5.0,3.0,324.43,True,False,False,True,False,False,False,False,False,False,False,False,False,True,True,False
51631,0,9.0,1,6.0,2.0,3,1,2,0,12.0,1.0,5.0,7.0,121.15,False,True,False,False,False,True,False,False,False,False,False,True,False,False,False,True
53867,0,23.0,1,29.0,4.0,4,4,5,0,17.0,1.0,2.0,3.0,289.13,True,False,False,False,False,False,False,True,False,True,False,False,False,False,True,False
52027,0,11.0,1,6.0,3.0,3,5,2,0,13.0,4.0,2.0,11.0,235.82,True,False,False,True,False,False,False,False,False,False,False,False,False,False,True,False
51663,1,15.0,1,14.0,2.0,4,4,3,0,15.0,7.0,7.0,7.0,149.41,False,True,False,False,True,False,False,False,True,False,True,False,False,False,True,False
55282,0,10.0,3,8.0,4.0,4,3,8,0,14.0,2.0,2.0,1.0,193.15,True,False,False,False,False,True,False,False,False,False,True,False,False,False,False,True
51695,0,2.0,3,8.0,3.0,3,3,2,0,14.0,1.0,1.0,2.0,146.49,False,False,False,False,False,True,False,False,True,False,True,False,False,False,True,False
53654,0,12.0,3,9.0,3.0,4,5,5,0,16.0,1.0,2.0,8.0,193.93,True,False,False,False,False,True,False,False,False,False,True,False,False,False,True,False
51353,0,3.0,1,30.0,3.0,3,3,2,0,22.0,1.0,1.0,0.0,126.93,False,True,False,False,False,True,False,False,True,False,False,True,False,False,True,False
51422,0,8.0,3,6.0,2.0,4,5,1,0,14.0,1.0,2.0,8.0,143.12,False,True,False,False,False,False,True,False,True,False,True,False,False,False,False,True
53548,1,8.0,1,17.0,4.0,4,3,3,1,12.0,2.0,2.0,3.0,154.36,True,False,False,False,False,True,False,False,True,False,False,False,True,False,False,True
53735,0,23.0,1,12.0,4.0,4,3,4,0,15.0,1.0,2.0,3.0,191.51,True,False,True,False,False,False,False,False,True,False,True,False,False,False,False,False
50145,0,9.0,1,12.0,2.0,3,2,1,0,11.0,4.0,10.0,11.0,132.1,False,True,False,False,False,True,False,False,True,False,False,True,False,False,False,False
50873,1,0.0,1,14.0,2.0,3,3,2,1,13.0,3.0,7.0,7.0,123.94,False,True,False,False,False,True,False,False,False,False,False,True,False,False,False,True
55099,0,31.0,1,30.0,3.0,4,3,3,0,13.0,2.0,3.0,3.0,148.72,False,True,False,False,False,True,False,False,True,False,False,False,True,False,True,False
52940,0,19.0,1,14.0,4.0,3,3,6,0,18.0,1.0,2.0,3.0,189.34,False,False,False,False,False,True,False,False,True,False,True,False,False,False,False,False
52121,0,16.0,3,31.0,3.0,4,1,6,0,13.0,1.0,1.0,0.0,207.98000000000002,True,False,False,False,True,False,False,False,True,False,False,False,False,False,True,False
50346,0,0.0,3,14.0,2.0,3,2,1,0,13.0,0.0,2.0,1.0,124.0,False,False,False,False,False,False,False,False,True,False,False,True,False,False,False,False
51914,1,18.0,1,8.0,3.0,3,5,6,1,15.0,1.0,1.0,4.0,298.59,True,False,False,False,True,False,False,False,True,False,False,False,False,True,True,False
52062,0,14.0,1,15.0,3.0,3,3,3,0,15.0,0.0,1.0,11.0,294.19,False,False,False,False,True,False,False,False,True,False,False,False,False,True,True,False
53752,0,1.0,3,20.0,4.0,4,4,3,0,14.0,1.0,2.0,1.0,145.33,False,False,False,False,False,True,False,False,False,False,False,False,True,False,False,False
53159,0,26.0,1,13.0,4.0,4,5,5,1,13.0,3.0,7.0,10.0,180.77,True,False,True,False,False,False,False,False,True,False,True,False,False,False,True,False
50818,0,9.0,1,16.0,3.0,3,3,4,0,12.0,0.0,1.0,7.0,170.94,True,False,True,False,False,False,False,False,False,False,False,False,False,False,False,False
53999,0,12.0,3,9.0,4.0,6,1,4,1,21.0,1.0,2.0,4.0,179.05,True,False,False,False,False,False,True,False,False,False,True,False,False,False,True,False
53207,0,1.0,1,11.0,3.0,3,5,4,0,17.0,1.0,2.0,3.0,153.19,True,False,False,False,True,False,False,False,True,False,False,False,True,False,False,False
51642,1,9.0,1,9.0,2.0,3,3,2,0,13.0,1.0,1.0,0.0,114.19999999999999,True,False,False,False,False,True,False,False,True,False,False,False,True,False,False,True
50846,0,0.0,3,14.0,3.0,1,2,9,0,14.0,1.0,1.0,0.0,125.34,False,True,False,False,False,False,False,False,False,False,False,True,False,False,False,False
51400,0,0.0,3,29.0,2.0,4,1,8,1,19.0,0.0,1.0,0.0,141.57,False,True,False,False,False,False,True,False,False,False,True,False,False,False,True,False
55102,0,4.0,1,13.0,3.0,5,1,2,0,13.0,6.0,7.0,8.0,171.27,True,False,True,False,False,False,False,False,False,False,True,False,False,False,True,False
52331,1,0.0,1,28.0,3.0,3,3,2,1,15.0,5.0,6.0,7.0,161.79,True,False,False,False,True,False,False,False,True,False,True,False,False,False,True,False
50710,0,7.0,3,15.0,3.0,3,3,2,0,20.0,1.0,1.0,3.0,157.14,True,False,False,False,False,True,False,False,False,False,True,False,False,False,False,False
52595,1,0.0,3,15.0,3.0,5,4,2,0,13.0,2.0,2.0,2.0,127.6,False,True,False,False,False,False,True,False,False,False,False,True,False,False,False,True
53689,0,1.0,1,9.0,3.0,5,2,2,0,13.0,1.0,2.0,2.0,164.04,True,False,False,False,True,False,False,False,True,False,False,False,True,False,False,True
55613,1,14.0,3,8.0,4.0,4,3,9,0,13.0,2.0,2.0,2.0,192.28,False,False,False,False,False,True,False,False,True,False,True,False,False,False,True,False
52021,0,4.0,3,14.0,2.0,4,3,4,0,15.0,2.0,5.0,2.0,123.28999999999999,False,True,False,False,False,True,False,False,True,False,False,True,False,False,True,False
52142,1,0.0,1,10.0,2.0,3,1,2,1,15.0,4.0,5.0,6.0,136.91,False,True,True,False,False,False,False,False,True,False,False,False,True,False,True,False
54896,0,22.0,1,13.0,4.0,5,3,4,0,14.0,1.0,3.0,3.0,167.4,True,False,False,False,False,True,False,False,True,False,True,False,False,False,False,True
51499,0,18.0,1,14.0,2.0,3,4,9,0,18.0,1.0,1.0,14.5,123.47999999999999,False,True,False,False,False,True,False,False,True,False,True,False,False,False,True,False
52561,0,8.0,1,8.0,3.0,4,1,1,1,14.0,1.0,1.0,4.0,149.3,False,False,False,False,True,False,False,False,True,False,False,False,True,False,False,True
55430,0,17.0,2,9.0,4.0,4,1,2,0,14.0,2.0,2.0,9.0,160.39,True,False,False,False,False,True,False,False,True,False,False,False,True,False,False,True
55252,0,7.0,1,32.0,3.0,5,4,3,0,14.0,2.0,2.0,3.0,168.2,True,False,False,False,False,True,False,False,True,False,True,False,False,False,False,True
54607,0,15.0,3,17.0,3.0,4,1,9,0,15.0,1.0,2.0,11.0,187.3,False,False,False,False,False,True,False,False,True,False,True,False,False,False,False,True
51747,0,29.0,3,12.0,2.0,1,5,10,0,11.0,6.0,2.0,7.0,232.12,False,False,False,False,False,True,False,False,False,True,False,False,False,False,True,False
51273,0,27.0,1,15.0,3.0,3,3,4,0,11.0,0.0,2.0,3.0,128.97,False,True,False,False,False,True,False,False,False,False,True,False,False,False,True,False
50135,1,0.0,1,35.0,3.0,4,4,1,0,11.0,1.0,1.0,4.0,134.79,False,False,False,False,False,False,False,False,True,False,False,True,False,False,False,True
50514,0,0.0,3,10.0,2.0,4,5,2,0,12.0,1.0,1.0,3.0,142.56,False,True,False,False,False,False,True,False,True,False,True,False,False,False,False,False
54707,0,3.0,3,17.0,4.0,4,3,3,0,12.0,2.0,2.0,1.0,151.42,True,False,False,False,False,True,False,False,True,False,False,False,True,False,False,True
53682,0,6.0,3,9.0,3.0,4,4,2,1,14.0,1.0,2.0,3.0,165.78,True,False,False,False,False,False,True,False,True,False,True,False,False,False,False,False
51957,0,8.0,1,13.0,2.0,3,3,4,0,21.0,0.0,1.0,6.0,202.21,True,False,False,False,False,False,False,True,True,False,False,False,False,False,False,True
52650,0,13.0,1,18.0,2.0,3,5,3,0,12.0,1.0,7.0,7.0,144.48,False,True,False,False,False,True,False,False,False,False,True,False,False,False,True,False
52068,0,11.0,1,16.0,3.0,3,3,1,0,17.0,0.0,1.0,2.0,126.84,False,False,False,False,False,False,False,False,True,False,False,True,False,False,True,False
54936,0,17.0,3,32.0,4.0,5,1,7,0,14.0,2.0,2.0,1.0,232.98000000000002,True,False,False,False,True,False,False,False,True,False,False,False,False,False,True,False
53105,1,1.0,3,7.0,4.0,4,4,3,1,17.0,2.0,2.0,5.0,157.02,True,False,True,False,False,False,False,False,False,False,False,False,True,False,False,True
50648,0,29.0,1,15.0,3.0,3,3,3,0,19.0,0.0,1.0,3.0,129.42,False,False,False,False,False,False,False,False,False,False,False,True,False,False,False,False
54826,0,21.0,3,9.0,4.0,5,1,3,1,19.0,1.0,2.0,3.0,157.94,True,False,False,False,False,True,False,False,False,False,False,False,True,False,False,True
54581,0,3.0,1,10.0,4.0,5,3,3,0,19.0,1.0,2.0,8.0,244.35000000000002,True,False,False,False,True,False,False,False,True,False,False,False,False,False,True,False
51902,0,26.0,1,14.0,2.0,3,1,3,0,17.0,2.0,2.0,2.0,124.5,False,True,False,False,False,True,False,False,True,False,True,False,False,False,False,True
50021,1,0.0,3,12.0,3.0,5,3,5,1,18.0,6.0,7.0,7.0,161.72,True,False,False,False,False,True,False,False,True,False,True,False,False,False,False,False
52936,0,5.0,1,10.0,4.0,4,3,11,0,13.0,1.0,3.0,3.0,261.75,False,False,False,False,True,False,False,False,True,False,False,False,False,False,True,False
53477,0,1.0,1,15.0,3.0,6,3,3,0,20.0,2.0,2.0,3.0,171.21,False,False,False,False,False,True,False,False,True,False,False,False,True,False,False,False
54967,0,26.0,1,6.0,3.0,4,4,9,0,20.0,3.0,5.0,3.0,229.45,True,False,False,False,False,True,False,False,True,False,False,False,False,False,False,True
54613,0,19.0,3,9.0,4.0,4,4,2,0,20.0,4.0,4.0,8.0,173.05,True,False,False,False,False,False,False,True,True,False,True,False,False,False,True,False
52435,0,10.0,1,19.0,2.0,3,1,2,0,17.0,2.0,3.0,7.0,142.85,False,True,False,False,True,False,False,False,True,False,True,False,False,False,True,False
50524,0,10.0,3,27.0,3.0,3,2,6,0,15.0,1.0,1.0,0.0,129.73,False,False,False,False,False,False,False,False,False,False,False,True,False,False,False,False
51667,0,4.0,3,13.0,3.0,3,1,5,0,12.0,0.0,1.0,7.0,175.47,True,False,False,False,False,False,True,False,True,False,True,False,False,False,True,False
52340,0,25.0,1,34.0,2.0,1,3,3,1,11.0,1.0,2.0,2.0,232.47000000000003,False,False,False,False,True,False,False,False,False,True,False,False,False,False,True,False
52359,0,3.0,3,13.0,3.0,3,5,8,0,14.0,1.0,1.0,2.0,147.79,False,True,False,False,False,False,True,False,False,False,True,False,False,False,True,False
51735,0,10.0,1,16.0,2.0,3,4,3,1,12.0,0.0,1.0,1.0,141.97,False,True,False,False,False,True,False,False,True,False,True,False,False,False,False,True
50300,0,30.0,3,35.0,2.0,4,2,4,0,12.0,0.0,2.0,0.0,241.18,True,False,False,False,False,False,True,False,True,True,False,False,False,False,True,False
54527,1,5.0,3,11.0,3.0,4,4,3,0,19.0,5.0,8.0,3.0,218.55,False,False,False,False,False,False,True,False,True,False,True,False,False,False,False,True
53971,0,11.0,2,15.0,3.0,4,4,4,0,14.0,5.0,5.0,8.0,165.71,True,False,False,False,False,False,False,True,True,False,True,False,False,False,True,False
52979,1,1.0,1,23.0,3.0,4,4,4,1,14.0,2.0,2.0,3.0,148.73,False,True,False,False,True,False,False,False,True,False,False,False,True,False,True,False
51002,0,23.0,3,5.0,2.0,3,3,5,1,15.0,0.0,1.0,0.0,293.31,True,False,False,False,False,False,True,False,True,False,False,False,False,True,True,False
50200,0,3.0,1,34.0,3.0,3,2,2,0,13.0,0.0,1.0,9.0,157.75,True,False,False,False,True,False,False,False,False,False,True,False,False,False,False,False
55240,0,13.0,1,13.0,3.0,4,4,6,0,19.0,3.0,3.0,3.0,208.76,True,False,False,False,False,True,False,False,False,False,False,False,False,False,False,True
51556,1,0.0,3,10.0,2.0,5,1,2,0,11.0,6.0,9.0,8.0,204.0,True,False,False,False,True,False,False,False,True,False,False,False,False,False,True,False
53388,0,3.0,3,27.0,3.0,4,2,3,0,16.0,1.0,2.0,3.0,146.57,False,False,True,False,False,False,False,False,False,False,False,False,True,False,False,False
51117,0,5.0,3,25.0,3.0,5,3,4,0,13.0,1.0,1.0,2.0,196.1,True,False,False,False,False,True,False,False,True,False,False,False,False,False,True,False
50738,0,9.0,1,23.0,3.0,5,3,3,0,13.0,1.0,1.0,0.0,122.9,False,False,False,False,False,True,False,False,True,False,False,True,False,False,False,True
53223,0,21.0,3,21.0,3.0,4,5,4,0,13.0,1.0,2.0,8.0,174.6,True,False,False,False,False,False,True,False,True,False,True,False,False,False,False,True
55197,1,1.0,1,9.0,4.0,4,1,8,1,14.0,1.0,3.0,3.0,162.22,False,False,False,False,False,True,False,False,True,False,False,False,True,False,True,False
53587,0,5.0,1,31.0,4.0,5,5,3,0,20.0,1.0,2.0,9.0,193.12,True,False,False,False,True,False,False,False,False,False,True,False,False,False,False,True
55287,0,24.0,3,16.0,3.0,4,3,6,1,15.0,1.0,2.0,1.0,318.31,True,False,False,False,False,False,True,False,True,False,False,False,False,True,True,False
51187,0,9.0,1,20.0,2.0,3,3,2,0,16.0,1.0,1.0,0.0,115.13999999999999,False,False,False,False,True,False,False,False,False,False,False,False,True,False,False,True
54764,0,19.0,1,9.0,4.0,5,3,3,0,15.0,2.0,2.0,1.0,147.74,False,True,False,False,False,True,False,False,False,False,False,False,True,False,False,True
54211,1,12.0,1,7.0,4.0,5,3,11,1,14.0,1.0,2.0,1.0,178.81,True,False,False,False,False,True,False,False,True,False,False,False,False,False,False,True
50065,0,24.0,1,9.0,3.0,3,4,4,0,18.0,0.0,2.0,0.0,237.33999999999997,True,False,False,False,True,False,False,False,False,True,False,False,False,False,False,True
50855,0,7.0,1,35.0,2.0,3,3,5,0,13.0,0.0,7.0,7.0,154.29,True,False,False,False,True,False,False,False,True,False,True,False,False,False,False,False
54676,0,9.0,1,10.0,3.0,5,3,3,0,19.0,2.0,2.0,1.0,137.81,False,False,False,False,False,True,False,False,True,False,False,False,True,False,True,False
52688,0,7.0,3,10.0,3.0,3,1,3,1,13.0,0.0,1.0,0.0,197.13,True,False,False,False,False,True,False,False,True,False,False,False,False,False,True,False
52421,0,5.0,1,16.0,3.0,3,1,3,0,25.0,0.0,1.0,3.0,212.44,True,False,False,False,True,False,False,False,True,False,False,False,False,False,False,True
52760,0,20.0,1,31.0,2.0,3,3,3,0,23.0,9.0,12.0,11.0,186.33,True,False,False,False,True,False,False,False,True,False,False,False,False,False,False,True
53450,0,19.0,2,31.0,3.0,4,4,3,0,17.0,1.0,2.0,5.0,146.77,False,True,False,False,True,False,False,False,True,False,False,False,True,False,False,True
51540,0,18.0,1,8.0,3.0,4,1,10,0,23.0,1.0,11.0,8.0,267.92,False,False,False,False,True,False,False,False,True,True,False,False,False,False,True,False
51361,0,2.0,1,27.0,2.0,1,5,2,0,11.0,6.0,8.0,8.0,199.8,True,False,False,False,False,True,False,False,False,False,False,False,False,False,True,False
54368,0,10.0,1,25.0,4.0,4,1,3,0,14.0,1.0,2.0,8.0,146.53,False,False,False,False,True,False,False,False,False,False,False,False,True,False,False,True
53779,0,16.0,1,9.0,4.0,5,4,6,0,15.0,2.0,2.0,1.0,173.41,True,False,False,False,True,False,False,False,True,False,False,False,True,False,True,False
51925,0,7.0,1,8.0,2.0,4,5,2,0,11.0,1.0,1.0,3.0,143.81,False,True,False,False,True,False,False,False,False,False,False,False,True,False,False,True
50747,1,9.0,1,23.0,3.0,3,4,2,0,13.0,0.0,1.0,0.0,122.1,False,True,False,False,False,True,False,False,False,False,False,True,False,False,False,False
51813,0,10.0,3,15.0,3.0,3,4,2,0,13.0,1.0,7.0,7.0,188.34,False,False,False,False,True,False,False,False,True,False,False,False,False,False,True,False
50232,0,15.0,1,8.0,3.0,4,2,4,0,23.0,0.0,1.0,0.0,167.81,True,False,False,False,False,False,False,True,True,False,True,False,False,False,False,True
52269,0,7.0,2,17.0,2.0,4,4,5,0,11.0,0.0,1.0,8.0,144.9,False,False,False,False,False,True,False,False,True,False,True,False,False,False,True,False
50557,0,11.0,1,6.0,3.0,3,5,2,0,13.0,3.0,2.0,11.0,235.82,True,False,False,True,False,False,False,False,False,False,False,False,False,False,False,False
54678,0,1.0,3,15.0,3.0,2,4,2,0,23.0,2.0,2.0,3.0,173.51,True,False,False,False,False,True,False,False,True,False,True,False,False,False,True,False
50836,0,14.0,3,6.0,3.0,3,5,1,0,17.0,0.0,1.0,7.0,141.03,False,False,False,False,False,False,True,False,False,False,True,False,False,False,True,False
50716,0,9.0,1,6.0,2.0,4,3,7,0,12.0,1.0,1.0,7.0,122.58000000000001,False,True,False,False,False,False,False,False,True,False,False,True,False,False,False,False
50794,0,24.0,3,15.0,2.0,3,4,5,1,15.0,2.0,11.0,10.0,298.47,False,False,False,False,False,True,False,False,True,False,False,False,False,True,True,False
53466,0,17.0,3,32.0,4.0,5,2,7,0,14.0,2.0,2.0,1.0,259.0,True,False,False,False,True,False,False,False,True,False,False,False,False,False,True,False
53481,0,7.0,1,12.0,3.0,5,2,6,0,16.0,1.0,2.0,3.0,196.19,True,False,False,False,False,True,False,False,True,False,False,False,False,False,True,False
51378,0,9.0,1,15.0,2.0,4,3,2,0,13.0,0.0,1.0,8.0,122.06,False,True,False,False,False,False,False,False,True,False,False,True,False,False,False,True
55281,0,12.0,3,23.0,3.0,4,4,4,0,13.0,2.0,2.0,3.0,166.98,True,False,False,False,False,True,False,False,False,False,True,False,False,False,False,True
50054,0,19.0,3,6.0,3.0,3,5,2,0,25.0,4.0,15.0,7.0,204.53,True,False,False,False,False,False,True,False,False,False,False,False,False,False,True,False
54922,1,1.0,1,22.0,3.0,4,3,9,0,15.0,1.0,2.0,1.0,173.34,True,False,False,False,False,False,False,True,True,False,True,False,False,False,True,False
51576,0,25.0,1,8.0,2.0,4,1,8,0,15.0,2.0,2.0,2.0,132.12,False,True,False,False,False,True,False,False,False,False,False,True,False,False,False,True
54255,0,6.0,3,13.0,3.0,4,3,3,0,17.0,6.0,6.0,8.0,175.1,True,False,False,False,True,False,False,False,True,False,True,False,False,False,False,True
53167,0,1.0,1,24.0,4.0,5,4,3,0,22.0,2.0,2.0,1.0,146.27,False,True,False,False,False,False,False,True,True,False,False,False,True,False,False,False
53170,1,1.0,1,14.0,3.0,4,3,3,1,17.0,1.0,2.0,3.0,153.86,False,False,False,False,False,True,False,False,False,False,False,False,True,False,False,False
53950,0,1.0,1,23.0,3.0,2,3,5,0,17.0,2.0,2.0,8.0,177.94,True,False,False,False,False,True,False,False,True,False,True,False,False,False,True,False
51112,1,0.0,3,19.0,3.0,4,5,6,1,13.0,2.0,2.0,2.0,161.34,True,False,False,False,False,False,True,False,True,False,True,False,False,False,True,False
55185,0,21.0,1,9.0,3.0,4,3,5,0,15.0,3.0,6.0,7.0,296.69,True,False,False,False,True,False,False,False,False,True,False,False,False,False,True,False
55055,0,28.0,1,10.0,3.0,4,1,5,0,15.0,1.0,2.0,10.0,302.79,True,False,False,False,False,True,False,False,True,True,False,False,False,False,True,False
55265,0,3.0,1,16.0,4.0,2,3,8,0,19.0,1.0,2.0,1.0,149.51,True,False,False,False,False,True,False,False,True,False,False,False,True,False,True,False
53670,0,8.0,1,36.0,3.0,4,3,6,0,14.0,1.0,8.0,8.0,179.29,True,False,False,False,True,False,False,False,True,False,True,False,False,False,False,False
55142,1,1.0,3,25.0,4.0,4,3,2,1,19.0,1.0,4.0,3.0,171.14,False,False,False,False,False,False,True,False,False,False,True,False,False,False,True,False
55478,0,1.0,1,12.0,3.0,4,1,2,1,15.0,2.0,2.0,3.0,148.79,False,False,False,False,False,True,False,False,False,False,False,False,True,False,False,True
53357,1,1.0,1,10.0,3.0,4,3,2,1,20.0,2.0,2.0,3.0,166.71,True,False,False,False,False,True,False,False,False,False,True,False,False,False,False,False
51264,0,5.0,1,21.0,2.0,3,1,6,0,18.0,0.0,1.0,2.0,166.67,False,False,False,False,True,False,False,False,False,False,True,False,False,False,True,False
51513,0,3.0,3,11.0,2.0,3,1,3,0,12.0,1.0,7.0,4.0,194.19,True,False,False,False,False,True,False,False,False,False,False,False,False,False,True,False
54781,0,9.0,1,34.0,3.0,5,5,3,0,12.0,1.0,2.0,2.0,150.59,True,False,False,False,True,False,False,False,False,False,False,False,True,False,False,True
50971,0,6.0,1,34.0,3.0,3,3,2,1,12.0,1.0,5.0,7.0,152.07,True,False,False,False,False,True,False,False,True,False,True,False,False,False,True,False
52534,0,2.0,3,11.0,2.0,4,4,2,1,13.0,0.0,1.0,9.0,141.87,False,True,False,False,True,False,False,False,True,False,True,False,False,False,True,False
54785,0,27.0,3,14.0,4.0,5,1,9,1,19.0,1.0,2.0,5.0,234.33999999999997,True,False,False,False,False,False,True,False,False,False,False,False,False,False,True,False
53589,0,17.0,1,10.0,4.0,6,2,5,0,15.0,2.0,2.0,8.0,322.4,True,False,False,False,False,True,False,False,True,False,False,False,False,True,False,False
54312,0,9.0,3,7.0,4.0,4,4,3,0,14.0,1.0,2.0,7.0,197.95,True,False,False,False,False,False,True,False,True,False,False,False,False,False,True,False
50680,0,21.0,1,6.0,2.0,1,2,3,0,22.0,1.0,2.0,1.0,268.85,False,False,False,False,True,False,False,False,True,True,False,False,False,False,False,True
51629,0,28.0,1,26.0,2.0,3,1,4,1,19.0,0.0,1.0,8.0,154.15,True,False,True,False,False,False,False,False,True,False,True,False,False,False,True,False
50507,0,17.0,1,14.0,3.0,1,2,3,1,24.0,1.0,1.0,2.0,128.18,False,True,False,False,False,True,False,False,True,False,False,True,False,False,False,False
55033,0,7.0,3,32.0,3.0,4,3,3,0,13.0,1.0,2.0,2.0,170.39,False,False,False,False,True,False,False,False,False,False,True,False,False,False,True,False
53020,0,21.0,1,12.0,3.0,4,3,6,0,15.0,1.0,2.0,2.0,308.0,True,False,False,False,False,True,False,False,True,False,False,False,False,True,False,False
51670,0,3.0,1,34.0,3.0,3,1,2,0,13.0,1.0,1.0,9.0,157.75,True,False,False,False,True,False,False,False,False,False,True,False,False,False,True,False
55504,0,3.0,1,14.0,3.0,4,5,5,0,15.0,1.0,2.0,3.0,145.62,False,True,False,False,False,True,False,False,True,False,False,False,True,False,False,True
51355,0,9.0,1,33.0,3.0,3,3,7,0,13.0,0.0,7.0,7.0,152.37,True,False,False,False,True,False,False,False,True,False,True,False,False,False,True,False
54690,0,12.0,1,7.0,3.0,2,1,2,0,14.0,1.0,2.0,9.0,201.25,True,False,False,False,False,True,False,False,False,False,True,False,False,False,False,True
54195,1,1.0,1,7.0,4.0,4,1,4,1,17.0,1.0,3.0,1.0,147.93,False,True,False,False,True,False,False,False,True,False,False,False,True,False,True,False
55121,0,15.0,3,8.0,4.0,4,5,2,0,18.0,1.0,2.0,8.0,166.03,False,False,False,False,False,False,True,False,False,False,True,False,False,False,True,False
53756,0,29.0,1,11.0,2.0,4,3,2,1,17.0,1.0,2.0,3.0,165.35,True,False,False,False,False,True,False,False,True,False,True,False,False,False,False,False
50966,0,2.0,1,14.0,2.0,5,5,4,0,13.0,0.0,1.0,7.0,197.15,True,False,False,False,False,False,False,True,False,False,True,False,False,False,True,False
51778,0,7.0,1,8.0,3.0,4,3,4,0,12.0,3.0,5.0,7.0,127.68,False,True,False,False,False,True,False,False,True,False,False,True,False,False,True,False
50220,0,8.0,1,11.0,3.0,3,4,1,0,13.0,0.0,1.0,13.0,180.95,True,False,True,False,False,False,False,False,True,False,False,False,False,False,False,True
54875,0,24.0,1,7.0,4.0,4,1,11,0,15.0,1.0,2.0,4.0,298.99,True,False,False,False,True,False,False,False,True,True,False,False,False,False,True,False
55558,0,28.0,1,16.0,4.0,4,3,5,0,12.0,2.0,3.0,4.0,153.97,True,False,False,False,False,True,False,False,False,False,True,False,False,False,True,False
55111,0,5.0,3,9.0,3.0,4,3,3,1,20.0,9.0,10.0,3.0,223.52,False,False,False,False,False,True,False,False,False,False,False,False,False,False,True,False
53634,0,20.0,2,7.0,3.0,4,5,8,0,13.0,4.0,6.0,8.0,159.23,True,False,False,False,False,True,False,False,False,False,False,False,True,False,False,True
53737,0,18.0,1,27.0,3.0,4,4,3,0,14.0,2.0,2.0,4.0,159.2,True,False,False,False,False,True,False,False,True,False,False,False,True,False,False,True
51605,1,0.0,1,35.0,3.0,4,4,1,0,11.0,0.0,1.0,4.0,134.79,False,False,False,False,True,False,False,False,True,False,False,True,False,False,False,True
53786,0,7.0,1,35.0,4.0,4,3,3,1,13.0,2.0,6.0,8.0,177.07,True,False,False,False,False,True,False,False,True,False,True,False,False,False,True,False
55255,0,14.0,3,16.0,3.0,4,5,2,0,13.0,8.0,8.0,2.0,179.73,True,False,False,False,True,False,False,False,True,False,True,False,False,False,True,False
53887,0,15.0,3,30.0,4.0,4,3,5,1,17.0,1.0,2.0,3.0,195.82,True,False,False,False,False,True,False,False,True,False,False,False,False,False,False,True
55059,0,17.0,1,10.0,4.0,6,1,5,0,15.0,2.0,2.0,8.0,322.4,True,False,False,False,False,True,False,False,True,False,False,False,False,True,True,False
55170,0,31.0,1,8.0,4.0,4,5,5,1,15.0,2.0,2.0,6.0,322.01,True,False,False,False,True,False,False,False,False,False,False,False,False,True,True,False
55305,0,5.0,3,9.0,3.0,4,5,9,0,14.0,2.0,2.0,4.0,178.32,False,False,False,False,False,False,False,True,True,False,True,False,False,False,False,True
55203,0,18.0,1,12.0,3.0,5,3,5,0,15.0,1.0,2.0,4.0,156.62,False,False,False,False,False,True,False,False,True,False,False,False,True,False,False,True
50191,0,16.0,1,14.0,2.0,3,2,1,0,19.0,0.0,1.0,7.0,124.55000000000001,False,False,False,False,False,True,False,False,False,False,False,True,False,False,False,True
55079,0,25.0,3,16.0,3.0,4,4,6,1,25.0,7.0,12.0,11.0,323.47,False,False,False,False,False,True,False,False,True,False,False,False,False,True,True,False
51342,0,12.0,1,12.0,2.0,4,5,5,0,15.0,1.0,1.0,7.0,199.91,True,False,False,False,True,False,False,False,True,False,False,False,False,False,True,False
52242,0,4.0,1,30.0,3.0,4,5,2,0,19.0,1.0,1.0,8.0,168.12,True,False,False,False,True,False,False,False,False,False,True,False,False,False,False,True
50222,0,14.0,1,12.0,3.0,4,4,7,1,15.0,1.0,1.0,2.0,160.32,True,False,False,False,True,False,False,False,True,False,True,False,False,False,False,True
50862,0,12.0,3,27.0,2.0,4,2,4,1,12.0,0.0,1.0,4.0,161.2,True,False,False,False,False,True,False,False,True,False,True,False,False,False,False,False
50724,0,8.0,1,14.0,2.0,4,2,2,0,13.0,2.0,2.0,2.0,123.75999999999999,False,False,False,False,False,False,False,True,True,False,False,True,False,False,False,False
53847,0,14.0,1,22.0,4.0,5,3,3,0,14.0,2.0,15.0,3.0,229.35,True,False,False,False,False,True,False,False,False,False,False,False,False,False,True,False
50707,1,0.0,1,14.0,3.0,3,3,2,0,12.0,2.0,2.0,2.0,126.1,False,False,False,False,False,False,False,False,True,False,False,True,False,False,False,False
53090,0,5.0,1,7.0,4.0,5,5,3,0,13.0,1.0,4.0,3.0,147.18,False,True,False,False,False,True,False,False,True,False,False,False,True,False,False,False
55503,0,8.0,3,11.0,4.0,4,1,4,1,14.0,1.0,2.0,3.0,222.13,True,False,False,False,False,True,False,False,True,False,False,False,False,False,True,False
53857,0,22.0,1,11.0,3.0,5,1,4,0,26.0,1.0,3.0,3.0,277.02,False,False,False,False,True,False,False,False,True,True,False,False,False,False,True,False
51222,0,18.0,1,31.0,3.0,4,1,1,0,13.0,0.0,3.0,8.0,159.06,True,False,False,False,False,True,False,False,False,False,True,False,False,False,True,False
50955,0,12.0,1,12.0,2.0,3,4,5,0,18.0,0.0,2.0,2.0,183.76,True,False,False,False,False,True,False,False,False,False,False,False,False,False,False,True
54698,0,1.0,1,17.0,3.0,4,5,3,0,22.0,1.0,2.0,3.0,212.93,False,False,False,False,False,True,False,False,True,False,False,False,False,False,True,False
50495,0,6.0,3,6.0,2.0,1,5,2,0,22.0,0.0,1.0,8.0,140.37,False,True,False,False,True,False,False,False,True,False,True,False,False,False,True,False
55357,0,15.0,3,30.0,4.0,4,3,5,1,17.0,1.0,2.0,3.0,195.82,True,False,False,False,False,True,False,False,True,False,False,False,False,False,False,True
50852,0,29.0,1,29.0,3.0,3,4,5,1,12.0,11.0,2.0,9.0,234.01999999999998,True,False,False,False,False,True,False,False,True,True,False,False,False,False,False,False
52499,1,9.0,3,9.0,3.0,3,1,2,1,12.0,1.0,1.0,0.0,115.69,False,False,False,False,True,False,False,False,False,False,False,False,True,False,False,True
52619,1,0.0,1,14.0,3.0,3,5,2,1,17.0,0.0,1.0,0.0,123.97999999999999,False,True,False,False,False,False,False,False,False,False,False,True,False,False,True,False
53894,0,27.0,1,31.0,3.0,2,1,5,0,16.0,1.0,2.0,3.0,195.05,True,False,False,False,True,False,False,False,True,False,False,False,False,False,True,False
52253,0,17.0,3,11.0,2.0,3,4,8,0,11.0,1.0,3.0,10.0,282.13,True,False,False,False,False,False,True,False,True,False,False,False,False,True,True,False
54712,0,13.0,2,10.0,3.0,2,4,11,0,16.0,1.0,4.0,7.0,188.89,True,False,False,False,False,False,False,True,False,False,True,False,False,False,True,False
51488,0,11.0,1,9.0,2.0,3,3,4,1,20.0,2.0,2.0,2.0,143.17,False,True,True,False,False,False,False,False,False,False,True,False,False,False,False,True
54495,0,19.0,1,15.0,4.0,4,1,11,0,15.0,9.0,10.0,9.0,161.97,True,False,False,False,False,False,False,True,True,False,True,False,False,False,True,False
54030,1,1.0,1,14.0,4.0,4,4,3,1,24.0,2.0,2.0,1.0,149.72,True,False,False,False,False,True,False,False,True,False,False,False,True,False,False,True
52019,0,6.0,1,6.0,3.0,4,5,4,1,11.0,1.0,1.0,2.0,127.99000000000001,False,True,False,False,False,False,False,True,True,False,False,True,False,False,False,True
53630,1,1.0,1,14.0,4.0,4,3,3,0,19.0,2.0,2.0,2.0,173.83,True,False,False,False,False,True,False,False,True,False,True,False,False,False,False,False
53203,0,1.0,1,10.0,3.0,5,2,2,0,14.0,1.0,2.0,2.0,145.45,False,True,False,False,True,False,False,False,True,False,False,False,True,False,False,True
51082,0,0.0,1,14.0,3.0,3,1,2,0,20.0,5.0,5.0,7.0,125.69999999999999,False,False,False,False,False,False,False,False,True,False,False,True,False,False,False,True
53296,0,12.0,1,19.0,3.0,5,5,4,0,16.0,2.0,2.0,3.0,187.88,False,False,False,False,False,True,False,False,True,False,True,False,False,False,True,False
55158,1,1.0,1,24.0,3.0,4,3,3,1,14.0,5.0,8.0,8.0,148.94,False,True,False,False,False,True,False,False,False,False,False,False,True,False,False,True
51201,0,15.0,1,14.0,2.0,3,3,5,0,13.0,1.0,1.0,0.0,139.68,False,True,False,False,False,True,False,False,True,False,False,False,True,False,False,True
54364,0,14.0,1,26.0,2.0,4,1,10,1,16.0,4.0,4.0,8.0,152.41,True,False,False,False,True,False,False,False,True,False,True,False,False,False,True,False
50334,0,13.0,3,34.0,2.0,5,5,4,0,15.0,1.0,1.0,3.0,209.32,False,False,False,False,False,False,False,True,True,False,False,False,False,False,True,False
52830,1,10.0,3,16.0,4.0,5,2,3,0,17.0,1.0,5.0,3.0,221.19,True,False,False,False,True,False,False,False,True,False,False,False,False,False,False,True
55628,0,1.0,1,11.0,3.0,2,4,3,1,21.0,1.0,2.0,4.0,186.42,True,False,False,False,False,True,False,False,True,False,True,False,False,False,True,False
55345,0,28.0,1,29.0,4.0,4,3,5,0,15.0,4.0,5.0,8.0,299.26,True,False,False,False,True,False,False,False,False,True,False,False,False,False,True,False
55605,1,20.0,1,14.0,4.0,4,3,10,0,12.0,7.0,10.0,9.0,148.39,False,True,True,False,False,False,False,False,True,False,False,False,True,False,True,False
53228,0,1.0,1,17.0,3.0,4,5,3,0,22.0,2.0,2.0,3.0,212.93,False,False,False,False,False,True,False,False,True,False,False,False,False,False,True,False
53077,0,11.0,1,21.0,4.0,4,5,3,0,13.0,4.0,13.0,14.5,155.34,True,False,False,False,False,True,False,False,False,False,False,False,True,False,True,False
55101,1,3.0,1,30.0,4.0,4,5,2,0,14.0,1.0,2.0,4.0,164.04,True,False,False,False,True,False,False,False,True,False,False,False,True,False,False,True
53362,0,8.0,1,17.0,3.0,4,4,3,0,15.0,2.0,2.0,1.0,145.08,False,True,False,False,False,True,False,False,True,False,False,False,True,False,True,False
53130,1,1.0,1,27.0,4.0,4,3,5,0,13.0,2.0,2.0,3.0,223.24,False,False,False,False,False,True,False,False,True,False,False,False,False,False,False,False
54733,0,3.0,1,34.0,4.0,4,3,6,0,13.0,1.0,2.0,2.0,168.35,True,False,False,False,True,False,False,False,False,False,True,False,False,False,True,False
51692,0,14.0,1,12.0,3.0,4,4,7,1,15.0,1.0,1.0,2.0,160.32,True,False,False,False,True,False,False,False,True,False,True,False,False,False,False,True
54823,1,1.0,3,9.0,3.0,5,3,3,0,14.0,2.0,2.0,3.0,145.44,False,True,False,False,True,False,False,False,False,False,False,False,True,False,False,True
55587,0,6.0,1,36.0,3.0,5,4,3,0,14.0,1.0,5.0,2.0,153.37,True,False,False,False,False,True,False,False,False,False,False,False,True,False,False,True
51594,0,10.0,1,6.0,2.0,4,5,3,0,14.0,0.0,1.0,2.0,139.2,False,True,False,False,True,False,False,False,False,False,False,False,True,False,True,False
51761,1,0.0,3,14.0,2.0,5,3,1,0,16.0,0.0,1.0,0.0,123.50999999999999,False,False,False,False,False,False,True,False,False,False,False,True,False,False,True,False
53618,0,10.0,1,9.0,3.0,4,4,11,1,12.0,5.0,6.0,13.0,179.1,True,False,False,False,False,True,False,False,False,False,True,False,False,False,False,True
53412,0,24.0,1,31.0,4.0,4,3,5,1,19.0,1.0,2.0,6.0,264.73,True,False,False,False,False,True,False,False,True,True,False,False,False,False,False,False
54536,0,23.0,1,14.0,3.0,5,3,10,0,25.0,2.0,2.0,1.0,234.64999999999998,True,False,False,False,False,False,False,True,True,False,False,False,False,False,False,True
52729,0,9.0,1,15.0,3.0,1,4,2,0,22.0,1.0,1.0,2.0,128.1,False,False,False,False,False,True,False,False,True,False,False,True,False,False,True,False
55506,0,9.0,1,23.0,3.0,5,4,2,1,12.0,1.0,2.0,3.0,172.88,True,False,False,False,False,False,False,True,False,False,True,False,False,False,True,False
54738,0,11.0,1,17.0,3.0,4,5,2,1,14.0,5.0,5.0,4.0,152.82,True,False,False,False,False,True,False,False,False,False,False,False,True,False,True,False
53059,1,4.0,3,29.0,4.0,5,3,4,1,13.0,2.0,2.0,1.0,188.8,True,False,False,False,False,False,True,False,True,False,True,False,False,False,False,False
50904,0,9.0,1,11.0,2.0,1,3,3,1,12.0,1.0,1.0,3.0,121.27000000000001,False,True,False,False,False,False,False,False,True,False,False,True,False,False,False,False
53421,0,4.0,1,15.0,4.0,2,5,2,1,13.0,1.0,2.0,8.0,239.16000000000003,True,False,False,False,False,True,False,False,False,False,False,False,False,False,False,False
52935,0,19.0,1,7.0,4.0,3,2,2,0,15.0,2.0,2.0,8.0,317.02,True,False,False,False,False,False,False,True,True,False,False,False,False,True,False,False
54374,0,25.0,1,15.0,3.0,5,4,7,0,17.0,3.0,2.0,8.0,249.89999999999998,True,False,False,False,False,True,False,False,True,False,False,False,False,False,True,False
54688,0,6.0,3,17.0,3.0,4,1,3,0,13.0,2.0,2.0,9.0,178.96,True,False,False,False,False,False,True,False,True,False,True,False,False,False,False,True
51135,0,0.0,1,22.0,2.0,1,3,4,0,16.0,1.0,1.0,7.0,152.94,True,False,False,False,False,True,False,False,True,False,True,False,False,False,True,False
51982,1,9.0,1,31.0,3.0,3,4,2,1,19.0,6.0,7.0,8.0,120.22,False,False,False,False,False,True,False,False,False,False,False,True,False,False,True,False
50463,0,25.0,1,17.0,3.0,3,3,9,0,20.0,1.0,1.0,4.0,131.49,False,True,False,False,False,True,False,False,False,False,True,False,False,False,False,False
51701,0,0.0,3,6.0,2.0,3,3,2,0,17.0,0.0,7.0,7.0,152.96,True,False,False,False,False,True,False,False,True,False,True,False,False,False,True,False
54773,0,2.0,3,9.0,3.0,4,4,3,1,21.0,7.0,8.0,6.0,172.79,True,False,False,False,False,False,True,False,False,False,True,False,False,False,True,False
53576,0,1.0,3,17.0,3.0,4,2,2,0,15.0,1.0,2.0,2.0,174.5,True,False,False,False,False,True,False,False,True,False,True,False,False,False,False,True
51780,0,4.0,1,15.0,2.0,3,4,2,0,25.0,0.0,1.0,8.0,206.48000000000002,True,False,False,False,False,True,False,False,True,False,False,False,False,False,True,False
50683,0,11.0,3,16.0,3.0,4,3,1,1,14.0,2.0,2.0,7.0,187.4,True,False,False,False,False,False,True,False,True,False,False,False,False,False,True,False
54039,0,14.0,1,7.0,4.0,4,5,4,0,15.0,10.0,12.0,14.5,293.23,True,False,False,False,False,True,False,False,True,True,False,False,False,False,True,False
54713,0,30.0,1,16.0,3.0,4,1,9,0,12.0,1.0,2.0,2.0,236.02999999999997,True,False,False,False,True,False,False,False,True,True,False,False,False,False,True,False
52104,0,30.0,3,6.0,3.0,3,1,4,1,14.0,1.0,1.0,3.0,219.04000000000002,True,False,False,True,False,False,False,False,True,False,False,False,False,False,True,False
51734,0,15.0,1,14.0,3.0,3,5,4,0,16.0,0.0,1.0,2.0,125.75999999999999,False,True,False,False,False,True,False,False,False,False,False,True,False,False,True,False
55136,1,19.0,3,20.0,3.0,2,3,8,1,18.0,1.0,4.0,9.0,261.95,True,False,False,False,False,False,True,False,True,True,False,False,False,False,False,True
54297,1,15.0,1,15.0,3.0,6,1,4,0,16.0,2.0,2.0,4.0,231.5,False,False,False,False,False,True,False,False,True,False,False,False,False,False,False,True
52769,0,0.0,1,7.0,3.0,3,3,1,0,12.0,1.0,1.0,2.0,133.75,False,True,False,False,False,True,False,False,True,False,False,True,False,False,False,True
52132,0,0.0,1,14.0,2.0,5,3,2,0,19.0,1.0,1.0,2.0,146.21,False,False,False,False,False,True,False,False,True,False,False,False,True,False,True,False
50394,0,11.0,3,13.0,2.0,4,2,1,0,20.0,1.0,1.0,5.0,140.28,False,True,False,False,False,False,True,False,False,False,True,False,False,False,False,True
54302,0,19.0,1,36.0,3.0,4,1,7,0,14.0,2.0,2.0,4.0,159.52,True,False,False,False,True,False,False,False,True,False,False,False,True,False,False,True
53408,0,1.0,1,23.0,3.0,4,4,11,0,15.0,3.0,3.0,3.0,153.11,True,False,True,False,False,False,False,False,False,False,False,False,True,False,False,False
50575,0,25.0,1,6.0,3.0,3,2,3,0,15.0,1.0,7.0,8.0,270.99,True,False,False,False,False,True,False,False,True,True,False,False,False,False,False,False
50240,0,10.0,1,16.0,3.0,3,5,7,0,20.0,1.0,1.0,3.0,134.52,False,True,False,False,False,False,False,False,False,False,False,True,False,False,False,False
54693,0,21.0,3,21.0,3.0,4,5,4,0,13.0,2.0,2.0,8.0,174.6,True,False,False,False,False,False,True,False,True,False,True,False,False,False,False,True
52560,0,17.0,1,8.0,3.0,1,1,2,1,19.0,1.0,6.0,7.0,178.79,True,False,False,False,False,True,False,False,False,False,False,False,False,False,True,False
50055,0,9.0,1,15.0,3.0,3,2,2,0,12.0,1.0,2.0,1.0,122.88,False,True,False,False,False,True,False,False,False,False,False,True,False,False,False,True
51335,0,2.0,1,19.0,2.0,4,4,5,1,13.0,1.0,1.0,3.0,140.25,False,True,False,False,False,False,False,True,True,False,True,False,False,False,True,False
53731,0,14.0,1,15.0,3.0,5,4,4,0,12.0,1.0,5.0,9.0,262.57,False,False,False,False,True,False,False,False,True,False,False,False,False,False,True,False
50505,0,1.0,2,14.0,3.0,4,2,2,0,13.0,0.0,1.0,4.0,149.36,False,True,False,False,True,False,False,False,True,False,False,False,True,False,True,False
52622,0,10.0,3,15.0,2.0,4,4,2,0,14.0,1.0,1.0,3.0,141.89,False,True,False,False,False,False,True,False,True,False,True,False,False,False,True,False
52085,0,0.0,1,8.0,2.0,3,1,1,0,18.0,2.0,2.0,2.0,142.27,False,True,False,False,False,True,False,False,False,False,True,False,False,False,True,False
50972,0,13.0,2,12.0,2.0,3,1,2,1,21.0,1.0,7.0,7.0,264.37,True,False,False,False,True,False,False,False,True,True,False,False,False,False,False,True
55162,0,11.0,1,18.0,4.0,4,3,6,0,19.0,2.0,2.0,3.0,161.29,True,False,False,False,True,False,False,False,False,False,False,False,True,False,False,True
51423,0,18.0,1,12.0,2.0,3,5,5,1,14.0,1.0,2.0,0.0,232.45,True,False,False,False,False,False,False,True,True,False,False,False,False,False,True,False
52382,1,0.0,1,8.0,3.0,3,1,7,1,13.0,0.0,2.0,2.0,137.22,False,False,False,False,False,True,False,False,True,False,False,False,True,False,True,False
55341,0,10.0,1,14.0,4.0,4,4,4,0,12.0,1.0,2.0,4.0,145.13,False,True,False,False,False,True,False,False,True,False,False,False,True,False,False,True
55131,0,1.0,3,18.0,4.0,2,1,10,0,15.0,1.0,2.0,1.0,150.34,True,False,False,False,True,False,False,False,False,False,False,False,True,False,True,False
54653,0,22.0,1,7.0,3.0,5,5,9,0,12.0,1.0,2.0,3.0,279.02,True,False,False,False,False,True,False,False,False,True,False,False,False,False,True,False
50210,0,18.0,1,14.0,3.0,3,2,10,0,14.0,7.0,9.0,8.0,136.97,False,True,False,False,False,False,False,True,True,False,True,False,False,False,False,False
52442,0,13.0,2,12.0,2.0,3,1,2,1,21.0,1.0,7.0,7.0,264.37,True,False,False,False,True,False,False,False,True,True,False,False,False,False,False,True
52700,1,19.0,1,14.0,3.0,3,1,2,0,16.0,0.0,1.0,0.0,125.87,False,True,False,False,False,True,False,False,True,False,False,True,False,False,False,True
54705,0,21.0,3,10.0,3.0,4,3,11,1,13.0,1.0,12.0,14.0,262.7,False,False,False,False,True,False,False,False,False,True,False,False,False,False,True,False
51524,0,19.0,3,6.0,3.0,3,5,2,0,25.0,8.0,15.0,7.0,204.53,True,False,False,False,False,False,True,False,False,False,False,False,False,False,True,False
54379,0,19.0,3,13.0,3.0,5,1,8,0,13.0,6.0,13.0,3.0,213.65,False,False,False,False,True,False,False,False,False,False,False,False,False,False,False,True
50282,0,25.0,1,9.0,2.0,4,3,3,1,14.0,0.0,1.0,4.0,179.69,True,False,False,False,True,False,False,False,True,False,False,False,False,False,False,False
55539,0,16.0,3,19.0,4.0,4,1,5,1,13.0,2.0,2.0,1.0,175.87,True,False,False,False,False,False,True,False,True,False,True,False,False,False,True,False
51887,0,9.0,1,14.0,3.0,1,5,10,0,14.0,0.0,1.0,3.0,217.13,False,False,False,False,False,True,False,False,False,False,False,False,False,False,True,False
50063,0,28.0,1,20.0,3.0,2,4,9,0,11.0,1.0,2.0,14.5,287.22,True,False,False,False,True,False,False,False,True,False,False,False,False,True,False,True
50597,0,23.0,1,30.0,3.0,3,3,4,1,18.0,0.0,2.0,5.0,239.73000000000002,True,False,False,False,False,True,False,False,True,True,False,False,False,False,False,False
55477,0,17.0,3,9.0,4.0,4,1,3,0,21.0,8.0,8.0,8.0,181.75,False,False,False,False,False,True,False,False,True,False,True,False,False,False,True,False
55137,0,30.0,1,30.0,4.0,4,4,6,1,13.0,14.0,2.0,10.0,259.02,True,False,False,False,False,True,False,False,True,True,False,False,False,False,True,False
50273,0,0.0,3,10.0,2.0,4,2,2,1,11.0,0.0,1.0,3.0,144.87,False,True,False,False,False,True,False,False,False,False,True,False,False,False,False,True
51376,0,6.0,1,14.0,3.0,3,1,5,0,11.0,0.0,1.0,0.0,124.96000000000001,False,True,False,False,False,False,False,False,True,False,False,True,False,False,False,True
53169,0,1.0,3,20.0,3.0,4,3,3,0,12.0,2.0,2.0,7.0,145.96,False,True,False,False,True,False,False,False,True,False,False,False,True,False,False,False
54155,0,1.0,3,12.0,2.0,5,3,2,0,19.0,1.0,2.0,1.0,154.66,True,False,False,False,False,False,False,True,False,False,False,False,True,False,False,True
50480,0,15.0,1,35.0,3.0,3,4,2,0,13.0,2.0,7.0,8.0,144.34,False,True,False,False,False,True,False,False,True,False,True,False,False,False,False,False
53925,0,21.0,3,9.0,3.0,4,4,9,0,12.0,1.0,2.0,1.0,174.78,False,False,False,False,False,False,True,False,True,False,True,False,False,False,True,False
53905,0,18.0,1,9.0,4.0,2,1,3,1,20.0,7.0,7.0,8.0,203.79,True,False,False,False,False,True,False,False,False,False,False,False,False,False,True,False
53347,1,1.0,1,32.0,3.0,4,2,3,1,25.0,2.0,2.0,2.0,152.95,True,False,False,False,False,True,False,False,True,False,False,False,True,False,False,True
52050,0,8.0,3,9.0,3.0,3,1,7,0,13.0,0.0,1.0,8.0,178.23,True,False,False,False,False,True,False,False,True,False,False,False,False,False,True,False
52422,0,27.0,1,17.0,2.0,3,1,4,0,20.0,0.0,2.0,12.0,260.32,False,False,False,False,True,False,False,False,False,True,False,False,False,False,True,False
54682,0,1.0,3,10.0,4.0,2,1,3,1,21.0,2.0,2.0,5.0,171.47,False,False,False,False,True,False,False,False,False,False,True,False,False,False,True,False
50249,0,0.0,1,6.0,2.0,3,4,2,0,11.0,0.0,1.0,4.0,138.16,False,True,False,False,True,False,False,False,True,False,False,False,True,False,True,False
53767,0,28.0,1,18.0,3.0,4,1,5,0,21.0,1.0,2.0,13.0,285.32,False,False,False,False,True,False,False,False,False,True,False,False,False,False,True,False
51808,0,7.0,3,27.0,3.0,1,1,2,0,12.0,0.0,5.0,7.0,153.37,True,False,False,False,False,True,False,False,True,False,True,False,False,False,False,True
53010,0,6.0,3,15.0,4.0,5,4,3,1,12.0,7.0,12.0,10.0,177.28,True,False,True,False,False,False,False,False,False,False,True,False,False,False,False,False
55568,0,1.0,1,8.0,3.0,5,3,3,0,13.0,2.0,2.0,3.0,171.17,True,False,False,False,False,True,False,False,True,False,True,False,False,False,False,True
54129,1,1.0,3,16.0,3.0,4,5,3,0,20.0,2.0,2.0,1.0,142.9,False,False,False,False,False,False,True,False,True,False,False,False,True,False,True,False
53585,0,28.0,1,10.0,3.0,4,2,5,0,15.0,2.0,2.0,10.0,302.79,True,False,False,False,False,True,False,False,True,True,False,False,False,False,False,False
54590,0,20.0,1,9.0,3.0,4,3,8,0,15.0,2.0,2.0,2.0,303.61,True,False,False,False,False,True,False,False,True,True,False,False,False,False,True,False
54376,0,15.0,3,13.0,4.0,4,1,5,1,19.0,1.0,2.0,1.0,260.91,True,False,False,False,False,True,False,False,False,False,False,False,False,False,False,True
54212,1,1.0,1,12.0,3.0,4,3,3,1,14.0,1.0,3.0,3.0,159.41,True,False,True,False,False,False,False,False,True,False,False,False,True,False,False,True
54246,0,30.0,1,14.0,3.0,6,1,6,0,12.0,1.0,2.0,3.0,197.6,True,False,False,False,False,True,False,False,True,False,False,False,False,False,False,True
52624,0,9.0,1,16.0,2.0,3,5,8,1,13.0,2.0,5.0,7.0,183.21,True,False,False,False,False,True,False,False,True,False,False,False,False,False,True,False
54234,0,6.0,1,7.0,4.0,4,4,3,0,18.0,2.0,2.0,10.0,187.2,True,False,False,False,False,True,False,False,True,False,True,False,False,False,True,False
52379,1,0.0,1,7.0,3.0,1,4,2,0,11.0,1.0,4.0,7.0,174.46,False,False,False,False,False,True,False,False,False,False,False,False,False,False,False,True
53212,0,1.0,3,10.0,4.0,3,2,3,1,21.0,2.0,2.0,5.0,171.47,False,False,False,False,True,False,False,False,False,False,True,False,False,False,True,False
50965,0,10.0,1,19.0,2.0,3,1,2,0,17.0,0.0,3.0,7.0,142.85,False,True,False,False,True,False,False,False,True,False,True,False,False,False,True,False
55261,0,9.0,3,35.0,4.0,5,3,2,0,24.0,3.0,5.0,3.0,149.3,False,True,False,False,False,True,False,False,False,False,False,False,True,False,True,False
54344,0,24.0,1,7.0,3.0,5,3,4,0,16.0,2.0,2.0,3.0,161.9,True,False,False,False,True,False,False,False,True,False,False,False,True,False,True,False
55460,0,14.0,1,8.0,3.0,4,1,6,0,18.0,1.0,2.0,4.0,190.13,True,False,False,False,False,True,False,False,False,False,True,False,False,False,True,False
53907,0,17.0,3,9.0,4.0,4,1,3,1,18.0,1.0,9.0,9.0,203.47,True,False,False,False,True,False,False,False,True,False,True,False,False,False,True,False
55295,0,9.0,1,14.0,4.0,5,1,3,0,19.0,2.0,2.0,2.0,151.9,True,False,False,False,False,True,False,False,True,False,False,False,True,False,True,False
53478,0,29.0,1,9.0,4.0,4,4,5,0,19.0,2.0,2.0,3.0,234.76,False,False,False,False,False,True,False,False,True,False,False,False,False,False,False,False
54944,0,15.0,1,14.0,3.0,2,3,3,0,14.0,1.0,2.0,9.0,158.76,True,False,True,False,False,False,False,False,False,False,False,False,True,False,True,False
50198,0,5.0,1,8.0,3.0,2,2,8,0,16.0,1.0,1.0,7.0,150.55,True,False,False,False,True,False,False,False,False,False,True,False,False,False,False,True
53279,0,24.0,1,9.0,4.0,4,3,7,0,15.0,1.0,2.0,4.0,301.39,True,False,False,False,True,False,False,False,True,True,False,False,False,False,False,False
50483,1,12.0,3,17.0,2.0,3,2,2,0,18.0,0.0,7.0,7.0,176.54,True,False,False,False,False,False,True,False,False,False,False,False,False,False,False,False
54919,0,31.0,3,7.0,4.0,4,1,5,1,15.0,2.0,2.0,5.0,244.04000000000002,True,False,False,True,False,False,False,False,True,False,False,False,False,False,True,False
50129,0,15.0,1,23.0,2.0,2,5,4,1,13.0,0.0,1.0,2.0,165.45,True,False,False,False,False,True,False,False,False,False,True,False,False,False,False,True
53732,0,2.0,3,12.0,3.0,4,5,2,0,19.0,2.0,2.0,3.0,209.63,True,False,False,False,True,False,False,False,True,False,True,False,False,False,False,True
53046,0,1.0,3,7.0,3.0,4,3,3,0,18.0,3.0,8.0,8.0,177.96,True,False,False,False,False,True,False,False,True,False,True,False,False,False,False,False
55015,0,19.0,1,14.0,3.0,4,3,6,1,20.0,1.0,2.0,3.0,169.77,True,False,False,False,True,False,False,False,False,False,False,False,True,False,True,False
54792,0,18.0,1,15.0,4.0,2,1,4,1,25.0,2.0,2.0,3.0,153.18,True,False,False,False,False,True,False,False,True,False,False,False,True,False,True,False
53945,0,23.0,3,18.0,4.0,4,1,5,0,13.0,1.0,2.0,5.0,170.07,True,False,False,False,False,False,True,False,False,False,True,False,False,False,False,True
51314,1,9.0,3,15.0,2.0,3,5,2,0,19.0,1.0,1.0,0.0,117.9,False,False,False,False,False,False,True,False,True,False,False,False,True,False,True,False
54643,1,1.0,3,20.0,3.0,4,5,4,0,18.0,1.0,2.0,3.0,167.33,True,False,False,False,True,False,False,False,True,False,True,False,False,False,True,False
55500,1,1.0,1,14.0,4.0,4,4,3,1,24.0,2.0,2.0,1.0,149.72,True,False,False,False,False,True,False,False,True,False,False,False,True,False,False,True
52919,0,9.0,3,7.0,4.0,4,3,3,0,15.0,2.0,2.0,3.0,212.89,False,False,False,False,False,False,True,False,False,False,False,False,False,False,False,True
51075,0,9.0,1,32.0,3.0,3,3,7,0,14.0,1.0,1.0,2.0,153.47,True,False,False,False,False,True,False,False,True,False,True,False,False,False,True,False
50039,0,30.0,1,30.0,2.0,2,2,4,1,16.0,1.0,1.0,4.0,194.39,True,False,False,False,False,True,False,False,True,False,False,False,False,False,True,False
52938,0,8.0,1,9.0,3.0,5,5,8,0,14.0,1.0,6.0,10.0,184.57,True,False,False,False,False,True,False,False,True,False,True,False,False,False,False,False
52319,0,8.0,1,7.0,2.0,4,1,1,0,12.0,0.0,1.0,0.0,153.63,True,False,False,False,True,False,False,False,False,False,True,False,False,False,True,False
53762,0,23.0,1,10.0,3.0,5,5,6,0,26.0,2.0,2.0,3.0,172.89,True,False,False,False,True,False,False,False,False,False,True,False,False,False,False,False
52686,0,9.0,3,16.0,3.0,4,3,2,1,13.0,0.0,1.0,7.0,156.73,True,False,True,False,False,False,False,False,False,False,True,False,False,False,True,False
53224,0,14.0,3,12.0,3.0,5,5,7,1,22.0,1.0,2.0,3.0,229.75,False,False,False,False,False,True,False,False,True,False,False,False,False,False,False,False
53062,0,3.0,1,30.0,3.0,4,2,11,0,17.0,2.0,2.0,3.0,147.01,False,True,False,False,False,True,False,False,True,False,False,False,True,False,False,True
52997,0,6.0,3,14.0,4.0,5,3,3,0,15.0,2.0,5.0,9.0,179.84,True,False,False,False,False,True,False,False,True,False,True,False,False,False,False,False
54025,0,1.0,1,22.0,4.0,5,5,2,0,20.0,8.0,8.0,4.0,172.74,False,False,False,False,False,True,False,False,False,False,False,False,True,False,True,False
53798,0,12.0,2,17.0,4.0,4,3,5,0,12.0,1.0,2.0,3.0,185.77,False,False,False,False,False,False,False,True,True,False,True,False,False,False,True,False
54459,0,10.0,1,25.0,3.0,2,1,6,0,19.0,2.0,2.0,1.0,161.88,False,False,False,False,False,True,False,False,True,False,False,False,True,False,True,False
51455,0,0.0,1,21.0,3.0,3,1,2,0,15.0,1.0,1.0,0.0,128.71,False,True,False,False,False,False,False,False,False,False,False,True,False,False,False,True
53435,1,1.0,1,18.0,4.0,6,4,7,0,16.0,2.0,2.0,1.0,172.77,True,False,False,False,True,False,False,False,False,False,True,False,False,False,False,False
52411,0,28.0,1,10.0,1.0,3,3,1,1,16.0,1.0,1.0,2.0,140.35,False,True,False,False,False,True,False,False,True,False,True,False,False,False,True,False
53742,0,18.0,3,7.0,4.0,4,3,9,0,13.0,2.0,2.0,1.0,172.68,False,False,False,False,False,False,True,False,False,False,True,False,False,False,False,False
51182,0,4.0,3,13.0,3.0,3,5,3,0,14.0,2.0,2.0,2.0,196.37,False,False,False,False,False,False,True,False,False,False,False,False,False,False,True,False
54686,1,1.0,3,10.0,4.0,4,3,11,0,15.0,2.0,3.0,1.0,170.77,True,False,False,False,False,True,False,False,False,False,True,False,False,False,False,True
53791,0,9.0,3,7.0,4.0,5,3,2,0,24.0,3.0,5.0,3.0,149.3,False,True,False,False,False,True,False,False,False,False,False,False,True,False,True,False
54672,0,10.0,1,16.0,3.0,5,4,4,1,12.0,1.0,2.0,3.0,213.47,True,False,False,False,True,False,False,False,True,False,True,False,False,False,True,False
54418,0,14.0,1,9.0,3.0,4,3,2,0,15.0,4.0,4.0,10.0,319.36,True,False,False,False,True,False,False,False,True,False,False,False,False,True,True,False
53690,0,16.0,2,17.0,3.0,4,5,2,0,15.0,1.0,2.0,10.0,292.99,True,False,False,False,False,False,False,True,False,True,False,False,False,False,False,False
52820,1,1.0,1,13.0,3.0,4,5,4,0,12.0,2.0,2.0,4.0,154.6,True,False,False,False,True,False,False,False,True,False,False,False,True,False,False,True
54017,1,1.0,3,9.0,3.0,5,4,9,1,13.0,3.0,3.0,3.0,224.07,True,False,False,False,False,False,True,False,True,False,True,False,False,False,False,True
51494,0,9.0,1,15.0,3.0,3,5,3,0,21.0,0.0,1.0,4.0,122.38,False,True,False,False,False,True,False,False,True,False,False,True,False,False,True,False
51031,0,12.0,1,9.0,3.0,4,3,1,0,15.0,0.0,1.0,7.0,130.69,False,True,False,False,False,False,False,False,True,False,True,False,False,False,True,False
53339,0,11.0,3,28.0,3.0,4,2,7,0,16.0,2.0,2.0,1.0,154.73,False,False,False,False,True,False,False,False,False,False,False,False,True,False,False,False
51554,0,13.0,1,15.0,3.0,4,1,10,0,14.0,0.0,1.0,2.0,148.76,False,False,False,False,False,True,False,False,True,False,True,False,False,False,True,False
54878,0,1.0,1,23.0,3.0,4,4,11,0,15.0,3.0,3.0,3.0,153.11,True,False,True,False,False,False,False,False,False,False,False,False,True,False,True,False
51713,0,23.0,1,16.0,3.0,4,1,7,0,15.0,1.0,1.0,3.0,204.96,True,False,False,True,False,False,False,False,True,False,False,False,False,False,False,True
50149,0,10.0,3,12.0,3.0,3,2,5,0,14.0,0.0,1.0,1.0,165.02,True,False,False,False,True,False,False,False,True,False,True,False,False,False,False,False
50363,0,0.0,1,6.0,3.0,4,4,2,0,13.0,1.0,1.0,0.0,128.36,False,True,False,False,False,True,False,False,False,False,False,True,False,False,False,True
50288,0,19.0,1,24.0,2.0,3,3,3,0,14.0,0.0,1.0,8.0,148.1,False,True,False,False,True,False,False,False,False,False,True,False,False,False,True,False
52777,0,5.0,3,7.0,2.0,3,1,2,0,19.0,0.0,5.0,7.0,204.22,True,False,False,False,False,False,True,False,False,False,False,False,False,False,True,False
53403,0,7.0,1,20.0,3.0,4,2,5,0,19.0,2.0,2.0,3.0,159.52,True,False,False,False,False,True,False,False,False,False,False,False,True,False,False,True
55231,0,2.0,3,14.0,3.0,4,5,2,0,15.0,2.0,2.0,4.0,173.98,False,False,False,False,False,True,False,False,True,False,True,False,False,False,False,True
55530,1,1.0,3,20.0,3.0,4,3,5,1,12.0,1.0,3.0,3.0,223.54,True,False,False,False,False,False,True,False,False,False,True,False,False,False,False,True
52631,0,19.0,3,32.0,3.0,4,4,9,0,15.0,1.0,2.0,2.0,179.91,False,False,False,False,False,True,False,False,True,False,True,False,False,False,False,True
54438,0,12.0,3,14.0,3.0,2,5,3,1,25.0,5.0,8.0,8.0,181.05,True,False,False,False,True,False,False,False,False,False,True,False,False,False,True,False
50376,0,5.0,1,15.0,3.0,3,2,2,1,12.0,1.0,1.0,5.0,163.22,True,False,False,False,False,True,False,False,False,False,True,False,False,False,False,False
50638,1,9.0,1,8.0,2.0,3,5,7,1,14.0,1.0,1.0,2.0,120.41999999999999,False,False,False,False,False,True,False,False,True,False,False,True,False,False,False,False
55043,0,10.0,1,8.0,4.0,6,5,4,1,22.0,8.0,8.0,3.0,227.52,True,False,False,True,False,False,False,False,False,False,False,False,False,False,True,False
54842,0,12.0,1,7.0,4.0,4,5,3,0,14.0,5.0,6.0,12.0,260.82,True,False,False,True,False,False,False,False,False,False,False,False,False,False,True,False
55232,0,23.0,1,10.0,3.0,5,5,6,0,26.0,1.0,2.0,3.0,172.89,True,False,False,False,True,False,False,False,False,False,True,False,False,False,True,False
54869,0,10.0,3,15.0,3.0,4,1,6,0,14.0,2.0,2.0,8.0,175.79,False,False,True,False,False,False,False,False,True,False,True,False,False,False,True,False
52089,0,30.0,1,8.0,3.0,4,1,4,1,13.0,4.0,2.0,3.0,237.26,True,False,False,False,False,True,False,False,False,True,False,False,False,False,False,True
52299,1,7.0,1,14.0,2.0,3,5,5,0,12.0,1.0,1.0,2.0,123.62,False,True,False,False,False,True,False,False,True,False,False,True,False,False,True,False
51096,0,9.0,3,8.0,2.0,3,1,4,0,15.0,3.0,6.0,7.0,145.02,False,True,False,False,False,True,False,False,False,False,True,False,False,False,False,True
54911,0,18.0,3,35.0,3.0,2,1,5,1,19.0,5.0,2.0,12.0,258.2,True,False,False,False,True,False,False,False,False,True,False,False,False,False,True,False
53790,0,19.0,1,7.0,4.0,4,4,3,0,13.0,7.0,8.0,8.0,199.41,True,False,False,True,False,False,False,False,True,False,False,False,False,False,True,False
52965,0,1.0,1,10.0,4.0,5,3,3,0,18.0,2.0,2.0,1.0,157.3,True,False,False,False,True,False,False,False,True,False,False,False,True,False,False,True
51412,0,9.0,1,17.0,3.0,4,4,2,0,13.0,1.0,1.0,3.0,164.99,False,False,False,False,False,True,False,False,True,False,True,False,False,False,False,True
53023,0,28.0,1,27.0,3.0,4,3,5,0,13.0,2.0,2.0,4.0,173.69,False,False,False,False,False,True,False,False,False,False,True,False,False,False,False,True
53012,0,5.0,3,14.0,4.0,4,2,6,0,13.0,1.0,2.0,8.0,200.47,True,False,False,False,False,False,True,False,True,False,True,False,False,False,True,False
50587,1,0.0,1,14.0,3.0,4,5,7,1,20.0,1.0,1.0,0.0,124.03999999999999,False,True,False,False,False,True,False,False,False,False,False,True,False,False,False,True
51438,0,3.0,3,10.0,3.0,4,4,2,1,12.0,2.0,2.0,7.0,152.09,True,False,False,False,True,False,False,False,False,False,True,False,False,False,True,False
54441,0,27.0,1,10.0,3.0,4,3,5,1,15.0,2.0,2.0,4.0,300.84,True,False,False,False,True,False,False,False,True,True,False,False,False,False,True,False
51587,0,5.0,3,32.0,3.0,3,1,1,0,18.0,2.0,2.0,2.0,144.65,False,False,False,False,False,False,True,False,True,False,True,False,False,False,True,False
51063,0,11.0,1,6.0,2.0,3,1,8,0,15.0,2.0,2.0,9.0,147.35,False,False,False,False,False,True,False,False,True,False,True,False,False,False,True,False
52606,0,5.0,1,11.0,3.0,3,4,3,0,14.0,1.0,1.0,7.0,127.18,False,False,True,False,False,False,False,False,True,False,False,True,False,False,False,True
53030,0,1.0,3,15.0,3.0,4,4,3,0,19.0,1.0,2.0,8.0,187.14,True,False,False,False,False,False,True,False,False,False,True,False,False,False,False,False
51561,0,14.0,3,12.0,3.0,3,1,4,1,18.0,0.0,2.0,0.0,235.91000000000003,True,False,False,False,False,True,False,False,False,False,False,False,False,False,False,True
50593,0,0.0,1,22.0,3.0,3,4,10,0,14.0,2.0,2.0,2.0,128.11,False,True,True,False,False,False,False,False,False,False,False,True,False,False,False,False
51248,0,12.0,1,15.0,2.0,3,5,2,0,25.0,4.0,7.0,9.0,151.51,True,False,False,False,True,False,False,False,True,False,True,False,False,False,True,False
52527,0,22.0,1,12.0,2.0,4,3,3,1,19.0,2.0,2.0,12.0,239.66000000000003,True,False,False,False,False,True,False,False,False,True,False,False,False,False,True,False
54471,0,5.0,2,9.0,4.0,5,5,5,0,13.0,1.0,2.0,1.0,189.1,True,False,False,False,False,False,False,True,True,False,True,False,False,False,True,False
51070,0,20.0,3,8.0,2.0,1,4,7,0,14.0,0.0,2.0,2.0,259.72,True,False,False,False,False,True,False,False,False,True,False,False,False,False,True,False
53980,0,12.0,2,9.0,4.0,4,4,7,0,14.0,4.0,4.0,9.0,150.92,False,False,False,False,False,False,False,True,True,False,False,False,True,False,True,False
52270,0,8.0,1,12.0,3.0,3,3,1,1,14.0,1.0,2.0,2.0,135.06,False,True,False,False,False,True,False,False,True,False,False,True,False,False,True,False
53139,0,14.0,1,13.0,4.0,4,3,9,0,16.0,5.0,2.0,14.0,257.37,True,False,False,False,False,True,False,False,False,True,False,False,False,False,False,True
53606,1,1.0,1,17.0,3.0,5,3,3,0,21.0,3.0,3.0,3.0,151.25,False,False,False,False,False,True,False,False,False,False,False,False,True,False,False,True
51210,0,0.0,1,21.0,3.0,4,5,1,0,19.0,7.0,7.0,3.0,147.74,False,False,False,False,False,True,False,False,False,False,False,False,True,False,True,False
52904,0,25.0,1,15.0,3.0,5,4,7,0,17.0,2.0,2.0,8.0,249.89999999999998,True,False,False,False,False,True,False,False,True,False,False,False,False,False,False,False
51993,0,8.0,1,31.0,3.0,4,4,4,0,16.0,2.0,4.0,8.0,209.02999999999997,True,False,False,True,False,False,False,False,True,False,False,False,False,False,True,False
52193,0,7.0,1,7.0,3.0,4,5,1,0,20.0,0.0,4.0,9.0,153.43,False,False,False,False,True,False,False,False,True,False,True,False,False,False,False,True
52678,1,0.0,1,14.0,3.0,4,1,2,1,24.0,1.0,1.0,0.0,124.38999999999999,False,False,False,False,False,True,False,False,True,False,False,True,False,False,False,True
52492,0,7.0,1,16.0,2.0,1,1,2,0,13.0,3.0,7.0,2.0,147.24,False,False,False,False,False,True,False,False,True,False,True,False,False,False,True,False
51912,1,10.0,3,33.0,3.0,1,3,5,1,12.0,0.0,1.0,3.0,163.97,False,False,False,False,False,True,False,False,False,False,True,False,False,False,False,True
52106,0,26.0,3,8.0,2.0,4,4,3,0,12.0,5.0,6.0,12.0,175.25,False,False,False,False,False,False,True,False,False,False,False,False,False,False,True,False
52431,1,0.0,1,9.0,2.0,3,3,2,0,12.0,2.0,7.0,7.0,140.84,False,False,False,False,False,True,False,False,False,False,False,False,True,False,False,True
51056,0,9.0,1,13.0,3.0,3,4,3,0,11.0,0.0,1.0,3.0,120.13,True,False,False,False,False,True,False,False,True,False,False,True,False,False,False,True
51781,1,0.0,1,21.0,2.0,3,3,8,1,12.0,3.0,2.0,7.0,236.10000000000002,True,False,False,False,True,False,False,False,True,False,False,False,False,False,True,False
53019,0,7.0,3,17.0,3.0,5,2,5,0,15.0,2.0,2.0,2.0,171.82,False,False,False,False,False,False,True,False,True,False,True,False,False,False,False,True
55457,0,4.0,1,17.0,4.0,4,3,11,0,15.0,1.0,2.0,3.0,221.67,True,False,False,False,True,False,False,False,False,False,False,False,False,False,False,True
51882,0,30.0,3,22.0,2.0,3,5,9,0,14.0,2.0,2.0,2.0,154.05,True,False,False,False,False,False,True,False,True,False,True,False,False,False,False,True
52020,0,30.0,1,11.0,2.0,4,4,3,1,13.0,1.0,1.0,4.0,205.52,True,False,False,True,False,False,False,False,False,False,False,False,False,False,True,False
50023,1,9.0,3,28.0,2.0,3,3,2,1,19.0,0.0,1.0,0.0,116.75,True,False,False,False,False,False,True,False,True,False,False,False,True,False,False,True
51827,0,7.0,1,6.0,2.0,4,1,2,1,13.0,1.0,1.0,3.0,136.22,False,True,False,False,False,True,False,False,True,False,False,False,True,False,True,False
51481,0,9.0,1,12.0,2.0,3,4,7,0,20.0,0.0,1.0,1.0,149.41,False,True,False,False,True,False,False,False,True,False,True,False,False,False,True,False
52886,0,11.0,1,28.0,4.0,3,5,3,1,13.0,1.0,2.0,8.0,160.64,True,False,False,False,False,True,False,False,True,False,False,False,True,False,False,False
51898,0,29.0,1,15.0,2.0,3,1,8,0,11.0,0.0,1.0,3.0,211.02999999999997,True,False,False,False,True,False,False,False,True,True,False,False,False,False,True,False
55242,0,9.0,1,23.0,4.0,5,4,3,0,20.0,4.0,4.0,3.0,211.06,True,False,False,False,False,True,False,False,False,False,False,False,False,False,False,True
55000,0,16.0,3,11.0,3.0,4,5,9,0,14.0,2.0,2.0,6.0,176.55,True,False,False,False,False,False,True,False,True,False,True,False,False,False,False,True
55243,0,1.0,1,27.0,4.0,4,3,2,0,15.0,2.0,2.0,3.0,147.72,False,True,False,False,False,True,False,False,True,False,True,False,False,False,False,True
53173,1,1.0,3,20.0,3.0,4,5,4,0,18.0,1.0,2.0,3.0,167.33,True,False,False,False,True,False,False,False,True,False,True,False,False,False,True,False
53351,1,21.0,1,9.0,3.0,5,2,11,1,15.0,1.0,2.0,1.0,148.8,False,False,False,False,False,True,False,False,True,False,False,False,True,False,True,False
50253,0,9.0,1,14.0,3.0,3,3,5,0,13.0,1.0,2.0,2.0,125.43,False,True,False,False,False,True,False,False,False,False,False,True,False,False,False,False
51266,1,0.0,1,14.0,2.0,4,1,6,0,12.0,0.0,1.0,3.0,123.66999999999999,False,True,True,False,False,False,False,False,True,False,False,True,False,False,True,False
54763,0,4.0,1,9.0,3.0,5,1,7,1,25.0,2.0,2.0,1.0,193.77,True,False,False,False,True,False,False,False,False,False,True,False,False,False,False,True
55183,0,11.0,1,12.0,3.0,2,3,2,0,15.0,1.0,2.0,4.0,160.0,False,False,True,False,False,False,False,False,True,False,False,False,True,False,False,True
55418,1,1.0,3,23.0,4.0,4,3,4,0,14.0,1.0,2.0,1.0,206.61,True,False,False,False,False,False,True,False,True,False,False,False,False,False,True,False
53386,1,1.0,3,7.0,3.0,5,3,7,0,12.0,2.0,12.0,3.0,231.08999999999997,True,False,False,False,False,True,False,False,True,False,False,False,False,False,False,False
51333,0,9.0,1,8.0,3.0,3,3,3,0,14.0,1.0,1.0,2.0,120.00999999999999,True,False,False,False,False,False,False,False,False,False,False,True,False,False,True,False
52518,0,2.0,3,16.0,2.0,4,3,10,0,11.0,1.0,1.0,4.0,158.69,True,False,False,False,True,False,False,False,True,False,True,False,False,False,False,True
53407,0,15.0,1,16.0,4.0,4,3,4,0,15.0,2.0,2.0,12.0,319.19,False,False,False,False,True,False,False,False,True,False,False,False,False,True,True,False
50009,1,13.0,3,9.0,3.0,4,3,2,1,14.0,0.0,1.0,2.0,126.83000000000001,False,True,False,False,False,False,True,False,True,False,False,True,False,False,False,False
51276,0,11.0,2,6.0,3.0,3,4,1,1,11.0,1.0,1.0,2.0,129.91,False,False,False,False,False,False,False,True,True,False,False,True,False,False,True,False
51284,0,0.0,1,14.0,3.0,3,1,2,0,13.0,1.0,1.0,4.0,126.47,False,True,False,False,False,False,False,True,True,False,False,True,False,False,False,True
52570,0,9.0,1,23.0,3.0,5,3,2,0,15.0,1.0,1.0,2.0,123.05000000000001,False,True,False,False,False,False,False,False,True,False,False,True,False,False,True,False
52546,0,17.0,2,7.0,2.0,3,1,5,1,18.0,2.0,2.0,2.0,131.95,False,True,False,False,False,True,False,False,False,False,False,True,False,False,True,False
54138,0,10.0,3,22.0,3.0,6,1,3,0,25.0,5.0,12.0,12.0,179.06,False,False,False,False,False,False,True,False,True,False,True,False,False,False,True,False
51414,0,9.0,1,6.0,3.0,3,5,5,0,13.0,0.0,1.0,2.0,121.94,False,False,False,False,False,False,False,False,True,False,False,True,False,False,True,False
54694,0,14.0,3,12.0,3.0,5,5,7,1,22.0,1.0,2.0,3.0,229.75,False,False,False,False,False,True,False,False,True,False,False,False,False,False,True,False
52763,0,4.0,3,8.0,3.0,3,3,1,0,19.0,0.0,1.0,2.0,130.67,False,True,False,False,False,True,False,False,True,False,False,True,False,False,True,False
50025,1,14.0,1,14.0,2.0,5,2,3,0,15.0,0.0,1.0,3.0,206.5,False,False,False,False,False,True,False,False,True,False,False,False,False,False,False,True
50302,0,3.0,1,14.0,2.0,3,2,1,0,14.0,5.0,6.0,7.0,125.63999999999999,False,False,False,False,False,False,False,False,False,False,False,True,False,False,False,True
53028,0,3.0,1,16.0,2.0,5,2,2,0,18.0,3.0,3.0,3.0,164.83,True,False,False,False,False,False,False,True,True,False,False,False,True,False,False,True
53564,0,10.0,1,13.0,3.0,6,3,3,0,15.0,1.0,2.0,8.0,152.41,True,False,False,False,False,True,False,False,True,False,False,False,True,False,True,False
54467,0,6.0,3,14.0,4.0,5,3,3,0,15.0,4.0,5.0,9.0,179.84,True,False,False,False,False,True,False,False,True,False,True,False,False,False,True,False
52111,0,11.0,1,9.0,3.0,3,3,4,0,16.0,2.0,2.0,2.0,128.21,False,False,False,False,False,False,False,True,True,False,False,True,False,False,True,False
54635,0,1.0,1,30.0,3.0,2,1,3,1,12.0,1.0,2.0,5.0,152.25,True,False,False,False,True,False,False,False,True,False,False,False,True,False,True,False
52828,1,1.0,1,12.0,3.0,4,3,3,1,14.0,3.0,3.0,3.0,159.41,True,False,True,False,False,False,False,False,True,False,False,False,True,False,False,True
54854,1,1.0,3,10.0,3.0,5,1,3,1,12.0,4.0,4.0,3.0,228.25,True,False,False,False,False,True,False,False,True,False,False,False,False,False,True,False
52917,0,11.0,3,11.0,3.0,4,2,6,0,18.0,2.0,6.0,9.0,25.0,False,False,False,False,False,False,True,False,True,False,False,False,True,False,True,False
53128,0,4.0,3,14.0,3.0,4,4,2,0,15.0,2.0,2.0,3.0,154.83,True,False,False,False,False,False,True,False,True,False,False,False,True,False,False,True
55353,0,23.0,1,23.0,4.0,4,5,6,1,17.0,1.0,3.0,3.0,150.87,True,False,False,False,True,False,False,False,False,False,False,False,True,False,True,False
53352,0,17.0,1,15.0,3.0,4,4,6,0,22.0,2.0,2.0,1.0,172.65,True,False,False,False,False,True,False,False,False,False,True,False,False,False,True,False
52989,0,10.0,1,25.0,3.0,3,2,6,0,19.0,1.0,2.0,1.0,161.88,False,False,False,False,False,True,False,False,True,False,False,False,True,False,False,False
54403,0,15.0,1,26.0,3.0,4,5,4,0,17.0,1.0,2.0,1.0,155.72,True,False,False,False,False,True,False,False,True,False,True,False,False,False,True,False
53014,1,1.0,1,9.0,3.0,6,2,7,1,14.0,3.0,3.0,3.0,159.64,True,False,False,False,True,False,False,False,True,False,False,False,True,False,False,False
52076,0,3.0,1,14.0,3.0,1,5,1,1,12.0,0.0,1.0,3.0,214.16000000000003,True,False,False,False,False,True,False,False,False,False,False,False,False,False,True,False
54828,1,5.0,1,9.0,3.0,6,1,6,1,14.0,1.0,2.0,1.0,152.78,True,False,False,False,False,True,False,False,False,False,False,False,True,False,True,False
50777,0,21.0,1,14.0,3.0,1,4,6,0,11.0,0.0,1.0,0.0,125.59,False,True,True,False,False,False,False,False,True,False,False,True,False,False,False,True
53728,0,19.0,1,36.0,3.0,4,1,6,1,19.0,2.0,2.0,3.0,218.8,True,False,False,True,False,False,False,False,True,False,False,False,False,False,False,False
50586,0,6.0,3,23.0,2.0,3,3,2,0,11.0,1.0,6.0,0.0,274.44,False,False,False,False,False,True,False,False,True,True,False,False,False,False,False,True
50266,0,16.0,1,18.0,2.0,4,4,2,0,11.0,0.0,2.0,9.0,243.36,True,False,False,False,False,True,False,False,True,True,False,False,False,False,True,False
55159,0,1.0,1,9.0,3.0,5,1,2,0,13.0,2.0,2.0,2.0,164.04,True,False,False,False,True,False,False,False,True,False,False,False,True,False,False,True
52255,0,0.0,1,31.0,3.0,1,1,2,1,12.0,0.0,1.0,1.0,129.94,False,True,False,False,False,True,False,False,False,False,False,True,False,False,False,True
52771,0,6.0,1,21.0,3.0,3,1,1,1,13.0,6.0,8.0,1.0,148.78,False,True,False,False,True,False,False,False,False,False,True,False,False,False,True,False
54253,0,4.0,3,11.0,4.0,5,4,3,1,13.0,3.0,3.0,8.0,177.09,True,False,False,False,True,False,False,False,False,False,True,False,False,False,True,False
55098,0,13.0,1,20.0,4.0,5,4,8,1,15.0,11.0,16.0,3.0,296.23,True,False,False,False,True,False,False,False,False,True,False,False,False,False,True,False
54714,0,14.0,1,9.0,3.0,5,1,2,1,21.0,1.0,3.0,4.0,148.42,False,True,False,False,True,False,False,False,False,False,False,False,True,False,False,True
55027,0,14.0,3,9.0,4.0,4,4,7,0,13.0,2.0,2.0,1.0,168.27,False,False,False,False,True,False,False,False,True,False,True,False,False,False,True,False
54937,1,1.0,3,16.0,3.0,4,1,3,1,15.0,2.0,2.0,3.0,148.23,False,False,False,False,False,False,True,False,False,False,False,False,True,False,False,True
54706,0,4.0,3,34.0,4.0,4,1,9,0,24.0,3.0,8.0,8.0,178.04,True,False,False,False,False,False,True,False,True,False,True,False,False,False,True,False
53672,1,1.0,3,25.0,4.0,4,3,2,1,19.0,4.0,4.0,3.0,171.14,False,False,False,False,False,False,True,False,False,False,True,False,False,False,False,False
55301,0,18.0,1,14.0,3.0,4,1,2,1,15.0,1.0,2.0,11.0,315.49,True,False,False,False,True,False,False,False,False,False,False,False,False,True,True,False
51772,0,3.0,1,14.0,2.0,3,1,1,0,14.0,1.0,6.0,7.0,125.63999999999999,False,False,False,False,False,False,False,False,False,False,False,True,False,False,False,True
54407,0,7.0,1,12.0,4.0,5,1,3,0,14.0,1.0,2.0,3.0,154.11,True,False,False,False,False,True,False,False,False,False,False,False,True,False,True,False
50482,0,7.0,1,14.0,3.0,4,2,2,0,16.0,1.0,1.0,3.0,125.53,False,False,False,False,False,True,False,False,False,False,False,True,False,False,False,True
53967,0,11.0,3,16.0,3.0,5,4,3,0,15.0,1.0,2.0,4.0,166.89,True,False,False,False,False,False,True,False,True,False,True,False,False,False,True,False
51153,0,19.0,1,8.0,2.0,3,1,8,1,15.0,1.0,2.0,2.0,293.28,True,False,False,False,True,False,False,False,True,False,False,False,False,True,True,False
50384,0,8.0,1,12.0,2.0,5,2,2,0,13.0,11.0,11.0,8.0,166.46,True,False,False,False,False,True,False,False,True,False,True,False,False,False,False,True
54150,0,3.0,1,20.0,3.0,5,4,6,1,14.0,2.0,2.0,4.0,165.25,True,False,False,False,False,False,False,True,True,False,True,False,False,False,True,False
52081,0,21.0,1,12.0,3.0,4,3,3,0,13.0,0.0,2.0,2.0,142.4,False,True,False,False,False,True,False,False,True,False,True,False,False,False,False,True
54286,0,1.0,1,13.0,3.0,5,4,3,0,20.0,3.0,5.0,4.0,148.68,False,True,False,False,False,False,False,True,False,False,False,False,True,False,True,False
52220,0,3.0,1,13.0,2.0,3,3,2,0,13.0,4.0,8.0,9.0,134.91,False,True,False,False,False,True,False,False,True,False,True,False,False,False,True,False
51487,0,18.0,1,35.0,2.0,3,1,6,0,13.0,1.0,1.0,3.0,134.52,False,True,False,False,False,False,False,False,True,False,False,True,False,False,False,True
50692,0,12.0,1,15.0,3.0,3,4,21,0,15.0,1.0,1.0,3.0,167.82,False,False,False,False,False,True,False,False,True,False,True,False,False,False,False,True
51464,0,9.0,1,9.0,3.0,3,1,6,0,22.0,0.0,1.0,0.0,128.35,False,True,False,False,False,True,False,False,False,False,False,True,False,False,True,False
51396,1,11.0,1,6.0,3.0,4,3,10,1,13.0,0.0,1.0,0.0,153.81,True,False,False,False,False,True,False,False,True,False,False,False,False,False,False,True
55582,0,21.0,1,8.0,4.0,4,4,2,0,19.0,1.0,2.0,13.0,244.57,False,False,False,False,True,False,False,False,False,False,False,False,False,False,True,False
51332,0,8.0,1,24.0,3.0,3,3,2,1,14.0,1.0,1.0,2.0,156.89,False,False,False,False,False,True,False,False,True,False,True,False,False,False,True,False
52294,0,3.0,1,23.0,3.0,3,5,2,1,23.0,1.0,1.0,3.0,219.16000000000003,True,False,False,False,True,False,False,False,False,False,False,False,False,False,True,False
54574,0,16.0,1,35.0,3.0,5,1,2,0,12.0,1.0,2.0,5.0,170.23,False,False,True,False,False,False,False,False,False,False,True,False,False,False,True,False
51377,0,17.0,1,16.0,2.0,3,1,3,1,13.0,0.0,1.0,3.0,164.65,True,False,False,False,False,False,False,True,True,False,True,False,False,False,True,False
54724,0,1.0,3,33.0,3.0,4,1,3,0,24.0,1.0,2.0,5.0,186.8,True,False,False,False,True,False,False,False,False,False,True,False,False,False,False,True
50601,1,0.0,1,20.0,2.0,4,4,2,1,24.0,1.0,1.0,2.0,137.43,False,True,False,False,False,False,False,True,True,False,False,False,True,False,True,False
53648,0,14.0,1,23.0,4.0,4,3,11,0,17.0,2.0,2.0,1.0,160.44,False,False,False,False,False,True,False,False,True,False,False,False,True,False,True,False
53687,0,1.0,3,17.0,4.0,5,2,3,1,12.0,3.0,5.0,5.0,182.69,True,False,False,False,False,False,True,False,False,False,True,False,False,False,False,False
52932,0,6.0,3,33.0,4.0,4,2,2,0,19.0,2.0,3.0,3.0,169.65,False,False,False,False,False,False,True,False,True,False,True,False,False,False,False,False
54254,0,20.0,1,7.0,3.0,5,5,4,1,14.0,5.0,2.0,6.0,231.73000000000002,False,False,False,False,True,False,False,False,True,False,False,False,False,False,True,False
54743,0,14.0,1,9.0,3.0,2,4,3,0,25.0,1.0,4.0,8.0,167.44,False,False,False,False,True,False,False,False,False,False,True,False,False,False,True,False
53660,0,22.0,1,11.0,3.0,4,2,3,0,12.0,2.0,2.0,9.0,203.98,True,False,False,False,False,True,False,False,True,False,False,False,False,False,False,True
55453,0,13.0,3,27.0,3.0,4,1,4,0,19.0,2.0,3.0,3.0,166.27,False,False,False,False,False,True,False,False,True,False,True,False,False,False,True,False
54034,0,3.0,1,14.0,3.0,4,5,5,0,15.0,1.0,2.0,3.0,145.62,False,True,False,False,False,True,False,False,True,False,False,False,True,False,False,True
51204,0,0.0,3,29.0,2.0,4,3,2,0,21.0,4.0,5.0,8.0,135.4,False,True,False,False,True,False,False,False,False,False,True,False,False,False,True,False
51926,0,8.0,3,14.0,3.0,3,1,2,0,16.0,1.0,1.0,2.0,125.72,False,True,False,False,False,True,False,False,False,False,False,True,False,False,True,False
54444,0,29.0,1,27.0,3.0,4,1,5,1,20.0,1.0,2.0,9.0,179.15,True,False,True,False,False,False,False,False,True,False,True,False,False,False,True,False
52939,0,11.0,1,7.0,3.0,5,5,4,0,15.0,2.0,2.0,3.0,164.2,True,False,False,False,True,False,False,False,False,False,False,False,True,False,False,False
50306,0,8.0,1,28.0,2.0,5,3,1,0,15.0,2.0,4.0,3.0,142.3,False,True,False,False,False,True,False,False,True,False,False,False,True,False,False,True
52924,0,24.0,3,7.0,4.0,4,2,5,0,15.0,2.0,2.0,7.0,320.17,True,False,False,False,True,False,False,False,False,False,False,False,False,True,True,False
51448,1,0.0,1,12.0,3.0,4,1,2,1,18.0,0.0,1.0,0.0,129.26,False,False,False,False,False,True,False,False,False,False,False,True,False,False,False,True
51950,0,15.0,1,35.0,3.0,3,4,2,0,13.0,5.0,7.0,8.0,144.34,False,True,False,False,False,True,False,False,True,False,True,False,False,False,True,False
51626,0,26.0,1,9.0,2.0,3,3,4,1,16.0,1.0,1.0,3.0,275.84,True,False,False,False,True,False,False,False,True,True,False,False,False,False,True,False
54872,1,1.0,1,17.0,4.0,5,5,8,1,21.0,2.0,2.0,1.0,149.04,False,True,False,False,False,True,False,False,False,False,False,False,True,False,False,True
54663,0,27.0,3,7.0,3.0,4,5,9,0,21.0,5.0,9.0,11.0,208.81,True,False,False,False,True,False,False,False,False,False,True,False,False,False,False,True
53710,0,10.0,3,23.0,4.0,5,5,6,0,14.0,2.0,2.0,3.0,181.47,True,False,False,False,False,False,True,False,False,False,True,False,False,False,False,False
51018,0,18.0,1,11.0,2.0,5,5,2,1,14.0,1.0,1.0,4.0,157.69,True,False,False,False,True,False,False,False,False,False,True,False,False,False,False,True
52138,1,0.0,1,35.0,2.0,4,3,2,0,22.0,2.0,3.0,8.0,145.08,False,False,False,False,True,False,False,False,False,False,True,False,False,False,False,True
54168,0,4.0,1,31.0,4.0,4,3,3,0,23.0,2.0,2.0,1.0,151.93,True,False,False,False,False,True,False,False,True,False,False,False,True,False,True,False
51368,0,7.0,1,13.0,2.0,3,4,1,0,11.0,0.0,2.0,3.0,219.94,True,False,False,False,False,True,False,False,False,False,False,False,False,False,False,True
52485,0,5.0,1,11.0,2.0,1,1,4,0,17.0,1.0,1.0,2.0,133.12,False,True,False,False,False,False,False,True,False,False,False,True,False,False,True,False
53915,0,1.0,1,24.0,4.0,6,3,3,0,16.0,1.0,2.0,3.0,148.05,False,True,False,False,True,False,False,False,True,False,False,False,True,False,True,False
50986,1,9.0,1,8.0,3.0,3,5,2,1,12.0,1.0,1.0,0.0,120.74000000000001,False,True,False,False,False,True,False,False,False,False,False,True,False,False,True,False
51084,0,7.0,1,11.0,2.0,4,1,2,0,14.0,4.0,4.0,13.0,139.86,False,True,False,False,True,False,False,False,True,False,True,False,False,False,True,False
53750,0,9.0,3,14.0,4.0,4,3,3,0,14.0,2.0,2.0,1.0,149.04,False,True,False,False,False,True,False,False,True,False,False,False,True,False,False,False
54096,0,5.0,1,17.0,3.0,4,3,6,0,21.0,4.0,2.0,9.0,235.31,False,False,False,False,True,False,False,False,False,False,False,False,False,False,True,False
51145,0,16.0,2,8.0,3.0,3,1,1,0,13.0,0.0,1.0,8.0,135.39,False,True,False,False,False,True,False,False,True,False,False,True,False,False,False,True
55275,0,22.0,1,22.0,4.0,4,5,10,0,13.0,7.0,8.0,7.0,148.67,False,True,False,False,False,False,False,True,False,False,False,False,True,False,True,False
54103,0,4.0,1,7.0,4.0,4,4,3,0,14.0,1.0,2.0,8.0,162.48,True,False,False,False,True,False,False,False,True,False,False,False,True,False,True,False
50997,0,9.0,3,6.0,3.0,3,3,7,0,13.0,1.0,1.0,0.0,168.15,True,False,False,False,False,True,False,False,False,False,True,False,False,False,False,True
50440,0,18.0,3,8.0,2.0,5,3,1,0,13.0,0.0,3.0,1.0,166.32,True,False,True,False,False,False,False,False,True,False,True,False,False,False,False,True
54517,0,16.0,1,9.0,4.0,5,1,5,0,24.0,2.0,2.0,1.0,192.81,True,False,False,False,False,False,False,True,True,False,True,False,False,False,False,True
50217,0,11.0,1,21.0,3.0,4,2,1,1,14.0,1.0,2.0,3.0,215.10000000000002,True,False,False,False,False,True,False,False,True,False,False,False,False,False,True,False
54107,0,12.0,3,7.0,3.0,4,4,2,0,16.0,5.0,6.0,9.0,169.4,True,False,False,False,False,True,False,False,True,False,True,False,False,False,True,False
51193,0,0.0,1,14.0,2.0,3,1,1,1,14.0,1.0,1.0,2.0,123.78999999999999,False,False,False,False,False,True,False,False,False,False,False,True,False,False,False,True
54830,1,3.0,1,13.0,4.0,4,5,9,1,22.0,2.0,3.0,3.0,149.04,False,True,False,False,True,False,False,False,True,False,False,False,True,False,True,False
50431,0,9.0,3,16.0,2.0,3,4,2,0,14.0,0.0,2.0,2.0,122.97,False,True,False,False,False,False,True,False,True,False,False,True,False,False,True,False
51578,0,9.0,2,12.0,2.0,3,3,9,0,17.0,0.0,2.0,2.0,122.66999999999999,False,True,False,False,False,False,False,False,True,False,False,True,False,False,True,False
52065,0,20.0,3,10.0,2.0,3,1,2,1,17.0,1.0,1.0,7.0,141.63,False,True,False,False,False,True,False,False,False,False,True,False,False,False,False,True
51652,0,5.0,3,13.0,3.0,4,3,2,0,14.0,3.0,4.0,8.0,154.84,True,False,False,False,False,True,False,False,True,False,True,False,False,False,True,False
54711,0,1.0,1,16.0,3.0,4,5,3,0,15.0,2.0,2.0,3.0,150.0,True,False,False,False,True,False,False,False,True,False,False,False,True,False,True,False
54723,1,1.0,1,7.0,4.0,4,1,3,1,14.0,7.0,8.0,9.0,151.86,True,False,False,False,False,False,False,True,True,False,False,False,True,False,False,True
51227,0,21.0,1,28.0,2.0,3,1,4,0,11.0,1.0,4.0,7.0,271.74,False,False,False,False,True,False,False,False,False,True,False,False,False,False,True,False
51465,0,16.0,3,32.0,3.0,3,1,2,1,12.0,1.0,4.0,12.0,269.59,False,False,False,False,False,True,False,False,True,True,False,False,False,False,True,False
54066,1,1.0,1,12.0,3.0,2,3,5,1,15.0,1.0,2.0,4.0,149.32,False,False,False,False,False,True,False,False,False,False,False,False,True,False,False,True
52131,0,13.0,1,26.0,3.0,3,1,5,0,20.0,3.0,11.0,1.0,203.22,True,False,False,True,False,False,False,False,True,False,False,False,False,False,True,False
53334,0,16.0,1,10.0,4.0,2,2,4,1,14.0,1.0,2.0,4.0,177.31,True,False,False,False,False,True,False,False,False,False,True,False,False,False,False,False
51810,0,10.0,1,6.0,2.0,3,1,5,0,17.0,1.0,1.0,2.0,174.91,True,False,True,False,False,False,False,False,False,False,False,False,False,False,False,True
55371,0,7.0,1,28.0,4.0,2,4,3,0,19.0,1.0,3.0,14.0,145.28,False,True,False,False,True,False,False,False,True,False,False,False,True,False,True,False
55323,1,1.0,3,17.0,3.0,5,5,11,0,18.0,1.0,7.0,3.0,228.06,True,False,False,False,True,False,False,False,True,False,False,False,False,False,True,False
55126,0,1.0,1,26.0,4.0,4,1,5,0,12.0,1.0,2.0,3.0,161.69,True,False,False,False,True,False,False,False,True,False,False,False,True,False,True,False
53723,1,3.0,1,9.0,3.0,5,5,4,1,24.0,1.0,2.0,1.0,161.46,False,False,False,False,False,True,False,False,False,False,False,False,True,False,False,True
51937,1,0.0,3,22.0,3.0,3,5,6,0,15.0,1.0,1.0,2.0,153.24,True,False,False,False,False,False,True,False,False,False,True,False,False,False,False,True
53455,0,2.0,3,17.0,4.0,4,4,3,0,23.0,2.0,2.0,1.0,135.52,False,True,False,False,True,False,False,False,True,False,False,False,True,False,False,False
55167,1,13.0,1,35.0,4.0,5,5,5,0,21.0,1.0,2.0,4.0,167.84,False,False,False,False,False,True,False,False,True,False,True,False,False,False,False,True
51559,0,24.0,1,14.0,2.0,4,4,6,0,16.0,2.0,4.0,3.0,224.89999999999998,True,False,False,False,False,True,False,False,True,False,False,False,False,False,True,False
53703,1,1.0,3,7.0,3.0,6,3,3,0,13.0,2.0,2.0,1.0,138.59,False,False,False,False,False,True,False,False,False,False,False,False,True,False,False,True
53268,0,11.0,1,17.0,3.0,4,5,2,1,14.0,4.0,5.0,4.0,152.82,True,False,False,False,False,True,False,False,False,False,False,False,True,False,True,False
55038,0,20.0,1,9.0,3.0,4,1,4,0,12.0,1.0,2.0,5.0,198.79,True,False,False,True,False,False,False,False,True,False,True,False,False,False,True,False
50264,0,15.0,1,14.0,3.0,3,5,4,0,16.0,1.0,1.0,2.0,125.75999999999999,False,True,False,False,False,True,False,False,False,False,False,True,False,False,True,False
51860,1,0.0,1,9.0,3.0,3,5,2,1,11.0,5.0,9.0,7.0,133.48,False,False,False,False,False,True,False,False,True,False,False,True,False,False,False,True
54985,0,16.0,1,36.0,3.0,6,1,6,0,20.0,2.0,2.0,1.0,167.72,True,False,False,False,True,False,False,False,True,False,True,False,False,False,False,True
55355,0,21.0,3,9.0,3.0,2,4,8,0,15.0,1.0,2.0,3.0,284.72,True,False,False,False,False,True,False,False,False,True,False,False,False,False,True,False
51928,0,13.0,1,8.0,2.0,1,4,2,0,24.0,0.0,3.0,7.0,142.44,False,False,False,False,True,False,False,False,False,False,True,False,False,False,True,False
55364,0,27.0,1,31.0,3.0,2,1,5,0,16.0,1.0,2.0,3.0,195.05,True,False,False,False,True,False,False,False,True,False,False,False,False,False,True,False
52232,0,3.0,1,7.0,3.0,3,4,1,1,21.0,3.0,5.0,7.0,135.79,False,True,False,False,True,False,False,False,True,False,False,False,True,False,True,False
55351,0,6.0,1,9.0,3.0,4,4,2,0,14.0,2.0,2.0,7.0,179.7,True,False,False,False,True,False,False,False,True,False,True,False,False,False,True,False
55237,0,28.0,1,18.0,3.0,4,1,5,0,21.0,1.0,2.0,13.0,285.32,False,False,False,False,True,False,False,False,False,True,False,False,False,False,True,False
53202,0,10.0,1,16.0,3.0,5,4,4,1,12.0,2.0,2.0,3.0,213.47,True,False,False,False,True,False,False,False,True,False,True,False,False,False,True,False
54333,0,10.0,1,10.0,2.0,4,4,6,0,13.0,3.0,8.0,3.0,145.88,False,False,False,False,True,False,False,False,True,False,False,False,True,False,False,True
50459,0,7.0,3,14.0,3.0,3,5,6,0,17.0,1.0,1.0,2.0,165.0,True,False,False,False,False,True,False,False,False,False,True,False,False,False,False,False
53834,0,19.0,3,33.0,3.0,5,5,3,0,16.0,1.0,5.0,6.0,168.85,False,False,False,False,False,False,True,False,True,False,True,False,False,False,True,False
51889,0,17.0,1,30.0,2.0,5,3,3,0,14.0,0.0,1.0,4.0,137.08,False,False,False,False,True,False,False,False,True,False,False,False,True,False,False,True
51744,0,10.0,1,31.0,3.0,3,3,4,1,15.0,4.0,10.0,7.0,144.49,False,False,False,False,True,False,False,False,False,False,True,False,False,False,True,False
54313,0,27.0,3,13.0,3.0,4,3,4,1,21.0,1.0,5.0,6.0,148.06,False,True,False,False,False,False,True,False,True,False,True,False,False,False,True,False
53595,0,22.0,1,7.0,4.0,5,2,8,0,15.0,2.0,2.0,1.0,307.65,True,False,False,False,False,True,False,False,True,False,False,False,False,True,False,True
55190,0,14.0,1,16.0,3.0,4,3,5,0,12.0,1.0,2.0,8.0,164.75,False,False,False,False,False,False,False,True,True,False,True,False,False,False,True,False
53568,0,20.0,1,9.0,3.0,4,2,4,0,12.0,2.0,2.0,5.0,198.79,True,False,False,True,False,False,False,False,True,False,True,False,False,False,True,False
50109,0,23.0,3,6.0,3.0,3,2,4,0,15.0,1.0,1.0,6.0,295.17,True,False,False,False,True,False,False,False,False,False,False,False,False,True,True,False
55325,0,14.0,1,23.0,3.0,4,1,8,1,16.0,4.0,4.0,4.0,204.45,True,False,False,False,False,True,False,False,False,False,False,False,False,False,False,True
51988,0,11.0,3,15.0,3.0,4,4,1,0,19.0,0.0,1.0,2.0,128.99,False,True,False,False,False,False,True,False,True,False,False,True,False,False,True,False
50113,0,25.0,3,8.0,3.0,4,3,2,1,18.0,1.0,15.0,12.0,290.68,False,False,False,False,False,True,False,False,True,False,False,False,False,True,False,True
52372,0,5.0,3,13.0,3.0,3,1,5,0,12.0,0.0,1.0,3.0,192.04,True,False,False,False,False,False,True,False,True,False,True,False,False,False,True,False
50911,0,9.0,2,14.0,3.0,1,4,10,0,18.0,0.0,1.0,2.0,121.09,False,True,False,False,False,False,False,False,False,False,False,True,False,False,False,True
54924,0,8.0,3,17.0,3.0,4,3,3,1,20.0,1.0,2.0,1.0,147.2,False,True,False,False,False,True,False,False,False,False,False,False,True,False,True,False
53917,0,6.0,1,17.0,3.0,4,3,8,0,14.0,1.0,2.0,4.0,159.33,False,False,False,False,False,True,False,False,True,False,False,False,True,False,True,False
52509,0,10.0,1,16.0,3.0,3,4,2,0,11.0,4.0,7.0,7.0,139.36,False,True,False,False,True,False,False,False,False,False,False,False,True,False,True,False
50962,0,23.0,1,28.0,2.0,5,1,2,1,13.0,13.0,2.0,9.0,244.11,False,False,False,False,True,False,False,False,True,True,False,False,False,False,False,True
50291,1,0.0,3,14.0,2.0,5,3,1,0,16.0,1.0,1.0,0.0,123.50999999999999,False,False,False,False,False,False,True,False,False,False,False,True,False,False,True,False
51679,0,16.0,1,13.0,2.0,3,5,9,0,16.0,1.0,1.0,0.0,199.85,True,False,False,False,False,True,False,False,False,False,False,False,False,False,True,False
52082,0,21.0,1,10.0,3.0,4,3,8,0,14.0,1.0,4.0,3.0,209.99,True,False,False,False,False,True,False,False,True,False,False,False,False,False,False,True
54123,0,11.0,1,17.0,3.0,2,1,3,1,26.0,1.0,7.0,9.0,262.44,True,False,False,False,False,True,False,False,False,False,False,False,False,False,True,False
50646,0,19.0,1,6.0,2.0,3,2,10,0,15.0,1.0,2.0,2.0,296.27,True,False,False,False,True,False,False,False,True,False,False,False,False,True,True,False
55383,1,1.0,2,29.0,3.0,6,3,3,0,12.0,1.0,2.0,1.0,140.55,False,True,False,False,False,False,False,True,True,False,False,False,True,False,True,False
55336,0,13.0,1,19.0,4.0,4,4,6,0,22.0,2.0,2.0,1.0,177.95,True,False,False,False,True,False,False,False,True,False,True,False,False,False,True,False
51824,0,9.0,3,19.0,2.0,3,3,2,0,11.0,1.0,1.0,6.0,120.96000000000001,False,True,False,False,False,False,False,False,True,False,False,True,False,False,True,False
55080,0,31.0,1,25.0,4.0,4,1,8,0,13.0,4.0,6.0,3.0,230.12,True,False,False,False,True,False,False,False,True,False,False,False,False,False,False,True
50900,0,20.0,1,8.0,2.0,3,3,4,0,19.0,1.0,5.0,6.0,271.69,True,False,False,False,True,False,False,False,False,True,False,False,False,False,False,False
53832,0,4.0,1,14.0,3.0,5,4,3,0,13.0,1.0,2.0,2.0,146.41,False,True,False,False,True,False,False,False,True,False,False,False,True,False,True,False
51076,0,17.0,2,6.0,2.0,3,1,5,1,18.0,2.0,2.0,2.0,131.95,False,True,False,False,False,True,False,False,False,False,False,True,False,False,True,False
53257,1,11.0,3,34.0,4.0,2,3,6,1,13.0,2.0,2.0,4.0,188.97,False,False,False,False,False,True,False,False,False,False,True,False,False,False,False,True
51530,0,26.0,1,19.0,2.0,1,5,2,0,11.0,1.0,1.0,3.0,144.5,False,True,False,False,True,False,False,False,False,False,True,False,False,False,True,False
52941,1,1.0,1,17.0,4.0,4,3,8,0,12.0,2.0,2.0,3.0,225.48,False,False,False,False,True,False,False,False,True,False,False,False,False,False,True,False
52198,0,2.0,1,12.0,3.0,3,1,2,0,13.0,0.0,1.0,8.0,131.31,False,True,False,False,False,False,False,False,False,False,False,True,False,False,True,False
52460,0,21.0,1,14.0,3.0,3,5,9,0,12.0,6.0,7.0,6.0,123.66999999999999,False,True,False,False,False,False,False,True,False,False,False,True,False,False,True,False
53297,0,8.0,1,23.0,4.0,5,2,3,0,17.0,2.0,2.0,4.0,150.53,False,False,False,False,False,True,False,False,False,False,False,False,True,False,False,True
53065,0,2.0,3,16.0,4.0,4,2,3,0,17.0,2.0,2.0,8.0,177.53,True,False,False,False,False,True,False,False,True,False,True,False,False,False,False,True
54788,0,26.0,1,32.0,3.0,5,1,5,0,23.0,1.0,2.0,1.0,263.26,False,False,False,False,True,False,False,False,False,True,False,False,False,False,True,False
50874,0,0.0,1,8.0,2.0,4,2,1,0,12.0,0.0,1.0,1.0,139.04,False,True,False,False,True,False,False,False,True,False,False,False,True,False,False,True
52295,0,12.0,1,24.0,2.0,3,3,1,0,11.0,1.0,1.0,7.0,145.34,False,True,False,False,False,True,False,False,True,False,True,False,False,False,False,True
55074,1,9.0,3,9.0,4.0,6,4,4,1,15.0,2.0,2.0,12.0,313.24,True,False,False,False,False,False,True,False,False,False,False,False,False,True,False,True
54386,0,31.0,1,10.0,4.0,5,1,5,0,18.0,1.0,2.0,1.0,146.77,False,True,False,False,False,True,False,False,True,False,False,False,True,False,True,False
53862,1,4.0,1,14.0,4.0,4,5,5,1,15.0,1.0,2.0,4.0,146.66,False,True,False,False,False,True,False,False,True,False,False,False,True,False,False,True
52802,0,8.0,1,24.0,3.0,3,3,2,1,14.0,0.0,1.0,2.0,156.89,False,False,False,False,False,True,False,False,True,False,True,False,False,False,True,False
50882,1,0.0,1,34.0,3.0,4,5,4,0,20.0,0.0,1.0,3.0,142.84,False,False,False,False,False,True,False,False,True,False,True,False,False,False,False,True
51271,1,0.0,3,32.0,3.0,3,1,2,1,11.0,0.0,1.0,8.0,156.17,False,False,False,False,False,False,True,False,True,False,True,False,False,False,True,False
50578,0,3.0,3,14.0,3.0,3,3,6,0,11.0,4.0,7.0,7.0,172.64,True,False,False,False,False,False,False,True,True,False,False,False,False,False,True,False
53206,0,9.0,1,10.0,3.0,5,3,3,0,19.0,2.0,2.0,1.0,137.81,False,False,False,False,False,True,False,False,True,False,False,False,True,False,False,False
50201,0,4.0,1,13.0,2.0,4,3,2,0,24.0,3.0,8.0,9.0,189.43,False,False,False,False,False,True,False,False,False,False,False,False,False,False,False,False
50289,0,15.0,1,34.0,2.0,4,2,1,0,11.0,0.0,1.0,4.0,145.23,False,False,True,False,False,False,False,False,False,False,True,False,False,False,False,False
54640,1,1.0,1,14.0,3.0,4,3,3,1,17.0,1.0,2.0,3.0,153.86,False,False,False,False,False,True,False,False,False,False,False,False,True,False,True,False
53448,0,8.0,3,7.0,4.0,2,2,2,0,12.0,2.0,2.0,3.0,222.25,True,False,False,False,False,False,True,False,True,False,True,False,False,False,True,False
51685,0,0.0,3,14.0,2.0,3,4,2,0,18.0,0.0,1.0,7.0,162.14,True,False,False,False,False,False,True,False,False,False,True,False,False,False,True,False
50751,0,17.0,1,35.0,2.0,3,2,2,0,25.0,1.0,1.0,14.5,145.41,False,True,False,False,False,False,False,True,True,False,True,False,False,False,False,True
51443,0,1.0,3,10.0,2.0,3,3,2,0,15.0,0.0,1.0,4.0,142.21,False,False,False,False,True,False,False,False,True,False,True,False,False,False,True,False
52839,1,1.0,3,27.0,4.0,6,3,5,1,12.0,2.0,3.0,3.0,170.59,True,False,False,False,False,True,False,False,False,False,True,False,False,False,False,False
54304,0,4.0,1,25.0,4.0,4,3,3,0,15.0,2.0,2.0,5.0,151.32,True,False,False,False,False,True,False,False,False,False,False,False,True,False,False,True
50859,0,7.0,1,8.0,3.0,3,2,2,0,11.0,1.0,4.0,11.0,166.87,True,False,True,False,False,False,False,False,False,False,True,False,False,False,False,True
51374,0,17.0,1,13.0,2.0,4,1,4,0,14.0,0.0,5.0,14.5,202.48,True,False,False,False,True,False,False,False,False,False,False,False,False,False,True,False
53911,0,10.0,3,9.0,3.0,4,1,5,0,16.0,4.0,7.0,8.0,170.02,True,False,False,False,False,True,False,False,False,False,True,False,False,False,False,True
52117,0,27.0,3,8.0,2.0,4,3,7,0,11.0,6.0,7.0,0.0,206.86,True,False,False,False,False,True,False,False,False,False,False,False,False,False,True,False
54561,0,13.0,1,7.0,3.0,4,3,3,1,15.0,1.0,2.0,7.0,316.97,False,False,False,False,False,True,False,False,True,False,False,False,False,True,True,False
50549,0,6.0,1,6.0,3.0,4,5,4,1,11.0,0.0,1.0,2.0,127.99000000000001,False,True,False,False,False,False,False,True,True,False,False,True,False,False,False,True
51650,0,12.0,1,6.0,2.0,1,1,1,0,17.0,1.0,3.0,7.0,196.13,True,False,False,False,True,False,False,False,True,False,False,False,False,False,True,False
54179,0,27.0,3,9.0,4.0,5,1,4,0,17.0,1.0,4.0,8.0,279.27,True,False,False,False,False,True,False,False,False,True,False,False,False,False,True,False
50870,0,25.0,1,34.0,2.0,1,3,3,1,11.0,0.0,2.0,2.0,232.47000000000003,False,False,False,False,True,False,False,False,False,True,False,False,False,False,False,False
53520,1,1.0,3,16.0,4.0,4,5,2,1,18.0,1.0,2.0,4.0,207.24,True,False,False,False,False,False,True,False,False,False,True,False,False,False,False,True
53729,0,22.0,3,14.0,4.0,4,5,6,0,12.0,2.0,3.0,3.0,179.86,True,False,False,False,False,False,True,False,True,False,True,False,False,False,True,False
51676,0,16.0,1,16.0,2.0,4,3,2,0,11.0,1.0,1.0,0.0,152.57,False,False,False,False,False,True,False,False,False,False,True,False,False,False,True,False
52332,0,12.0,3,27.0,2.0,4,1,4,1,12.0,0.0,1.0,4.0,161.2,True,False,False,False,False,True,False,False,True,False,True,False,False,False,True,False
55152,0,6.0,3,9.0,3.0,4,4,2,1,14.0,2.0,2.0,3.0,165.78,True,False,False,False,False,False,True,False,True,False,True,False,False,False,True,False
53962,1,1.0,3,14.0,3.0,4,4,3,0,14.0,2.0,2.0,1.0,151.79,True,False,False,False,False,False,True,False,True,False,False,False,True,False,False,True
55065,0,22.0,1,8.0,4.0,5,1,8,0,15.0,2.0,2.0,1.0,307.65,True,False,False,False,False,True,False,False,True,False,False,False,False,True,False,True
50571,1,0.0,3,6.0,2.0,4,3,6,0,11.0,1.0,11.0,7.0,206.08999999999997,True,False,False,False,False,True,False,False,True,False,False,False,False,False,False,False
51901,0,9.0,3,16.0,2.0,3,4,2,0,14.0,2.0,2.0,2.0,122.97,False,True,False,False,False,False,True,False,True,False,False,True,False,False,True,False
52772,0,5.0,1,35.0,3.0,4,4,2,0,13.0,0.0,4.0,1.0,128.37,False,True,False,False,False,True,False,False,False,False,False,True,False,False,False,True
51760,1,0.0,3,6.0,3.0,3,4,2,1,16.0,0.0,1.0,4.0,132.02,False,True,True,False,False,False,False,False,False,False,False,True,False,False,False,True
51702,0,15.0,1,8.0,3.0,4,1,4,0,23.0,1.0,1.0,0.0,167.81,True,False,False,False,False,False,False,True,True,False,True,False,False,False,False,True
54861,1,21.0,1,9.0,3.0,4,3,6,0,25.0,1.0,2.0,1.0,149.79,True,False,True,False,False,False,False,False,True,False,False,False,True,False,False,True
50262,0,10.0,1,20.0,3.0,3,5,2,0,12.0,3.0,12.0,14.5,130.34,False,True,False,False,False,True,False,False,False,False,False,True,False,False,True,False
51511,0,23.0,1,17.0,2.0,3,4,4,0,15.0,0.0,4.0,4.0,299.26,True,False,False,False,False,True,False,False,False,False,False,False,False,True,False,True
53715,0,21.0,1,9.0,3.0,4,3,5,0,15.0,4.0,6.0,7.0,296.69,True,False,False,False,True,False,False,False,False,True,False,False,False,False,False,False
52811,0,9.0,1,14.0,2.0,1,1,5,0,17.0,0.0,1.0,3.0,125.71000000000001,False,False,False,False,False,False,False,False,True,False,True,False,False,False,True,False
51125,1,0.0,3,15.0,3.0,5,4,2,0,13.0,1.0,2.0,2.0,127.6,False,True,False,False,False,False,True,False,False,False,False,True,False,False,False,True
53283,0,21.0,1,9.0,3.0,4,2,3,1,15.0,4.0,4.0,1.0,292.52,True,False,False,False,False,False,False,True,False,True,False,False,False,False,False,False
52191,0,13.0,1,32.0,3.0,4,1,4,1,13.0,0.0,1.0,0.0,144.22,False,False,False,False,True,False,False,False,False,False,True,False,False,False,True,False
54931,0,20.0,1,7.0,3.0,4,1,11,0,15.0,2.0,3.0,3.0,321.27,True,False,False,False,True,False,False,False,True,False,False,False,False,True,True,False
52862,1,1.0,3,7.0,4.0,6,5,2,0,22.0,2.0,2.0,1.0,148.25,False,False,True,False,False,False,False,False,False,False,False,False,True,False,False,True
53479,0,2.0,1,17.0,3.0,4,3,5,0,14.0,2.0,2.0,8.0,161.6,True,False,False,False,False,False,False,True,False,False,True,False,False,False,False,True
51700,0,3.0,3,31.0,2.0,3,3,8,1,12.0,2.0,2.0,2.0,147.36,False,False,True,False,False,False,False,False,False,False,True,False,False,False,True,False
53588,0,31.0,3,10.0,3.0,5,2,7,0,18.0,1.0,2.0,6.0,176.71,True,False,False,False,False,True,False,False,False,False,True,False,False,False,False,True
54980,0,2.0,1,9.0,4.0,5,4,2,0,18.0,1.0,2.0,5.0,157.01,True,False,False,False,False,True,False,False,True,False,False,False,True,False,True,False
51420,0,9.0,1,12.0,3.0,1,1,4,0,12.0,0.0,1.0,0.0,130.38,False,True,False,False,False,True,False,False,False,False,False,True,False,False,True,False
51819,0,22.0,1,24.0,2.0,4,3,2,1,15.0,1.0,1.0,9.0,295.02,True,False,False,False,False,True,False,False,True,False,False,False,False,True,True,False
54289,0,1.0,1,9.0,4.0,4,1,2,0,15.0,3.0,3.0,2.0,150.23,True,False,True,False,False,False,False,False,True,False,False,False,True,False,True,False
50316,1,0.0,2,29.0,2.0,3,5,10,1,15.0,1.0,1.0,2.0,199.5,False,False,False,False,False,False,False,True,False,False,False,False,False,False,True,False
53468,1,1.0,1,17.0,3.0,5,5,3,0,14.0,2.0,2.0,1.0,139.16,False,True,False,False,False,True,False,False,False,False,False,False,True,False,False,True
52597,0,3.0,3,21.0,3.0,4,5,3,0,11.0,1.0,1.0,7.0,171.4,True,False,False,False,False,False,True,False,True,False,False,False,False,False,True,False
55399,0,1.0,1,11.0,3.0,4,4,3,0,14.0,1.0,2.0,3.0,157.95,True,False,False,False,True,False,False,False,False,False,False,False,True,False,False,True
55019,0,27.0,1,14.0,3.0,4,3,5,0,15.0,4.0,5.0,8.0,311.06,True,False,False,False,True,False,False,False,False,False,False,False,False,True,True,False
55238,1,1.0,1,8.0,4.0,5,5,8,0,14.0,2.0,2.0,8.0,148.62,False,True,True,False,False,False,False,False,True,False,False,False,True,False,False,True
50138,0,9.0,1,8.0,2.0,4,5,5,0,13.0,0.0,1.0,4.0,121.75999999999999,False,True,False,True,False,False,False,False,True,False,True,False,False,False,False,True
54051,0,5.0,1,11.0,4.0,2,3,10,0,13.0,3.0,3.0,3.0,164.78,True,False,False,False,True,False,False,False,False,False,False,False,True,False,True,False
51352,0,30.0,1,9.0,3.0,1,5,5,1,20.0,0.0,1.0,0.0,126.69999999999999,False,True,False,False,False,False,False,False,False,False,False,True,False,False,True,False
50996,0,11.0,3,22.0,2.0,3,4,3,0,12.0,0.0,1.0,2.0,141.98,False,True,False,False,False,True,False,False,False,False,True,False,False,False,False,True
50860,0,1.0,3,32.0,2.0,4,5,2,0,11.0,1.0,1.0,4.0,147.24,False,True,False,False,False,True,False,False,True,False,True,False,False,False,False,False
55225,0,4.0,2,8.0,3.0,4,3,2,0,22.0,1.0,2.0,4.0,145.64,False,True,False,False,False,True,False,False,True,False,False,False,True,False,True,False
53627,0,19.0,1,32.0,3.0,4,4,5,0,15.0,2.0,2.0,1.0,305.61,False,False,False,False,True,False,False,False,False,False,False,False,False,True,False,True
52285,1,0.0,1,13.0,3.0,3,3,2,0,18.0,0.0,1.0,1.0,148.83,False,True,False,False,False,True,False,False,True,False,True,False,False,False,True,False
51551,1,0.0,3,33.0,2.0,3,1,2,0,22.0,0.0,1.0,9.0,176.39,True,False,False,False,False,False,True,False,False,False,False,False,False,False,True,False
53897,0,1.0,1,14.0,4.0,4,1,3,0,21.0,6.0,6.0,8.0,150.7,False,False,False,False,True,False,False,False,True,False,False,False,True,False,False,True
50974,0,13.0,1,14.0,3.0,3,1,4,1,18.0,2.0,2.0,2.0,140.69,False,False,False,False,False,True,False,False,True,False,True,False,False,False,True,False
54668,0,3.0,3,10.0,4.0,4,3,3,0,15.0,1.0,2.0,3.0,180.61,True,False,False,False,True,False,False,False,False,False,True,False,False,False,True,False
54667,0,11.0,1,10.0,3.0,4,3,3,0,16.0,8.0,8.0,3.0,219.34,True,False,False,False,False,False,False,True,True,False,False,False,False,False,True,False
52409,0,2.0,3,25.0,3.0,4,3,2,0,14.0,1.0,1.0,4.0,186.2,True,False,False,False,False,True,False,False,True,False,True,False,False,False,True,False
52394,0,7.0,3,9.0,2.0,5,5,4,0,18.0,2.0,3.0,12.0,147.59,False,True,False,False,False,False,False,True,True,False,True,False,False,False,False,True
52321,1,18.0,3,19.0,2.0,1,3,7,1,17.0,1.0,2.0,8.0,236.95,True,False,False,False,False,False,True,False,True,True,False,False,False,False,False,True
51470,1,0.0,3,12.0,3.0,5,3,5,1,18.0,0.0,7.0,7.0,161.72,True,False,False,False,False,True,False,False,True,False,True,False,False,False,True,False
54504,0,3.0,3,17.0,3.0,5,4,3,1,15.0,2.0,2.0,8.0,207.68,True,False,False,False,False,False,True,False,False,False,True,False,False,False,True,False
54345,0,27.0,1,20.0,3.0,2,5,3,0,12.0,2.0,2.0,4.0,169.5,True,False,False,False,True,False,False,False,False,False,True,False,False,False,True,False
53579,0,9.0,3,15.0,4.0,5,2,6,1,12.0,3.0,5.0,3.0,228.77,False,False,False,False,False,False,True,False,False,False,False,False,False,False,False,False
50278,0,3.0,3,18.0,2.0,3,3,1,0,11.0,3.0,4.0,4.0,165.77,True,False,True,False,False,False,False,False,False,False,True,False,False,False,False,True
55621,0,3.0,1,35.0,4.0,5,5,3,0,15.0,1.0,2.0,5.0,162.85,True,False,False,False,True,False,False,False,False,False,False,False,True,False,False,True
52986,0,16.0,3,33.0,4.0,4,4,7,0,15.0,3.0,2.0,9.0,260.25,False,False,False,False,False,False,True,False,False,True,False,False,False,False,False,False
53787,0,14.0,2,13.0,3.0,4,1,3,1,22.0,1.0,8.0,8.0,289.37,True,False,False,False,True,False,False,False,True,True,False,False,False,False,False,True
50875,0,15.0,2,16.0,2.0,3,5,1,0,14.0,1.0,1.0,9.0,267.99,True,False,False,False,False,False,False,True,False,True,False,False,False,False,False,False
54593,0,8.0,1,9.0,4.0,5,3,5,0,13.0,4.0,6.0,8.0,152.68,True,False,False,False,False,True,False,False,True,False,False,False,True,False,True,False
53153,0,8.0,3,28.0,4.0,3,2,3,0,13.0,6.0,6.0,8.0,178.37,True,False,False,False,False,True,False,False,True,False,True,False,False,False,False,True
54006,0,10.0,1,9.0,4.0,4,4,6,1,23.0,1.0,2.0,1.0,194.62,True,False,False,False,False,False,False,True,False,False,True,False,False,False,True,False
50018,1,0.0,3,11.0,2.0,4,3,2,1,11.0,1.0,1.0,3.0,157.44,True,False,False,False,False,False,True,False,True,False,True,False,False,False,False,True
52634,0,8.0,1,8.0,2.0,3,1,3,0,14.0,1.0,1.0,7.0,157.62,False,False,False,False,True,False,False,False,True,False,True,False,False,False,True,False
53864,0,10.0,1,12.0,3.0,4,5,6,0,13.0,2.0,2.0,3.0,205.08,True,False,False,False,False,True,False,False,False,False,False,False,False,False,True,False
51091,0,8.0,1,8.0,3.0,4,1,1,1,14.0,1.0,1.0,4.0,149.3,False,False,False,False,True,False,False,False,True,False,False,False,True,False,False,True
52097,0,23.0,3,6.0,3.0,3,3,1,0,12.0,0.0,1.0,13.0,163.47,False,False,False,False,False,True,False,False,False,False,True,False,False,False,True,False
53522,1,1.0,1,22.0,4.0,4,3,3,0,13.0,3.0,3.0,3.0,151.1,False,False,False,False,True,False,False,False,True,False,False,False,True,False,False,False
54273,0,28.0,2,33.0,2.0,2,1,4,1,15.0,3.0,5.0,5.0,298.28,False,False,False,False,False,False,False,True,False,True,False,False,False,False,False,True
53042,0,6.0,1,9.0,4.0,4,4,3,0,14.0,1.0,2.0,8.0,148.7,False,True,False,False,True,False,False,False,False,False,False,False,True,False,False,False
55598,0,13.0,1,16.0,3.0,4,1,4,0,15.0,2.0,2.0,4.0,319.31,False,False,False,False,False,True,False,False,True,False,False,False,False,True,False,True
54578,0,14.0,3,9.0,4.0,4,3,2,0,15.0,2.0,2.0,13.0,305.41,True,False,False,False,False,True,False,False,False,False,False,False,False,True,True,False
52813,0,0.0,1,10.0,2.0,1,4,2,1,20.0,0.0,1.0,3.0,161.42,True,False,False,False,False,True,False,False,True,False,True,False,False,False,True,False
53838,0,23.0,1,32.0,3.0,4,5,3,0,15.0,1.0,2.0,5.0,157.11,True,False,False,False,False,True,False,False,False,False,False,False,True,False,True,False
55324,0,11.0,1,17.0,4.0,4,4,3,0,12.0,5.0,8.0,8.0,164.36,True,False,False,False,True,False,False,False,False,False,False,False,True,False,True,False
54204,0,1.0,3,15.0,3.0,4,3,3,0,16.0,2.0,2.0,3.0,212.26,False,False,False,False,False,True,False,False,True,False,False,False,False,False,False,True
55501,0,10.0,3,17.0,4.0,5,3,3,1,14.0,1.0,2.0,8.0,181.73,True,False,True,False,False,False,False,False,False,False,True,False,False,False,True,False
50005,1,0.0,1,12.0,3.0,3,5,3,0,11.0,1.0,1.0,3.0,129.6,False,True,False,False,False,False,False,False,True,False,False,True,False,False,False,True
54044,1,1.0,1,23.0,3.0,6,5,3,1,24.0,4.0,4.0,1.0,148.07,False,False,True,False,False,False,False,False,True,False,False,False,True,False,True,False
52207,0,19.0,3,8.0,3.0,3,5,9,0,23.0,1.0,15.0,9.0,270.48,True,False,False,False,False,False,True,False,False,True,False,False,False,False,True,False
51961,0,9.0,1,9.0,2.0,3,1,2,0,11.0,0.0,1.0,0.0,117.06,False,False,False,False,True,False,False,False,True,False,False,False,True,False,True,False
55326,0,18.0,2,8.0,3.0,4,1,6,1,12.0,2.0,2.0,3.0,182.43,False,False,False,False,False,False,False,True,True,False,True,False,False,False,True,False
52775,0,12.0,1,30.0,2.0,3,1,8,0,13.0,0.0,1.0,7.0,141.08,False,True,False,False,False,True,False,False,True,False,True,False,False,False,False,True
54406,0,5.0,1,10.0,4.0,4,3,11,0,13.0,1.0,3.0,3.0,261.75,False,False,False,False,True,False,False,False,True,False,False,False,False,False,True,False
51496,0,13.0,1,32.0,2.0,3,4,2,0,11.0,0.0,2.0,13.0,156.05,False,False,False,False,True,False,False,False,False,False,True,False,False,False,True,False
52933,0,15.0,1,26.0,3.0,4,5,4,0,17.0,2.0,2.0,1.0,155.72,True,False,False,False,False,True,False,False,True,False,True,False,False,False,True,False
50903,0,7.0,1,6.0,2.0,4,4,6,0,17.0,1.0,1.0,2.0,132.94,False,True,False,False,False,True,False,False,False,False,False,True,False,False,False,False
55078,0,8.0,3,9.0,3.0,4,5,2,1,13.0,2.0,2.0,3.0,170.38,True,False,False,False,False,False,True,False,False,False,True,False,False,False,False,True
50797,0,9.0,1,6.0,2.0,3,3,1,1,11.0,0.0,1.0,2.0,121.53999999999999,False,False,False,False,False,False,False,False,True,False,False,True,False,False,False,True
50633,0,7.0,3,6.0,3.0,1,2,1,0,11.0,1.0,1.0,9.0,197.25,True,False,False,False,False,False,True,False,True,False,True,False,False,False,True,False
55105,0,2.0,1,8.0,3.0,6,1,2,0,12.0,8.0,8.0,6.0,191.74,False,False,False,False,False,True,False,False,False,False,True,False,False,False,True,False
54270,0,1.0,1,22.0,3.0,4,1,3,0,16.0,2.0,2.0,1.0,153.71,True,False,False,False,True,False,False,False,False,False,False,False,True,False,False,True
50806,0,24.0,1,12.0,3.0,4,3,1,0,14.0,7.0,7.0,7.0,128.38,False,False,False,False,False,False,False,False,False,False,False,True,False,False,False,True
53611,0,8.0,1,26.0,3.0,4,4,6,0,14.0,4.0,6.0,11.0,169.44,False,False,False,False,True,False,False,False,False,False,True,False,False,False,True,False
50293,0,13.0,3,8.0,3.0,3,3,1,0,14.0,1.0,1.0,12.0,280.41,True,False,False,False,False,True,False,False,False,False,False,False,False,True,False,False
54941,1,1.0,1,31.0,4.0,5,5,3,0,13.0,2.0,2.0,3.0,212.22,False,False,False,True,False,False,False,False,True,False,False,False,False,False,False,True
55026,0,4.0,3,36.0,4.0,4,5,10,0,20.0,2.0,2.0,4.0,166.15,True,False,False,False,False,True,False,False,True,False,True,False,False,False,True,False
50642,0,23.0,1,8.0,3.0,3,3,3,1,15.0,7.0,7.0,7.0,292.37,True,False,False,False,True,False,False,False,True,False,False,False,False,True,False,False
54638,0,24.0,2,10.0,4.0,4,4,3,0,15.0,2.0,11.0,8.0,307.0,False,False,False,False,True,False,False,False,True,False,False,False,False,True,True,False
52432,0,23.0,1,28.0,2.0,5,1,2,1,13.0,1.0,2.0,9.0,244.11,False,False,False,False,True,False,False,False,True,True,False,False,False,False,False,True
50755,0,30.0,3,13.0,2.0,1,2,1,1,18.0,0.0,1.0,9.0,152.2,True,False,False,False,False,False,True,False,True,False,True,False,False,False,True,False
54920,0,19.0,2,31.0,3.0,4,4,3,0,17.0,1.0,2.0,5.0,146.77,False,True,False,False,True,False,False,False,True,False,False,False,True,False,False,True
51573,0,2.0,3,6.0,2.0,3,1,2,0,14.0,4.0,4.0,1.0,179.18,False,False,False,False,True,False,False,False,False,False,False,False,False,False,True,False
52428,0,9.0,1,26.0,3.0,3,3,1,0,14.0,1.0,1.0,2.0,122.72,False,True,False,False,False,True,False,False,True,False,True,False,False,False,False,True
52529,0,9.0,1,9.0,3.0,1,5,7,0,20.0,0.0,1.0,4.0,168.42,True,False,False,False,False,True,False,False,True,False,True,False,False,False,True,False
54802,0,6.0,3,12.0,3.0,4,4,3,0,15.0,3.0,6.0,4.0,190.24,False,False,False,False,False,True,False,False,True,False,True,False,False,False,True,False
53055,0,11.0,1,17.0,4.0,4,5,8,0,21.0,2.0,2.0,4.0,159.52,True,False,False,False,True,False,False,False,False,False,False,False,True,False,False,False
50095,0,27.0,3,9.0,2.0,3,5,3,0,14.0,1.0,1.0,5.0,159.4,True,False,False,False,False,False,True,False,False,False,True,False,False,False,False,False
50742,0,13.0,3,8.0,3.0,3,4,6,0,12.0,1.0,1.0,0.0,143.27,False,False,False,False,True,False,False,False,True,False,True,False,False,False,False,False
52304,0,7.0,1,15.0,2.0,3,1,1,0,11.0,0.0,1.0,6.0,185.0,True,False,False,False,False,True,False,False,True,False,False,False,False,False,True,False
50354,0,9.0,3,19.0,2.0,3,3,2,0,11.0,1.0,1.0,6.0,120.96000000000001,False,True,False,False,False,False,False,False,True,False,False,True,False,False,False,False
53239,0,17.0,3,22.0,3.0,5,2,5,0,19.0,1.0,3.0,3.0,193.04,False,False,False,False,False,True,False,False,True,False,True,False,False,False,False,False
55570,0,14.0,1,18.0,4.0,4,3,3,0,12.0,8.0,10.0,5.0,188.23,False,False,True,False,False,False,False,False,False,False,True,False,False,False,True,False
52039,1,0.0,3,9.0,2.0,4,1,2,1,11.0,3.0,3.0,7.0,203.25,True,False,False,False,False,True,False,False,True,False,False,False,False,False,True,False
52902,0,4.0,1,7.0,3.0,5,3,3,0,23.0,3.0,6.0,3.0,209.74,False,False,False,False,False,True,False,False,True,False,False,False,False,False,False,True
55333,0,3.0,3,17.0,3.0,5,3,11,0,12.0,2.0,2.0,5.0,183.69,True,False,False,False,True,False,False,False,True,False,True,False,False,False,False,True
55288,0,1.0,1,17.0,3.0,2,3,4,0,17.0,1.0,3.0,3.0,145.73,False,True,True,False,False,False,False,False,True,False,False,False,True,False,True,False
51619,0,10.0,3,12.0,3.0,3,1,5,0,14.0,1.0,1.0,1.0,165.02,True,False,False,False,True,False,False,False,True,False,True,False,False,False,True,False
54390,1,1.0,1,25.0,3.0,5,1,3,1,14.0,1.0,2.0,2.0,148.89,False,True,False,False,True,False,False,False,True,False,False,False,True,False,False,True
51113,1,0.0,3,6.0,2.0,5,4,7,0,15.0,0.0,1.0,0.0,167.35,True,False,False,False,False,True,False,False,True,False,True,False,False,False,False,True
51439,0,19.0,1,6.0,2.0,4,5,3,1,13.0,4.0,9.0,5.0,206.73000000000002,False,False,False,False,True,False,False,False,True,False,False,False,False,False,True,False
50598,0,11.0,1,16.0,3.0,3,3,1,0,17.0,0.0,1.0,2.0,126.84,False,False,False,False,False,False,False,False,True,False,False,True,False,False,False,False
53930,0,5.0,1,31.0,2.0,4,1,4,0,21.0,2.0,2.0,5.0,177.38,False,False,True,False,False,False,False,False,False,False,True,False,False,False,False,True
52405,0,8.0,3,14.0,3.0,3,3,2,0,13.0,0.0,1.0,0.0,124.03999999999999,False,True,False,False,False,True,False,False,True,False,False,True,False,False,True,False
50876,0,25.0,1,14.0,3.0,3,5,10,0,13.0,1.0,1.0,4.0,129.5,False,True,False,False,False,False,False,True,False,False,False,True,False,False,False,False
51233,0,15.0,1,12.0,2.0,3,5,10,0,13.0,3.0,2.0,7.0,233.48000000000002,True,False,False,False,True,False,False,False,True,False,False,False,False,False,True,False
50202,0,12.0,1,5.0,2.0,4,2,2,0,15.0,9.0,13.0,3.0,292.72,False,False,False,False,True,False,False,False,True,False,False,False,False,True,False,False
53003,0,5.0,1,9.0,3.0,4,2,2,1,19.0,2.0,3.0,3.0,151.95,True,False,False,False,False,True,False,False,True,False,False,False,True,False,True,False
51013,0,0.0,1,32.0,3.0,4,3,2,1,14.0,0.0,1.0,3.0,128.14,False,False,False,False,False,False,False,True,False,False,False,True,False,False,True,False
53160,1,1.0,3,18.0,3.0,3,3,10,0,13.0,2.0,2.0,3.0,172.07,False,False,False,False,False,False,False,True,True,False,True,False,False,False,False,False
51681,0,13.0,3,6.0,2.0,5,1,3,1,22.0,1.0,1.0,2.0,174.57,True,False,False,False,True,False,False,False,True,False,True,False,False,False,True,False
51102,0,5.0,1,16.0,2.0,3,3,7,0,13.0,0.0,1.0,3.0,134.33,False,False,False,False,False,True,False,False,True,False,False,True,False,False,True,False
50893,0,9.0,1,17.0,3.0,3,5,1,0,14.0,1.0,1.0,4.0,120.99000000000001,False,True,False,False,False,True,False,False,True,False,False,True,False,False,False,False
52768,0,8.0,1,17.0,2.0,3,3,8,1,11.0,2.0,2.0,2.0,126.6,False,True,False,False,False,False,False,False,True,False,False,True,False,False,True,False
53609,0,25.0,3,16.0,3.0,4,4,6,1,25.0,3.0,12.0,11.0,323.47,False,False,False,False,False,True,False,False,True,False,False,False,False,True,True,False
50863,0,24.0,3,8.0,2.0,3,4,3,0,11.0,0.0,3.0,2.0,205.96,False,False,False,False,False,False,True,False,True,False,False,False,False,False,False,False
53053,0,1.0,3,16.0,3.0,4,2,3,0,25.0,1.0,3.0,3.0,151.1,False,False,False,False,True,False,False,False,True,False,False,False,True,False,False,True
52980,0,2.0,1,15.0,4.0,4,2,3,0,22.0,1.0,2.0,3.0,158.1,True,False,False,False,False,True,False,False,False,False,False,False,True,False,False,True
50581,0,12.0,3,8.0,2.0,1,3,1,0,18.0,1.0,1.0,7.0,178.8,True,False,False,False,False,True,False,False,True,False,False,False,False,False,False,True
53547,0,1.0,1,10.0,3.0,5,3,3,0,13.0,1.0,2.0,3.0,155.33,True,False,False,False,False,True,False,False,True,False,False,False,True,False,False,True
50271,0,9.0,1,27.0,3.0,3,2,8,0,20.0,0.0,1.0,2.0,122.58000000000001,False,False,False,False,False,False,False,False,True,False,False,True,False,False,False,False
50735,0,9.0,1,21.0,3.0,5,2,1,1,18.0,1.0,1.0,3.0,121.68,False,True,False,False,False,True,False,False,False,False,False,True,False,False,False,False
54840,0,5.0,3,27.0,3.0,4,3,3,0,14.0,2.0,2.0,1.0,194.32,False,False,False,False,False,False,True,False,False,False,True,False,False,False,True,False
51817,0,11.0,1,16.0,3.0,3,3,4,0,19.0,0.0,1.0,0.0,198.24,True,False,False,False,True,False,False,False,False,False,True,False,False,False,True,False
54661,0,6.0,1,16.0,4.0,4,1,3,1,13.0,2.0,2.0,6.0,188.22,True,False,False,False,False,True,False,False,False,False,True,False,False,False,True,False
52165,0,1.0,1,8.0,3.0,4,4,1,0,17.0,0.0,1.0,4.0,132.01,False,True,False,False,False,True,False,False,True,False,False,True,False,False,True,False
52034,1,9.0,3,27.0,2.0,4,4,2,1,13.0,1.0,1.0,0.0,121.21000000000001,False,True,False,False,False,False,False,True,True,False,False,True,False,False,False,True
53820,0,16.0,1,16.0,4.0,5,1,10,0,15.0,2.0,2.0,2.0,321.13,True,False,False,False,False,False,False,True,True,False,False,False,False,True,False,True
55417,0,12.0,1,9.0,4.0,5,4,6,0,15.0,1.0,2.0,6.0,149.68,False,False,False,False,True,False,False,False,False,False,False,False,True,False,True,False
51441,0,27.0,1,8.0,2.0,3,3,10,0,12.0,0.0,2.0,3.0,235.49,True,False,False,True,False,False,False,False,False,False,False,False,False,False,True,False
51484,0,0.0,3,34.0,2.0,4,3,3,0,18.0,1.0,2.0,2.0,186.39,True,False,False,False,False,True,False,False,True,False,True,False,False,False,True,False
51454,0,0.0,1,13.0,3.0,4,1,2,0,11.0,0.0,2.0,1.0,128.89,False,True,False,False,False,False,False,False,True,False,False,True,False,False,True,False
52897,0,1.0,1,12.0,3.0,3,4,3,1,17.0,1.0,3.0,3.0,148.28,False,True,False,False,False,True,False,False,True,False,False,False,True,False,True,False
54537,0,25.0,3,21.0,3.0,4,1,6,0,12.0,2.0,2.0,8.0,174.36,True,False,False,False,False,True,False,False,False,False,True,False,False,False,True,False
51246,0,20.0,1,20.0,3.0,3,4,9,0,18.0,0.0,1.0,7.0,154.67,False,False,True,False,False,False,False,False,True,False,True,False,False,False,True,False
54591,0,9.0,1,29.0,3.0,6,3,2,0,16.0,2.0,5.0,4.0,167.3,True,False,False,False,False,True,False,False,True,False,False,False,True,False,False,True
51290,0,20.0,1,31.0,2.0,3,3,3,0,23.0,1.0,12.0,11.0,186.33,True,False,False,False,True,False,False,False,True,False,False,False,False,False,False,True
53496,0,19.0,3,16.0,4.0,5,3,3,0,14.0,1.0,5.0,13.0,180.93,False,False,False,False,False,True,False,False,False,False,True,False,False,False,False,False
52300,0,15.0,1,8.0,2.0,3,3,1,1,13.0,1.0,2.0,10.0,278.61,False,False,False,False,False,True,False,False,True,True,False,False,False,False,True,False
50342,0,14.0,3,8.0,3.0,3,5,8,0,16.0,1.0,11.0,8.0,265.95,True,False,False,False,False,True,False,False,False,True,False,False,False,False,False,False
54921,0,27.0,3,9.0,3.0,5,4,4,0,13.0,6.0,7.0,13.0,200.25,False,False,False,False,False,False,True,False,False,False,False,False,False,False,True,False
52970,0,24.0,1,11.0,4.0,4,4,5,0,15.0,2.0,2.0,7.0,316.44,True,False,False,False,False,True,False,False,True,False,False,False,False,True,True,False
54641,1,1.0,3,19.0,4.0,5,5,3,0,19.0,2.0,2.0,1.0,145.33,False,False,False,False,False,True,False,False,True,False,False,False,True,False,True,False
51324,0,14.0,3,9.0,2.0,4,4,3,0,11.0,0.0,1.0,4.0,189.38,True,False,False,False,False,True,False,False,True,False,True,False,False,False,True,False
54001,0,31.0,1,22.0,3.0,4,3,4,1,15.0,1.0,3.0,3.0,282.87,False,False,False,False,False,True,False,False,True,True,False,False,False,False,True,False
50618,0,23.0,1,14.0,3.0,3,2,5,0,18.0,1.0,1.0,0.0,123.80000000000001,False,True,False,False,False,True,False,False,True,False,False,True,False,False,False,False
55494,1,10.0,3,17.0,4.0,4,4,7,0,22.0,2.0,2.0,8.0,198.14,True,False,False,False,False,True,False,False,False,False,False,False,False,False,True,False
55002,0,1.0,1,31.0,3.0,4,4,10,0,23.0,1.0,2.0,3.0,160.97,True,False,False,False,True,False,False,False,True,False,False,False,True,False,False,True
51170,0,14.0,1,11.0,2.0,1,4,4,0,12.0,1.0,1.0,2.0,168.7,True,False,False,False,False,True,False,False,True,False,True,False,False,False,False,True
52609,0,15.0,1,18.0,3.0,3,4,9,0,22.0,1.0,1.0,4.0,127.66,False,True,False,False,False,False,False,False,True,False,False,True,False,False,True,False
51223,0,9.0,2,8.0,3.0,4,1,2,0,21.0,1.0,1.0,8.0,138.86,False,False,False,False,False,False,False,True,True,False,True,False,False,False,False,True
52063,0,0.0,1,22.0,3.0,3,4,10,0,14.0,2.0,2.0,2.0,128.11,False,True,True,False,False,False,False,False,False,False,False,True,False,False,True,False
53860,0,1.0,1,15.0,3.0,2,3,9,0,18.0,1.0,2.0,3.0,160.17,True,False,False,False,True,False,False,False,False,False,False,False,True,False,True,False
54373,0,1.0,3,27.0,3.0,4,3,3,0,15.0,2.0,2.0,3.0,224.81,False,False,False,False,False,True,False,False,False,False,True,False,False,False,False,True
53597,0,8.0,1,27.0,3.0,2,3,2,0,18.0,2.0,2.0,1.0,150.85,True,False,True,False,False,False,False,False,False,False,False,False,True,False,False,False
53931,0,13.0,1,7.0,4.0,4,1,3,1,16.0,4.0,6.0,9.0,189.72,False,False,False,False,False,True,False,False,True,False,True,False,False,False,True,False
50546,0,0.0,1,14.0,3.0,3,3,2,0,19.0,1.0,1.0,0.0,123.18,False,True,False,False,False,True,False,False,False,False,False,True,False,False,False,True
54737,0,1.0,3,15.0,3.0,4,1,2,0,20.0,2.0,2.0,2.0,168.42,False,False,False,False,False,False,True,False,True,False,True,False,False,False,True,False
52981,0,23.0,1,17.0,3.0,4,5,11,1,15.0,1.0,2.0,3.0,311.65,False,False,False,False,False,True,False,False,False,False,False,False,False,True,False,True
50921,0,13.0,1,14.0,3.0,3,3,3,0,14.0,0.0,1.0,2.0,123.44999999999999,False,True,False,False,False,False,False,False,True,False,False,True,False,False,True,False
50643,0,10.0,1,9.0,2.0,3,4,4,0,15.0,1.0,1.0,1.0,141.07,False,True,False,False,False,False,False,True,False,False,True,False,False,False,False,True
54290,0,23.0,1,27.0,4.0,4,5,3,0,15.0,6.0,6.0,12.0,190.67,True,False,False,False,True,False,False,False,False,False,True,False,False,False,True,False
50914,0,21.0,3,13.0,3.0,3,5,5,0,11.0,1.0,2.0,2.0,154.86,True,False,False,False,False,False,True,False,True,False,True,False,False,False,True,False
52892,0,23.0,1,25.0,4.0,4,2,3,1,16.0,1.0,2.0,8.0,193.04,False,False,False,False,False,True,False,False,True,False,True,False,False,False,True,False
50525,0,26.0,1,29.0,3.0,3,2,7,0,18.0,2.0,2.0,8.0,242.75,True,False,False,False,False,True,False,False,False,True,False,False,False,False,False,True
52731,0,7.0,3,19.0,2.0,3,3,2,0,18.0,0.0,1.0,1.0,186.28,True,False,False,False,True,False,False,False,True,False,False,False,False,False,True,False
53074,0,1.0,1,18.0,3.0,4,4,3,0,14.0,2.0,2.0,3.0,147.44,False,True,False,False,True,False,False,False,False,False,False,False,True,False,False,False
53075,0,10.0,3,9.0,4.0,5,3,3,0,14.0,10.0,10.0,1.0,200.96,True,False,False,False,True,False,False,False,True,False,False,False,False,False,False,False
54383,0,11.0,1,18.0,3.0,4,1,3,1,15.0,2.0,2.0,8.0,246.85000000000002,False,False,False,False,False,False,False,True,True,False,False,False,False,False,True,False
52514,0,0.0,1,8.0,2.0,3,1,2,1,13.0,0.0,1.0,3.0,137.6,False,False,True,False,False,False,False,False,False,False,False,False,True,False,False,True
53144,1,1.0,2,24.0,3.0,4,3,2,1,12.0,1.0,2.0,1.0,152.41,False,False,False,False,False,True,False,False,False,False,False,False,True,False,True,False
54887,0,5.0,1,7.0,4.0,4,5,3,0,13.0,2.0,2.0,4.0,166.48,False,False,False,False,False,True,False,False,False,False,True,False,False,False,True,False
50690,0,13.0,1,20.0,2.0,4,3,2,0,15.0,4.0,4.0,9.0,296.26,True,False,False,False,True,False,False,False,True,False,False,False,False,True,False,True
52038,0,5.0,1,9.0,3.0,3,5,2,0,12.0,1.0,6.0,3.0,167.25,True,False,False,False,True,False,False,False,False,False,True,False,False,False,True,False
54675,1,1.0,1,10.0,4.0,4,5,3,1,12.0,6.0,10.0,8.0,158.48,False,False,False,False,False,True,False,False,True,False,False,False,True,False,False,True
52914,0,12.0,3,10.0,4.0,4,3,2,0,13.0,2.0,6.0,3.0,231.08999999999997,True,False,False,False,False,True,False,False,True,False,False,False,False,False,True,False
53123,0,8.0,1,9.0,4.0,5,3,5,0,13.0,6.0,6.0,8.0,152.68,True,False,False,False,False,True,False,False,True,False,False,False,True,False,True,False
55466,0,28.0,1,14.0,4.0,4,1,6,0,16.0,2.0,2.0,8.0,193.54,True,False,False,False,True,False,False,False,False,False,True,False,False,False,True,False
52486,0,17.0,1,13.0,2.0,3,1,1,1,14.0,1.0,1.0,10.0,290.49,True,False,False,False,True,False,False,False,False,False,False,False,False,True,True,False
51139,0,15.0,1,18.0,3.0,3,4,9,0,22.0,1.0,1.0,4.0,127.66,False,True,False,False,False,False,False,False,True,False,False,True,False,False,True,False
51138,1,6.0,1,14.0,2.0,4,3,10,1,16.0,1.0,1.0,0.0,124.37,False,False,True,False,False,False,False,False,True,False,False,True,False,False,True,False
55386,0,19.0,1,35.0,3.0,5,4,3,0,15.0,7.0,9.0,7.0,292.04,True,False,False,True,False,False,False,False,False,True,False,False,False,False,False,True
54170,0,10.0,1,34.0,4.0,4,3,8,0,14.0,1.0,8.0,8.0,177.37,True,False,False,False,True,False,False,False,True,False,True,False,False,False,True,False
54144,0,10.0,3,18.0,4.0,5,1,6,0,14.0,2.0,2.0,1.0,191.52,True,False,False,False,False,False,True,False,False,False,True,False,False,False,True,False
52108,1,9.0,1,8.0,2.0,3,5,7,1,14.0,0.0,1.0,2.0,120.41999999999999,False,False,False,False,False,True,False,False,True,False,False,True,False,False,True,False
53225,0,27.0,1,14.0,3.0,3,3,5,0,20.0,1.0,2.0,4.0,273.14,True,False,False,False,False,True,False,False,True,True,False,False,False,False,False,False
53113,1,1.0,2,9.0,3.0,5,2,3,0,13.0,2.0,2.0,1.0,150.64,True,False,True,False,False,False,False,False,True,False,False,False,True,False,False,True
54153,0,13.0,3,31.0,3.0,5,1,2,0,12.0,2.0,2.0,7.0,245.31,True,False,False,False,False,False,True,False,False,True,False,False,False,False,True,False
51467,0,6.0,3,28.0,3.0,3,4,1,0,13.0,0.0,1.0,7.0,161.46,False,False,False,False,False,False,True,False,True,False,True,False,False,False,True,False
55259,0,14.0,1,15.0,4.0,4,1,5,1,19.0,2.0,3.0,3.0,165.69,False,False,False,False,False,True,False,False,True,False,True,False,False,False,True,False
54462,0,1.0,3,17.0,4.0,5,3,3,0,13.0,1.0,2.0,1.0,137.0,False,True,False,False,True,False,False,False,False,False,False,False,True,False,False,True
54818,0,3.0,1,14.0,4.0,5,1,8,0,15.0,2.0,2.0,4.0,150.32,True,False,False,False,True,False,False,False,False,False,False,False,True,False,True,False
53985,0,15.0,1,12.0,3.0,2,4,5,0,13.0,2.0,2.0,3.0,193.7,True,False,False,False,False,True,False,False,True,False,True,False,False,False,False,True
51818,0,10.0,1,6.0,3.0,3,4,7,0,12.0,4.0,4.0,3.0,164.47,True,False,False,False,False,True,False,False,False,False,True,False,False,False,True,False
55414,0,7.0,3,9.0,4.0,4,4,10,0,16.0,2.0,2.0,8.0,176.47,False,False,False,False,False,False,True,False,False,False,True,False,False,False,False,True
52525,0,7.0,1,9.0,3.0,3,4,2,0,12.0,1.0,7.0,9.0,154.33,True,False,False,False,False,True,False,False,False,False,True,False,False,False,True,False
52956,0,3.0,3,9.0,4.0,5,4,4,0,20.0,1.0,2.0,1.0,191.44,True,False,False,False,True,False,False,False,True,False,True,False,False,False,False,False
55130,0,22.0,1,11.0,3.0,4,1,3,0,12.0,2.0,2.0,9.0,203.98,True,False,False,False,False,True,False,False,True,False,False,False,False,False,False,True
53331,0,1.0,1,11.0,3.0,5,2,2,0,18.0,1.0,4.0,5.0,156.62,False,False,False,False,False,True,False,False,True,False,False,False,True,False,False,False
53674,0,8.0,1,9.0,4.0,4,2,3,0,12.0,2.0,5.0,12.0,191.87,True,False,True,False,False,False,False,False,False,False,True,False,False,False,False,True
51270,0,5.0,1,11.0,2.0,4,1,9,0,24.0,0.0,1.0,0.0,196.79,True,False,False,False,False,True,False,False,True,False,True,False,False,False,False,True
50762,0,3.0,1,6.0,3.0,3,4,1,1,21.0,1.0,5.0,7.0,135.79,False,True,False,False,True,False,False,False,True,False,False,False,True,False,False,False
51623,0,11.0,3,13.0,2.0,1,5,2,1,24.0,4.0,7.0,7.0,156.05,True,False,False,False,True,False,False,False,False,False,True,False,False,False,True,False
52532,1,0.0,3,18.0,2.0,3,1,4,1,24.0,5.0,6.0,7.0,145.81,False,False,False,False,False,False,False,True,True,False,True,False,False,False,False,True
53531,0,9.0,1,7.0,3.0,5,3,8,0,13.0,2.0,2.0,8.0,147.58,False,True,False,False,True,False,False,False,True,False,False,False,True,False,False,False
53661,0,1.0,3,18.0,4.0,2,2,10,0,15.0,2.0,2.0,1.0,150.34,True,False,False,False,True,False,False,False,False,False,False,False,True,False,False,False
52685,1,0.0,1,14.0,3.0,3,4,2,1,23.0,1.0,1.0,0.0,124.72,False,True,False,False,False,True,False,False,True,False,False,True,False,False,False,True
52971,0,27.0,1,10.0,3.0,4,3,5,1,15.0,1.0,2.0,4.0,300.84,True,False,False,False,True,False,False,False,True,True,False,False,False,False,False,False
53781,0,3.0,1,15.0,3.0,6,5,5,0,14.0,1.0,2.0,3.0,222.15,True,False,False,False,False,False,False,True,False,False,True,False,False,False,True,False
50337,0,8.0,3,6.0,3.0,3,3,2,0,16.0,0.0,1.0,3.0,148.59,False,True,False,False,True,False,False,False,False,False,True,False,False,False,False,True
52070,0,0.0,1,23.0,2.0,4,3,2,0,15.0,0.0,3.0,2.0,143.77,False,True,False,False,True,False,False,False,False,False,True,False,False,False,True,False
54299,0,1.0,3,35.0,3.0,5,3,4,0,19.0,2.0,3.0,3.0,211.39,True,False,False,False,False,True,False,False,True,False,True,False,False,False,True,False
51752,0,25.0,1,9.0,2.0,4,3,3,1,14.0,1.0,1.0,4.0,179.69,True,False,False,False,True,False,False,False,True,False,False,False,False,False,True,False
52706,0,4.0,1,10.0,3.0,1,3,9,0,12.0,1.0,2.0,2.0,139.78,False,True,False,False,True,False,False,False,False,False,False,False,True,False,True,False
50603,0,0.0,1,11.0,3.0,3,2,2,0,15.0,1.0,1.0,0.0,110.50999999999999,False,False,False,False,False,True,False,False,True,False,False,False,True,False,False,True
51272,1,16.0,3,30.0,3.0,3,5,7,1,13.0,2.0,2.0,2.0,204.48,True,False,False,False,False,True,False,False,True,False,False,False,False,False,False,True
51109,0,3.0,1,22.0,3.0,3,1,2,0,12.0,0.0,1.0,8.0,128.62,False,True,False,False,False,True,False,False,True,False,False,True,False,False,True,False
51908,1,0.0,1,6.0,3.0,3,1,2,1,13.0,6.0,7.0,8.0,126.86000000000001,False,True,False,False,False,False,False,True,True,False,False,True,False,False,False,True
50432,0,26.0,1,14.0,2.0,3,2,3,0,17.0,1.0,2.0,2.0,124.5,False,True,False,False,False,True,False,False,True,False,True,False,False,False,False,True
51322,0,7.0,3,34.0,3.0,4,3,2,0,21.0,1.0,1.0,7.0,167.12,True,False,False,False,False,False,True,False,False,False,True,False,False,False,True,False
51191,0,9.0,1,8.0,3.0,3,4,5,1,22.0,0.0,1.0,0.0,169.62,True,False,False,False,False,False,False,True,False,False,True,False,False,False,True,False
51545,0,11.0,1,35.0,2.0,3,1,4,0,18.0,0.0,1.0,7.0,162.61,True,False,True,False,False,False,False,False,True,False,True,False,False,False,True,False
52875,0,27.0,1,20.0,3.0,3,5,3,0,12.0,2.0,2.0,4.0,169.5,True,False,False,False,True,False,False,False,False,False,True,False,False,False,True,False
53150,0,15.0,1,9.0,4.0,5,3,4,1,18.0,1.0,2.0,8.0,193.11,False,False,False,False,False,False,False,True,False,False,True,False,False,False,False,True
54353,1,1.0,1,30.0,3.0,5,3,5,1,14.0,2.0,2.0,2.0,184.16,True,False,False,False,False,True,False,False,True,False,True,False,False,False,True,False
55375,0,18.0,1,9.0,4.0,2,1,3,1,20.0,2.0,7.0,8.0,203.79,True,False,False,False,False,True,False,False,False,False,False,False,False,False,True,False
53456,0,12.0,1,10.0,3.0,4,3,5,0,17.0,3.0,3.0,3.0,153.21,False,False,False,False,False,False,False,True,True,False,False,False,True,False,False,False
53785,0,14.0,3,16.0,3.0,4,5,2,0,13.0,3.0,8.0,2.0,179.73,True,False,False,False,True,False,False,False,True,False,True,False,False,False,True,False
52037,0,13.0,1,15.0,2.0,3,4,9,1,14.0,0.0,1.0,0.0,136.17,False,False,False,False,True,False,False,False,True,False,False,False,True,False,True,False
51188,1,0.0,2,24.0,3.0,1,5,1,0,17.0,1.0,1.0,0.0,129.56,False,True,False,False,False,False,False,True,True,False,False,True,False,False,True,False
54740,0,8.0,1,9.0,3.0,5,5,3,0,12.0,2.0,2.0,4.0,168.81,True,False,False,False,True,False,False,False,False,False,False,False,True,False,False,True
53623,1,1.0,1,14.0,3.0,4,3,5,1,14.0,2.0,8.0,8.0,158.39,True,False,True,False,False,False,False,False,False,False,False,False,True,False,True,False
51627,0,15.0,3,6.0,1.0,3,3,2,0,25.0,6.0,11.0,6.0,149.07,False,True,False,False,False,True,False,False,True,False,True,False,False,False,True,False
52743,0,27.0,1,15.0,3.0,3,3,4,0,11.0,1.0,2.0,3.0,128.97,False,True,False,False,False,True,False,False,False,False,True,False,False,False,True,False
54624,1,1.0,1,31.0,4.0,6,1,3,1,19.0,1.0,2.0,1.0,148.4,False,True,True,False,False,False,False,False,True,False,False,False,True,False,False,True
55321,0,19.0,1,9.0,3.0,5,1,3,0,20.0,4.0,4.0,10.0,182.7,True,False,False,False,False,False,False,True,False,False,True,False,False,False,True,False
51870,0,7.0,1,15.0,2.0,4,4,2,0,14.0,4.0,7.0,7.0,186.21,True,False,False,False,True,False,False,False,False,False,False,False,False,False,False,True
53809,0,1.0,1,10.0,3.0,4,1,3,0,22.0,2.0,2.0,1.0,145.61,False,True,False,False,False,True,False,False,False,False,False,False,True,False,True,False
55469,0,12.0,3,9.0,4.0,6,1,4,1,21.0,1.0,2.0,4.0,179.05,True,False,False,False,False,False,True,False,False,False,True,False,False,False,True,False
53422,1,1.0,1,18.0,4.0,5,5,3,1,16.0,1.0,2.0,1.0,151.0,True,False,False,False,True,False,False,False,False,False,False,False,True,False,False,True
50490,1,0.0,1,14.0,2.0,4,3,2,1,14.0,0.0,1.0,7.0,123.66,False,False,False,False,False,False,False,False,False,False,False,True,False,False,False,False
51225,0,0.0,1,6.0,3.0,4,3,2,1,13.0,0.0,1.0,0.0,129.33,False,True,False,False,False,True,False,False,False,False,False,True,False,False,True,False
55119,0,8.0,1,16.0,3.0,4,1,2,0,12.0,1.0,2.0,3.0,210.0,True,False,False,False,False,True,False,False,True,False,False,False,False,False,True,False
50175,0,24.0,1,8.0,2.0,5,4,6,0,18.0,0.0,1.0,2.0,154.82,True,False,False,False,True,False,False,False,True,False,True,False,False,False,True,False
54251,0,14.0,1,7.0,4.0,5,4,3,0,23.0,6.0,2.0,12.0,260.03,False,False,False,False,False,True,False,False,True,True,False,False,False,False,True,False
50276,0,12.0,1,6.0,2.0,3,3,2,1,14.0,0.0,1.0,6.0,291.97,False,False,False,False,False,True,False,False,True,False,False,False,False,True,True,False
55207,0,18.0,1,27.0,3.0,4,4,3,0,14.0,2.0,2.0,4.0,159.2,True,False,False,False,False,True,False,False,True,False,False,False,True,False,False,True
54794,0,10.0,2,15.0,4.0,5,5,2,0,22.0,1.0,2.0,4.0,148.42,False,True,False,False,False,True,False,False,True,False,False,False,True,False,True,False
53825,0,9.0,1,14.0,4.0,5,1,3,0,19.0,2.0,2.0,2.0,151.9,True,False,False,False,False,True,False,False,True,False,False,False,True,False,True,False
52004,0,17.0,1,14.0,3.0,3,5,2,1,13.0,5.0,7.0,1.0,125.59,False,True,False,False,False,True,False,False,True,False,False,True,False,False,True,False
52388,0,17.0,1,11.0,2.0,4,3,4,0,14.0,0.0,1.0,3.0,131.62,False,False,False,False,False,True,False,False,True,False,False,True,False,False,False,True
55317,0,14.0,1,22.0,4.0,5,3,3,0,14.0,7.0,15.0,3.0,229.35,True,False,False,False,False,True,False,False,False,False,False,False,False,False,True,False
52999,0,31.0,1,7.0,3.0,6,3,4,1,14.0,2.0,2.0,3.0,181.6,False,False,False,False,False,True,False,False,True,False,True,False,False,False,True,False
53411,1,1.0,1,29.0,3.0,4,3,6,1,12.0,1.0,2.0,2.0,146.32,False,True,False,False,False,True,False,False,False,False,False,False,True,False,False,False
51770,0,30.0,3,35.0,2.0,4,1,4,0,12.0,1.0,2.0,0.0,241.18,True,False,False,False,False,False,True,False,True,True,False,False,False,False,True,False
50526,0,16.0,1,6.0,2.0,3,2,5,0,13.0,1.0,2.0,2.0,155.62,False,False,False,False,False,True,False,False,False,False,True,False,False,False,False,False
51541,0,10.0,1,27.0,3.0,1,5,2,1,12.0,1.0,1.0,7.0,135.64,False,True,False,False,False,True,False,False,True,False,False,False,True,False,True,False
50353,0,23.0,2,9.0,2.0,3,4,2,0,11.0,1.0,10.0,7.0,282.0,False,False,False,False,True,False,False,False,True,False,False,False,False,True,False,False
53292,0,14.0,1,23.0,3.0,5,3,8,0,15.0,2.0,2.0,1.0,175.94,False,False,False,False,True,False,False,False,True,False,True,False,False,False,False,True
50834,0,7.0,1,15.0,2.0,3,2,1,0,11.0,1.0,1.0,6.0,185.0,True,False,False,False,False,True,False,False,True,False,False,False,False,False,True,False
53572,0,6.0,1,9.0,3.0,4,3,6,1,15.0,2.0,2.0,8.0,174.98,False,False,False,False,False,True,False,False,False,False,True,False,False,False,False,True
52491,0,9.0,1,18.0,3.0,3,3,10,1,12.0,0.0,1.0,1.0,146.63,False,True,False,False,False,True,False,False,False,False,True,False,False,False,True,False
55251,0,3.0,1,15.0,3.0,6,5,5,0,14.0,2.0,2.0,3.0,222.15,True,False,False,False,False,False,False,True,False,False,True,False,False,False,True,False
51740,0,4.0,1,13.0,2.0,3,5,2,0,12.0,3.0,3.0,12.0,143.06,False,True,False,False,True,False,False,False,False,False,True,False,False,False,True,False
54524,1,1.0,3,12.0,3.0,4,3,3,1,14.0,1.0,2.0,1.0,153.51,True,False,False,False,False,False,True,False,False,False,False,False,True,False,False,True
54461,0,15.0,3,9.0,3.0,4,4,3,0,20.0,1.0,2.0,5.0,285.15,True,False,False,False,False,True,False,False,True,True,False,False,False,False,False,True
50406,0,0.0,1,6.0,3.0,3,5,2,0,11.0,1.0,1.0,7.0,174.12,True,False,False,False,False,True,False,False,False,False,False,False,False,False,False,False
53663,0,1.0,1,7.0,4.0,4,2,3,0,16.0,2.0,2.0,1.0,141.11,False,False,False,False,False,True,False,False,False,False,False,False,True,False,False,True
50131,0,0.0,1,6.0,3.0,3,3,1,0,12.0,1.0,1.0,2.0,148.98,False,True,False,False,False,True,False,False,False,False,True,False,False,False,False,False
50423,1,5.0,1,25.0,3.0,2,3,7,1,12.0,2.0,2.0,2.0,127.59,False,False,False,False,False,False,False,False,True,False,False,True,False,False,True,False
50828,1,9.0,3,6.0,2.0,3,4,2,1,11.0,1.0,2.0,2.0,123.02000000000001,False,False,False,False,False,True,False,False,False,False,False,True,False,False,False,True
51285,0,13.0,1,17.0,3.0,3,3,2,0,11.0,2.0,9.0,4.0,163.23,False,False,True,False,False,False,False,False,False,False,True,False,False,False,True,False
52758,0,3.0,1,7.0,3.0,3,4,2,0,13.0,1.0,1.0,7.0,137.48,False,True,False,False,True,False,False,False,True,False,False,False,True,False,True,False
51835,0,16.0,1,12.0,2.0,4,1,5,1,14.0,1.0,1.0,0.0,266.27,True,False,False,False,False,False,False,True,True,True,False,False,False,False,True,False
51453,1,0.0,3,11.0,2.0,4,3,2,1,11.0,0.0,1.0,3.0,157.44,True,False,False,False,False,False,True,False,True,False,True,False,False,False,False,True
52849,0,14.0,3,11.0,4.0,5,2,9,0,12.0,3.0,2.0,12.0,233.55,True,False,False,False,False,False,True,False,True,False,False,False,False,False,False,False
53942,0,4.0,3,22.0,4.0,5,5,4,0,12.0,1.0,2.0,8.0,196.4,True,False,False,False,False,False,True,False,True,False,False,False,False,False,True,False
50577,0,26.0,3,8.0,2.0,3,3,7,0,13.0,2.0,2.0,2.0,248.51999999999998,True,False,False,False,True,False,False,False,True,True,False,False,False,False,True,False
50397,0,0.0,3,9.0,3.0,2,2,2,1,20.0,1.0,1.0,4.0,146.47,False,False,False,False,True,False,False,False,False,False,True,False,False,False,True,False
51915,0,9.0,3,14.0,3.0,4,5,2,0,15.0,0.0,1.0,9.0,175.87,False,False,False,False,False,True,False,False,True,False,False,False,False,False,False,True
51974,0,10.0,3,22.0,3.0,4,3,5,0,19.0,1.0,1.0,0.0,163.34,True,False,False,False,False,False,True,False,True,False,True,False,False,False,True,False
53198,0,3.0,3,10.0,4.0,4,3,3,0,15.0,1.0,2.0,3.0,180.61,True,False,False,False,True,False,False,False,False,False,True,False,False,False,False,False
55617,0,9.0,1,25.0,4.0,4,3,3,1,15.0,1.0,2.0,3.0,181.89,False,False,False,False,False,True,False,False,True,False,True,False,False,False,True,False
53336,1,1.0,3,7.0,3.0,5,3,8,1,20.0,1.0,2.0,3.0,153.0,True,False,False,False,True,False,False,False,False,False,False,False,True,False,True,False
53884,0,12.0,1,9.0,3.0,5,4,3,0,23.0,2.0,4.0,4.0,149.4,False,False,False,False,True,False,False,False,False,False,False,False,True,False,False,True
51799,1,0.0,2,23.0,3.0,3,3,1,1,11.0,0.0,1.0,0.0,127.41,False,False,False,False,False,True,False,False,False,False,False,True,False,False,True,False
51311,0,17.0,1,14.0,2.0,3,1,7,1,12.0,0.0,1.0,2.0,124.36000000000001,False,True,False,False,False,False,False,False,True,False,False,True,False,False,False,True
52996,0,10.0,1,31.0,3.0,4,4,9,0,16.0,1.0,2.0,9.0,181.74,False,False,False,False,False,True,False,False,False,False,True,False,False,False,False,False
55388,0,5.0,1,9.0,4.0,4,3,3,0,15.0,2.0,2.0,4.0,159.77,True,False,False,False,False,True,False,False,True,False,False,False,True,False,True,False
50165,0,1.0,1,14.0,3.0,3,2,2,0,21.0,0.0,1.0,2.0,133.1,False,True,False,False,False,True,False,False,False,False,False,True,False,False,False,True
50456,0,8.0,3,14.0,3.0,3,2,2,0,16.0,0.0,1.0,2.0,125.72,False,True,False,False,False,True,False,False,False,False,False,True,False,False,False,False
51150,0,4.0,3,35.0,3.0,4,1,2,0,14.0,2.0,5.0,7.0,154.68,True,False,False,False,False,False,True,False,False,False,True,False,False,False,True,False
53875,0,28.0,1,29.0,4.0,4,3,5,0,15.0,3.0,5.0,8.0,299.26,True,False,False,False,True,False,False,False,False,True,False,False,False,False,True,False
52657,0,9.0,1,20.0,2.0,3,3,2,0,16.0,1.0,1.0,0.0,115.13999999999999,False,False,False,False,True,False,False,False,False,False,False,False,True,False,False,True
52927,1,1.0,1,9.0,3.0,4,5,9,0,21.0,2.0,2.0,8.0,152.07,True,False,False,False,False,True,False,False,False,False,False,False,True,False,False,False
50233,1,9.0,3,6.0,2.0,4,4,2,1,11.0,1.0,1.0,2.0,121.74000000000001,False,False,False,True,False,False,False,False,False,False,False,True,False,False,False,True
51224,0,13.0,1,6.0,3.0,3,5,3,0,11.0,1.0,11.0,14.5,268.23,True,False,False,False,False,True,False,False,True,True,False,False,False,False,True,False
51490,0,5.0,3,15.0,2.0,5,1,1,0,17.0,0.0,1.0,7.0,146.68,False,False,False,False,True,False,False,False,True,False,True,False,False,False,True,False
52945,0,3.0,3,27.0,3.0,4,2,4,0,15.0,2.0,2.0,3.0,194.31,True,False,False,False,False,False,True,False,True,False,True,False,False,False,True,False
50609,0,0.0,1,8.0,2.0,1,2,2,0,12.0,1.0,1.0,3.0,154.72,True,False,False,False,True,False,False,False,True,False,True,False,False,False,False,False
52342,0,0.0,3,16.0,3.0,4,1,2,1,11.0,1.0,4.0,4.0,157.69,True,False,False,False,False,False,True,False,False,False,True,False,False,False,True,False
50624,1,0.0,3,35.0,3.0,5,5,9,0,18.0,0.0,2.0,2.0,149.69,False,False,False,False,True,False,False,False,True,False,True,False,False,False,False,True
50069,0,9.0,1,13.0,2.0,2,2,5,0,14.0,0.0,2.0,2.0,120.88999999999999,False,False,False,False,False,False,False,False,True,False,False,True,False,False,True,False
55164,0,1.0,1,8.0,3.0,4,1,6,0,12.0,1.0,2.0,3.0,157.29,True,False,True,False,False,False,False,False,True,False,False,False,True,False,True,False
51704,0,9.0,3,6.0,2.0,3,1,5,0,15.0,1.0,1.0,0.0,166.53,False,False,False,False,True,False,False,False,False,False,True,False,False,False,False,True
50838,0,24.0,2,11.0,2.0,3,4,2,1,11.0,1.0,2.0,10.0,240.26,True,False,False,False,False,True,False,False,True,True,False,False,False,False,True,False
54506,0,1.0,1,33.0,3.0,4,1,3,0,13.0,1.0,2.0,3.0,154.04,True,False,False,False,False,True,False,False,True,False,False,False,True,False,True,False
55291,0,9.0,1,35.0,3.0,2,3,3,0,18.0,7.0,7.0,9.0,159.07,True,False,False,False,False,True,False,False,True,False,True,False,False,False,True,False
50967,0,6.0,1,31.0,2.0,4,4,2,0,13.0,0.0,1.0,2.0,143.2,False,True,False,False,False,True,False,False,True,False,True,False,False,False,False,True
51178,0,8.0,1,29.0,3.0,5,3,1,0,16.0,1.0,1.0,3.0,127.05000000000001,False,True,False,False,False,False,False,False,True,False,False,True,False,False,True,False
53216,1,1.0,3,10.0,4.0,4,3,11,0,15.0,2.0,3.0,1.0,170.77,True,False,False,False,False,True,False,False,False,False,True,False,False,False,False,True
54411,1,1.0,1,17.0,4.0,4,3,8,0,12.0,1.0,2.0,3.0,225.48,False,False,False,False,True,False,False,False,True,False,False,False,False,False,True,False
51417,0,2.0,1,8.0,3.0,3,4,1,0,23.0,1.0,1.0,4.0,127.03,False,True,False,False,False,True,False,False,True,False,False,True,False,False,True,False
55077,0,20.0,3,11.0,3.0,5,4,4,0,15.0,2.0,2.0,9.0,312.89,True,False,False,False,False,False,True,False,False,False,False,False,False,True,True,False
51671,0,4.0,1,13.0,2.0,4,3,2,0,24.0,7.0,8.0,9.0,189.43,False,False,False,False,False,True,False,False,False,False,False,False,False,False,True,False
54996,0,9.0,2,15.0,4.0,4,3,3,0,18.0,1.0,2.0,5.0,168.23,True,False,True,False,False,False,False,False,True,False,False,False,True,False,False,True
52273,0,9.0,1,8.0,2.0,3,4,10,1,11.0,4.0,5.0,12.0,154.1,True,False,False,False,False,True,False,False,False,False,True,False,False,False,False,True
55366,1,1.0,1,9.0,4.0,4,4,3,0,13.0,1.0,2.0,1.0,138.93,False,True,False,False,False,True,False,False,True,False,False,False,True,False,False,True
50390,1,0.0,1,9.0,3.0,3,5,2,1,11.0,9.0,9.0,7.0,133.48,False,False,False,False,False,True,False,False,True,False,False,True,False,False,False,True
54793,0,16.0,1,9.0,3.0,4,1,7,1,15.0,2.0,3.0,3.0,150.15,False,False,False,False,True,False,False,False,True,False,False,False,True,False,False,True
52909,0,19.0,3,13.0,3.0,5,2,8,0,13.0,13.0,13.0,3.0,213.65,False,False,False,False,True,False,False,False,False,False,False,False,False,False,False,True
55258,0,1.0,1,28.0,3.0,5,5,2,0,15.0,1.0,2.0,1.0,147.96,False,True,True,False,False,False,False,False,True,False,False,False,True,False,True,False
52481,0,19.0,3,7.0,2.0,1,5,2,0,15.0,1.0,1.0,12.0,275.67,True,False,False,False,False,True,False,False,True,True,False,False,False,False,False,True
52994,0,5.0,3,14.0,4.0,3,2,6,0,12.0,4.0,8.0,8.0,194.29,True,False,False,True,False,False,False,False,True,False,True,False,False,False,False,False
51354,0,11.0,1,29.0,2.0,4,3,1,0,21.0,1.0,1.0,8.0,195.26,False,False,False,False,False,True,False,False,True,False,False,False,False,False,False,True
53919,0,15.0,2,11.0,3.0,6,4,8,0,20.0,1.0,2.0,3.0,189.3,False,False,False,False,False,False,False,True,True,False,True,False,False,False,True,False
55465,0,14.0,1,19.0,3.0,4,5,4,0,13.0,2.0,8.0,8.0,169.48,True,False,False,False,False,True,False,False,False,False,True,False,False,False,True,False
51026,0,8.0,1,24.0,2.0,1,5,2,0,11.0,0.0,1.0,10.0,152.08,True,False,False,False,False,True,False,False,True,False,True,False,False,False,True,False
55276,0,8.0,1,14.0,3.0,4,1,3,0,14.0,1.0,2.0,1.0,154.72,True,False,False,False,True,False,False,False,True,False,False,False,True,False,False,True
52923,0,31.0,2,13.0,3.0,4,3,10,0,18.0,3.0,3.0,3.0,147.67,False,True,False,False,True,False,False,False,True,False,False,False,True,False,False,False
52929,0,6.0,3,11.0,3.0,4,4,4,0,12.0,2.0,2.0,3.0,164.31,True,False,False,False,False,True,False,False,False,False,False,False,True,False,False,False
54264,0,8.0,1,13.0,3.0,4,3,3,0,15.0,1.0,3.0,11.0,173.09,True,False,False,False,False,False,False,True,False,False,True,False,False,False,False,True
53186,1,1.0,3,9.0,3.0,4,5,2,0,12.0,1.0,2.0,3.0,155.41,True,False,False,False,False,False,True,False,True,False,False,False,True,False,True,False
50829,1,7.0,1,14.0,2.0,3,5,5,0,12.0,1.0,1.0,2.0,123.62,False,True,False,False,False,True,False,False,True,False,False,True,False,False,False,False
51628,0,2.0,3,8.0,2.0,3,1,2,0,18.0,0.0,1.0,9.0,145.54,False,False,False,False,False,True,False,False,True,False,True,False,False,False,False,True
54651,0,12.0,1,7.0,3.0,4,5,5,0,18.0,1.0,2.0,1.0,151.19,True,False,False,False,False,True,False,False,False,False,False,False,True,False,False,True
55253,0,19.0,1,35.0,4.0,4,1,6,0,21.0,2.0,2.0,4.0,146.32,False,True,True,False,False,False,False,False,True,False,False,False,True,False,True,False
51259,0,9.0,1,15.0,3.0,1,4,2,0,22.0,1.0,1.0,2.0,128.1,False,False,False,False,False,True,False,False,True,False,False,True,False,False,True,False
54239,0,11.0,1,14.0,2.0,4,3,6,0,14.0,1.0,2.0,3.0,261.64,True,False,False,False,True,False,False,False,True,False,False,False,False,False,False,True
51177,0,30.0,3,8.0,2.0,3,4,5,0,22.0,10.0,14.0,14.0,0.0,False,False,False,False,True,False,False,False,True,True,False,False,False,False,True,False
55488,0,20.0,3,10.0,3.0,2,5,4,0,13.0,3.0,2.0,9.0,257.25,True,False,False,True,False,False,False,False,False,True,False,False,False,False,True,False
52876,0,7.0,1,21.0,4.0,4,4,3,0,14.0,1.0,2.0,7.0,152.56,True,False,False,False,True,False,False,False,False,False,False,False,True,False,False,False
55368,0,29.0,1,29.0,4.0,5,4,7,0,13.0,2.0,2.0,3.0,160.37,True,False,True,False,False,False,False,False,True,False,False,False,True,False,True,False
52048,0,3.0,3,14.0,3.0,3,3,6,0,11.0,2.0,7.0,7.0,172.64,True,False,False,False,False,False,False,True,True,False,False,False,False,False,True,False
54358,0,16.0,1,28.0,3.0,4,3,4,0,17.0,1.0,2.0,3.0,177.65,False,False,False,False,True,False,False,False,False,False,True,False,False,False,True,False
54472,0,19.0,1,14.0,4.0,4,5,3,0,19.0,3.0,10.0,12.0,177.1,False,False,False,False,False,True,False,False,True,False,False,False,False,False,True,False
50242,1,4.0,3,10.0,2.0,3,4,2,0,18.0,7.0,7.0,7.0,193.55,False,False,False,False,False,False,True,False,True,False,True,False,False,False,False,True
55538,0,23.0,1,9.0,3.0,4,1,5,0,15.0,5.0,5.0,4.0,316.61,False,False,False,False,False,True,False,False,True,False,False,False,False,True,True,False
55424,0,16.0,1,19.0,3.0,4,4,10,0,23.0,2.0,2.0,5.0,152.66,True,False,False,False,True,False,False,False,True,False,False,False,True,False,True,False
50720,0,3.0,3,16.0,3.0,4,3,2,0,18.0,1.0,1.0,4.0,165.78,True,False,False,False,False,False,True,False,True,False,True,False,False,False,False,False
55014,0,1.0,1,16.0,3.0,4,5,3,0,26.0,1.0,2.0,1.0,150.52,True,False,False,False,False,True,False,False,True,False,False,False,True,False,False,True
51146,0,7.0,3,9.0,2.0,5,1,6,0,12.0,1.0,2.0,2.0,160.29,True,False,False,False,False,True,False,False,False,False,True,False,False,False,False,True
50848,0,9.0,1,6.0,3.0,3,2,2,0,15.0,1.0,1.0,0.0,116.11000000000001,False,False,False,False,False,True,False,False,False,False,False,False,True,False,False,True
51611,0,2.0,3,8.0,3.0,4,4,3,0,19.0,1.0,1.0,0.0,166.44,True,False,False,False,True,False,False,False,True,False,True,False,False,False,True,False
51140,0,28.0,1,8.0,2.0,4,5,9,0,12.0,1.0,1.0,0.0,290.38,True,False,False,False,True,False,False,False,True,False,False,False,False,True,True,False
52463,0,7.0,1,7.0,2.0,3,1,10,0,17.0,0.0,2.0,1.0,154.84,True,False,False,False,False,True,False,False,True,False,True,False,False,False,True,False
54621,0,1.0,3,36.0,3.0,4,3,7,0,13.0,1.0,2.0,1.0,168.06,True,False,False,False,True,False,False,False,True,False,True,False,False,False,True,False
53420,0,9.0,1,32.0,3.0,4,3,3,1,12.0,3.0,11.0,3.0,228.88,True,False,False,False,True,False,False,False,False,False,False,False,False,False,True,False
52944,0,16.0,1,24.0,3.0,3,5,5,1,14.0,1.0,2.0,3.0,190.45,True,False,False,False,False,True,False,False,False,False,True,False,False,False,False,True
50259,0,9.0,1,17.0,2.0,3,4,2,0,13.0,1.0,1.0,2.0,122.44,False,True,False,False,False,False,False,False,False,False,False,True,False,False,False,False
55041,0,6.0,1,20.0,4.0,5,4,3,0,21.0,3.0,3.0,3.0,159.0,False,False,False,False,False,False,False,True,False,False,False,False,True,False,True,False
52822,1,3.0,3,12.0,3.0,4,2,5,0,15.0,1.0,2.0,1.0,145.86,False,True,True,False,False,False,False,False,True,False,True,False,False,False,False,False
55088,0,10.0,1,9.0,3.0,4,4,11,1,12.0,5.0,6.0,13.0,179.1,True,False,False,False,False,True,False,False,False,False,True,False,False,False,False,True
51830,0,4.0,3,12.0,3.0,1,1,5,0,22.0,5.0,5.0,7.0,154.6,True,False,False,False,True,False,False,False,True,False,True,False,False,False,True,False
50085,0,19.0,1,6.0,3.0,3,5,8,0,16.0,0.0,1.0,3.0,193.96,True,False,False,False,True,False,False,False,True,False,False,False,False,False,True,False
52268,0,17.0,1,10.0,3.0,1,5,2,0,14.0,2.0,14.0,13.0,291.9,True,False,False,False,False,True,False,False,True,False,False,False,False,True,True,False
51539,0,9.0,1,13.0,2.0,1,1,5,0,14.0,1.0,2.0,2.0,120.88999999999999,False,False,False,False,False,False,False,False,True,False,False,True,False,False,True,False
52125,1,14.0,1,14.0,2.0,3,3,10,1,12.0,0.0,2.0,7.0,124.61000000000001,False,True,False,False,False,True,False,False,True,False,False,True,False,False,True,False
51155,1,7.0,1,14.0,2.0,3,4,2,1,12.0,1.0,2.0,3.0,123.41999999999999,False,False,False,False,False,False,False,False,True,False,False,True,False,False,True,False
54647,0,11.0,3,9.0,4.0,4,3,6,1,12.0,1.0,2.0,3.0,221.02,True,False,False,False,False,False,True,False,True,False,True,False,False,False,True,False
53614,0,8.0,2,18.0,3.0,5,4,6,0,12.0,1.0,2.0,9.0,169.9,False,False,False,False,False,True,False,False,True,False,True,False,False,False,False,False
53516,0,3.0,1,15.0,4.0,5,2,3,1,14.0,1.0,2.0,3.0,175.56,True,False,False,False,True,False,False,False,True,False,True,False,False,False,False,False
54557,0,17.0,1,15.0,4.0,4,3,6,1,15.0,2.0,2.0,3.0,170.22,True,False,False,False,False,False,False,True,False,False,True,False,False,False,True,False
51447,0,5.0,1,6.0,3.0,3,5,2,0,13.0,0.0,1.0,0.0,129.56,False,True,False,False,False,True,False,False,True,False,False,True,False,False,False,True
51992,0,26.0,3,14.0,3.0,3,1,6,0,14.0,2.0,2.0,3.0,218.36,True,False,False,False,False,False,True,False,True,True,False,False,False,False,True,False
51979,0,9.0,2,14.0,3.0,4,5,1,0,21.0,0.0,1.0,3.0,123.41999999999999,False,True,False,False,False,True,False,False,True,False,False,True,False,False,True,False
55516,0,10.0,3,24.0,3.0,5,4,4,0,17.0,2.0,2.0,4.0,180.07,True,False,False,False,False,False,True,False,True,False,True,False,False,False,True,False
50141,0,2.0,3,8.0,3.0,4,4,3,0,19.0,0.0,1.0,0.0,166.44,True,False,False,False,True,False,False,False,True,False,True,False,False,False,False,False
54249,0,4.0,1,9.0,5.0,5,1,3,0,20.0,4.0,11.0,9.0,166.52,True,False,False,False,False,True,False,False,True,False,True,False,False,False,True,False
51350,0,0.0,1,8.0,2.0,3,4,10,0,12.0,1.0,2.0,2.0,134.68,False,True,False,False,False,False,False,False,True,False,False,True,False,False,True,False
52765,0,15.0,1,24.0,2.0,3,5,7,1,17.0,1.0,1.0,2.0,154.1,True,False,False,False,False,True,False,False,True,False,True,False,False,False,True,False
54881,1,1.0,1,29.0,3.0,4,3,6,1,12.0,1.0,2.0,2.0,146.32,False,True,False,False,False,True,False,False,False,False,False,False,True,False,True,False
53831,0,18.0,1,14.0,3.0,4,1,2,1,15.0,2.0,2.0,11.0,315.49,True,False,False,False,True,False,False,False,False,False,False,False,False,True,True,False
53901,0,7.0,1,28.0,4.0,2,4,3,0,19.0,3.0,3.0,14.0,145.28,False,True,False,False,True,False,False,False,True,False,False,False,True,False,True,False
53049,0,10.0,3,7.0,3.0,4,2,6,0,16.0,2.0,2.0,1.0,191.53,False,False,False,False,True,False,False,False,False,False,True,False,False,False,False,True
53190,0,7.0,3,15.0,3.0,4,3,2,0,13.0,2.0,2.0,3.0,196.04,True,False,False,False,False,False,True,False,True,False,True,False,False,False,True,False
52173,0,1.0,1,12.0,3.0,4,3,2,1,14.0,1.0,1.0,2.0,127.03,False,False,False,False,False,True,False,False,True,False,False,True,False,False,True,False
55423,1,7.0,1,24.0,3.0,5,3,11,1,17.0,2.0,2.0,1.0,149.37,False,False,True,False,False,False,False,False,True,False,False,False,True,False,True,False
53746,0,8.0,1,22.0,4.0,4,5,9,0,15.0,3.0,7.0,10.0,295.07,False,False,False,False,True,False,False,False,True,True,False,False,False,False,True,False
51287,0,9.0,2,8.0,2.0,3,4,5,0,14.0,0.0,1.0,2.0,121.87,False,True,False,False,False,False,False,True,False,False,False,True,False,False,True,False
51085,0,30.0,1,6.0,3.0,5,1,4,0,20.0,0.0,1.0,0.0,208.82999999999998,True,False,False,False,True,False,False,False,True,False,False,False,False,False,True,False
52991,0,15.0,3,9.0,3.0,4,4,3,0,20.0,1.0,2.0,5.0,285.15,True,False,False,False,False,True,False,False,True,True,False,False,False,False,False,True
51852,0,10.0,1,9.0,2.0,3,3,2,0,15.0,7.0,7.0,8.0,194.34,True,False,False,False,False,False,False,True,True,False,False,False,False,False,True,False
54679,0,12.0,3,14.0,3.0,5,1,2,0,21.0,2.0,2.0,6.0,165.28,True,False,False,False,False,False,True,False,False,False,True,False,False,False,False,True
53656,0,1.0,1,26.0,4.0,4,2,5,0,12.0,2.0,2.0,3.0,161.69,True,False,False,False,True,False,False,False,True,False,False,False,True,False,False,False
52540,0,20.0,3,8.0,2.0,1,4,7,0,14.0,1.0,2.0,2.0,259.72,True,False,False,False,False,True,False,False,False,True,False,False,False,False,True,False
52429,1,9.0,1,15.0,2.0,3,5,4,0,14.0,1.0,1.0,0.0,120.18,True,False,False,False,False,True,False,False,True,False,False,True,False,False,False,True
51054,0,0.0,3,8.0,3.0,3,3,2,0,19.0,0.0,2.0,2.0,127.83000000000001,False,True,False,False,False,False,False,False,False,False,False,True,False,False,False,True
53653,0,25.0,2,12.0,3.0,4,4,3,1,12.0,1.0,2.0,11.0,265.26,True,False,False,False,False,True,False,False,True,True,False,False,False,False,True,False
52842,0,9.0,3,7.0,4.0,4,4,3,0,14.0,2.0,2.0,7.0,197.95,True,False,False,False,False,False,True,False,True,False,False,False,False,False,False,False
53878,0,12.0,1,7.0,3.0,4,1,9,0,16.0,3.0,3.0,10.0,172.35,False,False,False,False,False,True,False,False,True,False,True,False,False,False,True,False
50930,0,22.0,1,13.0,2.0,3,4,4,0,14.0,0.0,1.0,7.0,204.66,True,False,False,False,False,True,False,False,True,False,False,False,False,False,True,False
52542,0,14.0,3,29.0,3.0,3,3,4,1,16.0,0.0,1.0,2.0,170.82,True,False,False,False,False,True,False,False,True,False,False,False,False,False,False,True
54474,0,7.0,1,12.0,4.0,4,4,8,0,12.0,8.0,2.0,9.0,243.77999999999997,False,False,False,False,False,True,False,False,False,False,False,False,False,False,True,False
54265,0,11.0,1,9.0,4.0,5,1,7,0,15.0,2.0,2.0,1.0,176.63,False,False,False,False,False,True,False,False,True,False,True,False,False,False,True,False
55495,0,1.0,1,22.0,4.0,5,5,2,0,20.0,1.0,8.0,4.0,172.74,False,False,False,False,False,True,False,False,False,False,False,False,True,False,True,False
52426,0,19.0,3,9.0,2.0,3,4,9,0,12.0,1.0,5.0,1.0,266.06,True,False,False,False,False,True,False,False,False,True,False,False,False,False,True,False
55220,0,9.0,3,14.0,4.0,4,3,3,0,14.0,1.0,2.0,1.0,149.04,False,True,False,False,False,True,False,False,True,False,False,False,True,False,True,False
51625,0,23.0,1,10.0,3.0,3,4,4,0,14.0,1.0,1.0,6.0,291.44,True,False,False,False,False,True,False,False,True,False,False,False,False,True,True,False
54457,1,1.0,1,10.0,3.0,4,3,3,0,14.0,2.0,2.0,1.0,139.2,False,True,False,False,False,True,False,False,True,False,False,False,True,False,False,True
52446,0,8.0,3,14.0,3.0,4,3,1,0,23.0,2.0,4.0,2.0,124.30000000000001,False,True,False,False,False,True,False,False,False,False,False,True,False,False,True,False
52850,0,8.0,3,9.0,4.0,4,3,8,0,19.0,2.0,2.0,3.0,147.31,False,False,False,False,False,False,True,False,False,False,False,False,True,False,False,False
50509,0,9.0,2,14.0,3.0,4,5,1,0,21.0,1.0,1.0,3.0,123.41999999999999,False,True,False,False,False,True,False,False,True,False,False,True,False,False,False,False
55228,0,21.0,3,21.0,4.0,4,3,5,1,18.0,2.0,2.0,3.0,170.91,True,False,False,False,True,False,False,False,False,False,True,False,False,False,True,False
51280,0,15.0,1,29.0,2.0,4,3,2,0,12.0,2.0,3.0,7.0,143.32,False,False,False,False,False,True,False,False,True,False,True,False,False,False,False,True
52361,0,7.0,1,7.0,3.0,3,5,6,0,14.0,1.0,1.0,3.0,129.96,False,False,False,False,False,False,False,True,True,False,False,True,False,False,True,False
53022,0,1.0,3,7.0,4.0,4,4,2,1,14.0,1.0,2.0,5.0,188.49,False,False,False,False,False,False,True,False,True,False,True,False,False,False,False,False
54673,0,1.0,1,10.0,3.0,5,1,2,0,14.0,2.0,2.0,2.0,145.45,False,True,False,False,True,False,False,False,True,False,False,False,True,False,False,True
55498,0,2.0,3,10.0,4.0,4,4,3,0,20.0,2.0,2.0,1.0,153.56,True,False,False,False,True,False,False,False,False,False,False,False,True,False,True,False
55401,0,13.0,1,8.0,4.0,4,1,3,1,16.0,1.0,6.0,9.0,189.72,False,False,False,False,False,True,False,False,True,False,True,False,False,False,True,False
54341,0,5.0,1,19.0,4.0,4,1,10,1,24.0,2.0,2.0,3.0,164.29,True,False,False,False,True,False,False,False,False,False,False,False,True,False,True,False
52221,0,17.0,1,35.0,2.0,3,1,2,0,25.0,6.0,13.0,14.5,145.41,False,True,False,False,False,False,False,True,True,False,True,False,False,False,False,True
55133,0,1.0,1,8.0,4.0,4,1,3,0,16.0,2.0,2.0,1.0,141.11,False,False,False,False,False,True,False,False,False,False,False,False,True,False,False,True
51202,1,0.0,3,8.0,2.0,4,4,8,1,12.0,2.0,2.0,2.0,199.07,True,False,False,False,False,False,True,False,True,False,True,False,False,False,False,True
50656,1,0.0,1,30.0,3.0,4,5,2,0,12.0,0.0,1.0,9.0,187.22,False,False,True,False,False,False,False,False,True,False,False,False,False,False,False,True
50684,0,2.0,1,14.0,3.0,3,2,5,0,22.0,0.0,1.0,7.0,125.13999999999999,False,True,False,False,False,True,False,False,False,False,False,True,False,False,True,False
50221,0,0.0,1,32.0,3.0,3,2,2,0,12.0,1.0,1.0,2.0,129.04,False,True,False,False,False,True,False,False,True,False,False,True,False,False,True,False
50059,0,23.0,1,6.0,2.0,4,3,3,0,15.0,0.0,1.0,2.0,136.9,False,True,False,False,True,False,False,False,True,False,False,False,True,False,False,False
52589,0,18.0,2,10.0,2.0,5,3,5,0,21.0,1.0,1.0,3.0,197.56,True,False,False,False,False,True,False,False,False,False,False,False,False,False,True,False
52284,0,30.0,1,14.0,2.0,3,3,2,0,12.0,1.0,2.0,2.0,123.72,False,True,False,False,False,True,False,False,True,False,False,True,False,False,True,False
54166,0,6.0,1,9.0,4.0,4,1,2,0,14.0,2.0,4.0,7.0,155.68,False,False,False,False,False,True,False,False,True,False,False,False,True,False,False,True
55550,0,5.0,1,8.0,3.0,6,5,3,0,22.0,7.0,9.0,8.0,175.03,False,False,False,False,False,True,False,False,True,False,True,False,False,False,True,False
51257,0,9.0,1,22.0,2.0,3,3,2,0,14.0,0.0,1.0,4.0,121.44,False,False,False,False,False,False,False,False,True,False,False,True,False,False,False,True
55517,0,15.0,3,15.0,3.0,4,4,7,0,22.0,1.0,2.0,5.0,168.93,True,False,False,False,False,False,True,False,False,False,True,False,False,False,True,False
54136,0,15.0,1,35.0,3.0,5,4,2,0,24.0,2.0,2.0,11.0,260.7,True,False,False,False,False,True,False,False,False,True,False,False,False,False,True,False
52884,0,17.0,1,14.0,3.0,3,2,6,0,15.0,1.0,3.0,3.0,145.89,False,False,False,False,True,False,False,False,True,False,False,False,True,False,True,False
55384,1,11.0,3,16.0,3.0,6,3,9,0,12.0,7.0,2.0,11.0,254.36,False,False,False,False,False,True,False,False,True,True,False,False,False,False,True,False
52663,0,0.0,1,14.0,2.0,3,1,1,1,14.0,1.0,1.0,2.0,123.78999999999999,False,False,False,False,False,True,False,False,False,False,False,True,False,False,False,True
51023,0,22.0,1,31.0,2.0,3,5,2,0,14.0,0.0,1.0,4.0,132.11,False,True,False,False,False,True,False,False,False,False,False,True,False,False,True,False
50084,0,13.0,1,15.0,3.0,4,2,10,0,14.0,1.0,1.0,2.0,148.76,False,False,False,False,False,True,False,False,True,False,True,False,False,False,False,False
51927,0,3.0,1,6.0,2.0,5,3,4,0,21.0,1.0,1.0,2.0,138.33,False,True,False,False,False,True,False,False,True,False,False,False,True,False,True,False
52969,0,1.0,1,7.0,3.0,4,4,3,0,21.0,1.0,2.0,5.0,188.97,False,False,False,False,False,True,False,False,False,False,True,False,False,False,True,False
50763,0,15.0,1,32.0,2.0,3,5,4,1,17.0,0.0,2.0,0.0,231.91000000000003,False,False,False,False,True,False,False,False,False,False,False,False,False,False,False,False
53552,0,20.0,3,9.0,4.0,4,5,10,0,15.0,13.0,16.0,10.0,295.48,True,False,False,False,False,False,True,False,False,True,False,False,False,False,False,False
50730,0,18.0,1,13.0,2.0,3,3,5,1,19.0,1.0,1.0,2.0,144.77,False,True,False,False,True,False,False,False,False,False,False,False,True,False,False,False
52414,1,0.0,1,14.0,2.0,4,5,8,0,11.0,1.0,1.0,0.0,125.61000000000001,False,False,False,False,False,False,False,False,True,False,False,True,False,False,False,True
55227,0,7.0,1,11.0,3.0,5,4,10,0,12.0,2.0,2.0,3.0,163.38,True,False,False,False,True,False,False,False,False,False,False,False,True,False,True,False
54784,0,4.0,1,12.0,4.0,5,1,11,0,13.0,1.0,2.0,4.0,162.61,False,False,False,False,False,True,False,False,True,False,False,False,True,False,True,False
50038,0,1.0,1,27.0,3.0,3,2,2,0,11.0,0.0,1.0,2.0,127.13,False,True,False,False,False,False,False,False,True,False,False,True,False,False,False,False
55071,0,1.0,1,8.0,3.0,4,3,3,0,23.0,2.0,2.0,2.0,137.23,False,True,False,False,False,True,False,False,True,False,False,False,True,False,True,False
55168,1,1.0,1,21.0,3.0,4,1,2,1,13.0,5.0,8.0,8.0,200.53,False,False,False,False,False,False,False,True,False,False,False,False,False,False,False,True
53560,0,20.0,1,22.0,3.0,4,4,7,0,15.0,2.0,2.0,4.0,315.81,True,False,False,False,False,True,False,False,True,False,False,False,False,True,False,False
55054,0,3.0,1,8.0,4.0,4,1,3,0,16.0,2.0,2.0,3.0,162.6,True,False,False,False,False,True,False,False,False,False,False,False,True,False,True,False
51387,0,0.0,1,14.0,2.0,3,5,2,0,13.0,1.0,1.0,0.0,123.41,False,True,False,False,False,True,False,False,False,False,False,True,False,False,True,False
53640,0,13.0,1,25.0,3.0,4,3,2,0,12.0,1.0,2.0,8.0,170.34,True,False,False,False,False,True,False,False,True,False,True,False,False,False,False,True
50195,0,5.0,3,14.0,3.0,4,4,2,1,11.0,6.0,11.0,9.0,152.28,True,False,True,False,False,False,False,False,False,False,True,False,False,False,False,False
55444,0,2.0,1,8.0,3.0,4,1,3,0,12.0,1.0,2.0,4.0,145.44,False,True,False,False,False,True,False,False,True,False,False,False,True,False,True,False
54606,0,29.0,3,25.0,3.0,4,4,5,0,15.0,2.0,8.0,9.0,293.35,True,False,False,False,False,True,False,False,False,True,False,False,False,False,False,True
51119,0,18.0,2,10.0,2.0,5,3,5,0,21.0,1.0,1.0,3.0,197.56,True,False,False,False,False,True,False,False,False,False,False,False,False,False,True,False
53938,0,5.0,3,12.0,3.0,4,3,3,0,20.0,1.0,2.0,3.0,208.46,True,False,False,True,False,False,False,False,True,False,True,False,False,False,True,False
52002,1,0.0,1,31.0,3.0,3,1,2,1,24.0,0.0,1.0,1.0,127.94999999999999,False,True,False,False,False,True,False,False,True,False,False,True,False,False,False,True
53350,0,2.0,3,12.0,4.0,4,2,3,0,15.0,2.0,2.0,3.0,174.08,True,False,False,False,True,False,False,False,True,False,True,False,False,False,False,True
53523,0,11.0,1,32.0,3.0,5,2,9,0,14.0,1.0,2.0,4.0,182.31,True,False,False,False,True,False,False,False,False,False,True,False,False,False,True,False
50741,0,3.0,3,35.0,3.0,3,5,9,0,19.0,1.0,1.0,3.0,141.15,False,True,False,False,False,True,False,False,True,False,True,False,False,False,True,False
55223,0,18.0,1,9.0,3.0,4,3,7,1,19.0,3.0,3.0,3.0,227.09,False,False,False,False,True,False,False,False,True,False,False,False,False,False,False,True
54072,0,2.0,1,23.0,3.0,4,3,3,0,15.0,1.0,2.0,5.0,146.44,False,False,False,False,True,False,False,False,True,False,False,False,True,False,False,True
51044,0,0.0,1,8.0,2.0,3,1,2,1,13.0,1.0,1.0,3.0,137.6,False,False,True,False,False,False,False,False,False,False,False,False,True,False,False,True
51595,0,18.0,1,13.0,3.0,1,3,5,0,17.0,1.0,1.0,2.0,164.34,False,False,False,False,False,True,False,False,True,False,True,False,False,False,True,False
53201,0,28.0,2,26.0,3.0,4,4,4,0,16.0,4.0,2.0,2.0,232.25,True,False,False,False,True,False,False,False,True,False,False,False,False,False,False,False
51715,0,4.0,1,14.0,2.0,4,4,1,1,16.0,2.0,2.0,2.0,126.57,False,True,False,False,False,True,False,False,True,False,False,True,False,False,False,True
50978,0,9.0,3,14.0,3.0,3,1,4,1,21.0,0.0,1.0,2.0,126.44,False,True,False,False,False,True,False,False,True,False,False,True,False,False,False,True
51716,1,0.0,3,18.0,3.0,1,4,2,0,15.0,0.0,1.0,0.0,127.16,False,True,False,False,False,True,False,False,False,False,False,True,False,False,False,True
50026,1,0.0,1,15.0,2.0,3,5,8,0,22.0,1.0,1.0,4.0,142.0,False,True,False,False,True,False,False,False,False,False,False,False,True,False,False,True
55513,0,18.0,1,8.0,4.0,2,5,4,0,16.0,2.0,3.0,3.0,175.33,True,False,False,False,False,True,False,False,True,False,True,False,False,False,True,False
53850,0,13.0,1,11.0,3.0,4,3,2,0,14.0,4.0,4.0,9.0,175.42,False,False,False,False,True,False,False,False,False,False,True,False,False,False,False,True
53187,0,1.0,3,29.0,3.0,4,3,3,0,12.0,2.0,2.0,3.0,159.47,True,False,True,False,False,False,False,False,True,False,False,False,True,False,False,True
50550,0,30.0,1,11.0,2.0,4,4,3,1,13.0,1.0,1.0,4.0,205.52,True,False,False,True,False,False,False,False,False,False,False,False,False,False,True,False
51006,0,8.0,1,34.0,2.0,1,3,2,0,17.0,5.0,6.0,8.0,134.07,False,True,False,False,False,True,False,False,True,False,True,False,False,False,True,False
51947,0,13.0,1,22.0,2.0,4,3,7,0,14.0,0.0,1.0,0.0,150.94,False,False,False,False,True,False,False,False,True,False,True,False,False,False,False,True
52675,0,2.0,2,12.0,3.0,4,4,2,0,11.0,1.0,1.0,0.0,128.04,False,True,False,False,False,False,False,False,True,False,False,True,False,False,True,False
51341,0,9.0,1,14.0,2.0,1,1,5,0,17.0,0.0,1.0,3.0,125.71000000000001,False,False,False,False,False,False,False,False,True,False,True,False,False,False,True,False
50290,1,0.0,3,6.0,3.0,3,4,2,1,16.0,1.0,1.0,4.0,132.02,False,True,True,False,False,False,False,False,False,False,False,True,False,False,False,True
53694,0,1.0,1,7.0,3.0,4,2,6,0,12.0,2.0,2.0,3.0,157.29,True,False,True,False,False,False,False,False,True,False,False,False,True,False,False,False
54837,0,9.0,1,28.0,3.0,4,1,3,1,26.0,1.0,2.0,8.0,165.14,True,False,False,False,False,True,False,False,False,False,True,False,False,False,True,False
54883,0,12.0,1,17.0,4.0,4,3,2,0,18.0,1.0,2.0,3.0,151.84,False,False,False,False,True,False,False,False,True,False,False,False,True,False,True,False
55199,0,22.0,3,14.0,4.0,4,5,6,0,12.0,1.0,3.0,3.0,179.86,True,False,False,False,False,False,True,False,True,False,True,False,False,False,True,False
54825,0,10.0,1,21.0,4.0,4,1,2,1,18.0,3.0,5.0,12.0,190.86,True,False,False,False,False,True,False,False,True,False,True,False,False,False,True,False
52143,1,0.0,1,14.0,2.0,3,3,2,0,20.0,1.0,1.0,0.0,123.77000000000001,False,True,False,False,False,False,False,False,True,False,False,True,False,False,True,False
51976,0,0.0,1,6.0,2.0,4,1,7,0,22.0,2.0,2.0,2.0,147.75,False,True,False,False,False,True,False,False,True,False,True,False,False,False,True,False
50745,0,19.0,1,21.0,2.0,3,4,6,0,11.0,1.0,1.0,3.0,290.81,True,False,False,False,False,True,False,False,True,False,False,False,False,True,False,False
54285,1,1.0,3,13.0,4.0,6,3,6,1,19.0,1.0,8.0,8.0,186.72,True,False,False,False,False,True,False,False,True,False,True,False,False,False,True,False
53868,0,24.0,1,24.0,3.0,5,5,7,0,16.0,2.0,2.0,12.0,257.69,True,False,False,False,False,True,False,False,False,False,False,False,False,False,True,False
54513,0,22.0,3,36.0,4.0,4,3,5,0,22.0,1.0,2.0,1.0,250.04000000000002,True,False,False,False,True,False,False,False,False,False,False,False,False,False,True,False
50481,0,11.0,1,18.0,2.0,4,5,3,0,15.0,1.0,1.0,2.0,162.88,False,False,False,False,False,True,False,False,True,False,True,False,False,False,True,False
54721,0,8.0,1,15.0,3.0,4,5,5,0,15.0,2.0,2.0,1.0,176.21,True,False,False,False,False,True,False,False,False,False,True,False,False,False,True,False
50989,0,5.0,1,6.0,3.0,3,5,5,0,14.0,1.0,1.0,2.0,140.87,False,False,True,False,False,False,False,False,True,False,True,False,False,False,True,False
54079,0,6.0,1,22.0,3.0,4,1,7,0,19.0,1.0,2.0,3.0,191.67,False,False,False,False,True,False,False,False,False,False,True,False,False,False,True,False
50128,0,2.0,1,14.0,2.0,3,2,2,0,19.0,0.0,1.0,5.0,123.4,False,True,False,False,False,True,False,False,True,False,False,True,False,False,False,True
52392,0,17.0,1,26.0,2.0,3,4,2,0,13.0,1.0,1.0,3.0,134.2,False,True,False,False,False,True,False,False,True,False,False,True,False,False,False,True
53818,0,1.0,1,17.0,3.0,2,3,4,0,17.0,3.0,3.0,3.0,145.73,False,True,True,False,False,False,False,False,True,False,False,False,True,False,True,False
52744,0,6.0,1,13.0,2.0,3,3,2,0,20.0,0.0,2.0,8.0,159.68,False,False,False,False,False,True,False,False,True,False,True,False,False,False,True,False
55584,0,1.0,1,8.0,4.0,4,3,2,0,13.0,2.0,2.0,3.0,158.75,True,False,False,False,False,True,False,False,True,False,False,False,True,False,False,True
52967,0,3.0,1,29.0,4.0,3,4,9,0,19.0,6.0,2.0,3.0,244.95999999999998,True,False,False,False,False,True,False,False,False,False,False,False,False,False,True,False
55454,0,17.0,1,16.0,3.0,4,3,6,0,14.0,2.0,2.0,3.0,149.38,False,False,False,False,False,True,False,False,True,False,False,False,True,False,False,True
54912,0,24.0,3,7.0,4.0,4,3,2,0,13.0,1.0,2.0,14.0,188.47,False,False,False,False,False,True,False,False,False,False,True,False,False,False,True,False
55472,0,1.0,1,21.0,3.0,4,3,3,0,17.0,2.0,2.0,1.0,140.14,False,False,False,False,True,False,False,False,False,False,False,False,True,False,False,True
50615,0,0.0,1,8.0,2.0,3,2,1,0,18.0,0.0,2.0,2.0,142.27,False,True,False,False,False,True,False,False,False,False,True,False,False,False,False,False
51622,0,8.0,1,28.0,3.0,1,4,8,0,18.0,5.0,6.0,3.0,219.95999999999998,True,False,False,False,False,True,False,False,False,False,False,False,False,False,True,False
51875,0,11.0,1,6.0,2.0,1,1,1,0,13.0,0.0,1.0,8.0,176.25,True,False,False,False,False,True,False,False,False,False,True,False,False,False,False,True
51907,0,25.0,3,9.0,2.0,4,5,2,0,11.0,1.0,1.0,14.5,268.56,True,False,False,False,False,False,True,False,True,True,False,False,False,False,True,False
54032,0,5.0,1,27.0,3.0,4,3,3,0,12.0,1.0,2.0,3.0,166.97,True,False,False,False,False,True,False,False,True,False,True,False,False,False,True,False
54361,0,1.0,1,7.0,3.0,5,5,7,0,20.0,3.0,3.0,1.0,167.98,False,False,True,False,False,False,False,False,True,False,True,False,False,False,True,False
53221,0,1.0,1,7.0,4.0,4,5,3,0,12.0,2.0,2.0,8.0,199.12,True,False,False,False,False,True,False,False,False,False,False,False,False,False,False,False
53303,0,2.0,3,9.0,3.0,4,4,3,1,21.0,8.0,8.0,6.0,172.79,True,False,False,False,False,False,True,False,False,False,True,False,False,False,False,False
51586,0,9.0,1,6.0,3.0,3,3,8,0,14.0,1.0,1.0,2.0,122.32,False,True,False,False,False,False,False,False,False,False,False,True,False,False,True,False
51568,0,10.0,1,17.0,2.0,3,1,2,1,14.0,1.0,1.0,3.0,221.85000000000002,False,False,False,False,False,False,False,True,True,False,False,False,False,False,True,False
53800,0,4.0,3,36.0,3.0,4,4,5,0,13.0,1.0,2.0,3.0,217.5,True,False,False,True,False,False,False,False,True,False,False,False,False,False,True,False
50721,0,13.0,1,32.0,3.0,4,2,4,1,13.0,1.0,1.0,0.0,144.22,False,False,False,False,True,False,False,False,False,False,True,False,False,False,False,False
52539,0,11.0,1,14.0,2.0,4,4,2,0,22.0,0.0,3.0,3.0,124.4,False,False,False,False,False,False,False,False,False,False,False,True,False,False,False,True
52200,0,18.0,1,13.0,2.0,3,3,5,1,19.0,0.0,1.0,2.0,144.77,False,True,False,False,True,False,False,False,False,False,False,False,True,False,True,False
51608,0,9.0,1,8.0,2.0,4,5,5,0,13.0,0.0,1.0,4.0,121.75999999999999,False,True,False,True,False,False,False,False,True,False,True,False,False,False,False,True
52410,0,9.0,2,7.0,2.0,3,3,1,0,21.0,0.0,1.0,3.0,120.63999999999999,False,True,False,False,False,True,False,False,True,False,False,True,False,False,True,False
50733,1,7.0,1,16.0,3.0,3,3,2,1,11.0,1.0,1.0,2.0,129.36,False,True,False,False,False,True,False,False,True,False,False,True,False,False,False,True
54655,0,8.0,3,21.0,3.0,4,3,3,1,19.0,2.0,2.0,7.0,150.79,True,False,True,False,False,False,False,False,False,False,False,False,True,False,True,False
54259,0,31.0,3,17.0,3.0,4,3,2,0,14.0,1.0,2.0,9.0,263.72,True,False,False,False,True,False,False,False,True,True,False,False,False,False,False,True
50215,0,0.0,3,14.0,2.0,3,4,2,0,18.0,0.0,1.0,7.0,162.14,True,False,False,False,False,False,True,False,False,False,True,False,False,False,False,False
51812,0,14.0,3,8.0,3.0,3,5,8,0,16.0,1.0,11.0,8.0,265.95,True,False,False,False,False,True,False,False,False,True,False,False,False,False,True,False
55521,0,5.0,1,11.0,4.0,2,3,10,0,13.0,2.0,3.0,3.0,164.78,True,False,False,False,True,False,False,False,False,False,False,False,True,False,True,False
55140,0,8.0,1,36.0,3.0,4,3,6,0,14.0,6.0,8.0,8.0,179.29,True,False,False,False,True,False,False,False,True,False,True,False,False,False,True,False
51905,0,11.0,1,8.0,3.0,3,3,7,1,13.0,0.0,1.0,1.0,130.57,False,True,False,False,False,False,False,False,True,False,False,True,False,False,True,False
53465,0,29.0,1,9.0,3.0,5,5,9,0,15.0,4.0,7.0,3.0,292.56,False,False,False,False,True,False,False,False,True,True,False,False,False,False,False,True
54838,0,23.0,1,15.0,3.0,4,4,6,0,12.0,1.0,2.0,8.0,199.03,True,False,False,False,False,False,False,True,False,False,False,False,False,False,True,False
50825,0,12.0,1,24.0,2.0,3,3,1,0,11.0,0.0,1.0,7.0,145.34,False,True,False,False,False,True,False,False,True,False,True,False,False,False,False,True
54580,0,4.0,1,10.0,3.0,4,1,6,0,16.0,2.0,2.0,5.0,145.97,False,False,False,False,False,True,False,False,True,False,False,False,True,False,True,False
50270,0,4.0,1,13.0,2.0,3,5,2,0,12.0,3.0,3.0,12.0,143.06,False,True,False,False,True,False,False,False,False,False,True,False,False,False,False,False
55017,0,1.0,1,6.0,3.0,5,3,3,0,13.0,1.0,2.0,3.0,155.33,True,False,False,False,False,True,False,False,True,False,False,False,True,False,False,True
50160,0,0.0,1,17.0,2.0,3,5,2,1,13.0,2.0,3.0,3.0,147.41,False,False,False,False,True,False,False,False,True,False,True,False,False,False,False,False
52637,1,0.0,1,16.0,2.0,3,5,2,0,15.0,0.0,1.0,8.0,142.13,False,True,False,False,True,False,False,False,True,False,True,False,False,False,False,True
55285,0,13.0,3,13.0,3.0,2,3,4,0,12.0,4.0,8.0,7.0,207.37,True,False,False,False,True,False,False,False,True,False,False,False,False,False,True,False
51721,0,22.0,1,13.0,2.0,4,3,9,0,24.0,1.0,1.0,3.0,209.64999999999998,True,False,False,False,False,False,False,True,True,False,False,False,False,False,False,True
54662,0,4.0,1,10.0,4.0,4,3,3,0,21.0,2.0,2.0,1.0,145.83,False,False,False,False,True,False,False,False,False,False,False,False,True,False,True,False
51712,1,4.0,3,10.0,2.0,3,4,2,0,18.0,4.0,7.0,7.0,193.55,False,False,False,False,False,False,True,False,True,False,True,False,False,False,False,True
55283,0,3.0,1,10.0,3.0,4,5,3,1,19.0,1.0,2.0,6.0,172.23,True,False,False,False,True,False,False,False,True,False,False,False,True,False,False,True
53935,0,4.0,1,9.0,4.0,5,5,2,0,17.0,1.0,2.0,8.0,174.68,False,False,True,False,False,False,False,False,False,False,False,False,True,False,False,True
50365,0,16.0,1,12.0,2.0,4,2,5,1,14.0,1.0,1.0,0.0,266.27,True,False,False,False,False,False,False,True,True,True,False,False,False,False,True,False
52400,0,22.0,1,13.0,2.0,3,4,4,0,14.0,0.0,1.0,7.0,204.66,True,False,False,False,False,True,False,False,True,False,False,False,False,False,True,False
51837,0,16.0,1,15.0,3.0,3,3,4,1,13.0,1.0,4.0,7.0,156.79,False,False,False,False,True,False,False,False,True,False,True,False,False,False,True,False
53883,0,23.0,1,23.0,4.0,4,5,6,1,17.0,2.0,3.0,3.0,150.87,True,False,False,False,True,False,False,False,False,False,False,False,True,False,True,False
50404,1,13.0,3,14.0,2.0,3,3,4,1,14.0,1.0,1.0,3.0,167.96,False,False,True,False,False,False,False,False,True,False,True,False,False,False,False,False
51337,1,13.0,3,34.0,2.0,4,5,5,1,13.0,0.0,2.0,0.0,208.54000000000002,True,False,False,False,False,False,True,False,True,False,False,False,False,False,True,False
53923,0,9.0,1,34.0,3.0,4,3,4,0,17.0,1.0,2.0,8.0,193.83,True,False,False,False,False,True,False,False,True,False,True,False,False,False,True,False
54214,0,9.0,1,18.0,4.0,5,5,4,1,14.0,2.0,3.0,3.0,223.84,False,False,False,False,True,False,False,False,True,False,False,False,False,False,True,False
54654,0,18.0,2,7.0,3.0,5,3,6,0,12.0,2.0,2.0,3.0,184.85,True,False,False,False,False,True,False,False,False,False,True,False,False,False,False,True
53178,0,1.0,1,7.0,3.0,5,4,3,0,14.0,2.0,2.0,1.0,153.36,True,False,False,False,False,True,False,False,False,False,False,False,True,False,False,True
50630,0,6.0,3,14.0,2.0,4,2,1,0,19.0,2.0,2.0,2.0,123.41999999999999,False,False,False,False,False,True,False,False,False,False,False,True,False,False,False,True
54892,1,1.0,1,18.0,4.0,5,5,3,1,16.0,2.0,2.0,1.0,151.0,True,False,False,False,True,False,False,False,False,False,False,False,True,False,False,True
50349,0,22.0,1,24.0,2.0,4,3,2,1,15.0,0.0,1.0,9.0,295.02,True,False,False,False,False,True,False,False,True,False,False,False,False,True,True,False
52751,0,4.0,1,16.0,2.0,3,3,5,0,20.0,3.0,4.0,3.0,210.31,False,False,False,False,True,False,False,False,False,False,False,False,False,False,True,False
51413,0,18.0,1,13.0,2.0,3,5,3,0,17.0,0.0,1.0,0.0,197.24,True,False,False,False,False,True,False,False,True,False,False,False,False,False,True,False
51001,0,2.0,1,8.0,2.0,3,1,2,0,19.0,0.0,1.0,3.0,188.53,False,False,False,False,False,True,False,False,True,False,True,False,False,False,True,False
53573,0,10.0,1,7.0,4.0,6,5,4,1,22.0,6.0,8.0,3.0,227.52,True,False,False,True,False,False,False,False,False,False,False,False,False,False,True,False
50948,0,2.0,1,8.0,3.0,3,4,1,0,13.0,0.0,1.0,2.0,131.8,False,False,False,False,False,True,False,False,False,False,False,True,False,False,False,False
53001,0,5.0,2,9.0,4.0,5,5,5,0,13.0,1.0,2.0,1.0,189.1,True,False,False,False,False,False,False,True,True,False,True,False,False,False,False,False
53429,0,13.0,1,7.0,4.0,5,2,3,0,17.0,1.0,2.0,9.0,252.42000000000002,True,False,False,False,False,True,False,False,False,True,False,False,False,False,False,False
54355,0,19.0,1,9.0,4.0,5,1,11,0,15.0,2.0,12.0,9.0,292.92,False,False,False,False,True,False,False,False,True,True,False,False,False,False,True,False
50637,1,0.0,1,21.0,2.0,3,3,8,0,14.0,0.0,1.0,0.0,148.34,False,True,False,False,False,False,False,True,True,False,True,False,False,False,True,False
54015,0,3.0,1,36.0,4.0,6,3,10,0,18.0,2.0,2.0,7.0,188.84,True,False,False,False,False,True,False,False,True,False,True,False,False,False,True,False
54888,0,1.0,1,12.0,4.0,4,1,3,0,16.0,1.0,2.0,1.0,135.51,False,False,False,False,False,True,False,False,True,False,False,False,True,False,False,True
51345,0,7.0,1,14.0,2.0,1,3,3,0,12.0,0.0,1.0,2.0,144.04,False,True,False,False,True,False,False,False,True,False,True,False,False,False,True,False
53792,0,6.0,1,12.0,4.0,5,4,5,0,13.0,2.0,3.0,6.0,183.78,True,False,False,False,False,True,False,False,False,False,True,False,False,False,True,False
53110,0,4.0,1,10.0,3.0,4,2,6,0,16.0,1.0,2.0,5.0,145.97,False,False,False,False,False,True,False,False,True,False,False,False,True,False,False,False
52375,0,13.0,1,15.0,2.0,3,3,4,0,11.0,0.0,1.0,7.0,139.75,False,False,False,False,False,False,False,True,True,False,True,False,False,False,True,False
53958,0,8.0,3,17.0,3.0,4,3,3,1,15.0,2.0,2.0,8.0,165.01,False,False,False,False,False,True,False,False,True,False,True,False,False,False,True,False
54331,0,1.0,1,24.0,3.0,4,4,2,1,17.0,1.0,2.0,2.0,155.58,True,False,True,False,False,False,False,False,True,False,False,False,True,False,True,False
54664,0,8.0,1,7.0,3.0,4,1,3,0,13.0,2.0,9.0,9.0,151.91,True,False,False,False,False,True,False,False,True,False,False,False,True,False,True,False
53759,1,1.0,1,9.0,3.0,5,5,9,0,12.0,1.0,2.0,1.0,150.61,False,False,False,False,True,False,False,False,True,False,False,False,True,False,False,True
51794,0,13.0,1,12.0,3.0,3,3,8,0,15.0,4.0,2.0,13.0,232.37,True,False,False,False,False,True,False,False,False,True,False,False,False,False,False,True
54118,0,14.0,1,7.0,3.0,4,1,10,0,20.0,1.0,2.0,1.0,149.06,False,True,False,False,False,True,False,False,True,False,False,False,True,False,True,False
50709,0,0.0,1,14.0,2.0,4,3,2,0,13.0,2.0,2.0,2.0,125.38999999999999,False,True,False,False,False,True,False,False,True,False,False,True,False,False,False,False
55524,0,7.0,3,17.0,3.0,4,3,3,0,15.0,1.0,2.0,10.0,179.87,True,False,False,False,False,False,True,False,True,False,True,False,False,False,False,True
51359,0,7.0,1,25.0,3.0,3,1,1,0,11.0,0.0,1.0,2.0,126.61000000000001,False,True,False,False,False,False,False,False,True,False,False,True,False,False,True,False
53392,0,27.0,3,9.0,3.0,4,3,8,0,14.0,1.0,16.0,3.0,273.52,True,False,False,False,True,False,False,False,True,True,False,False,False,False,True,False
50304,0,20.0,1,8.0,3.0,3,2,6,0,13.0,0.0,1.0,4.0,150.7,True,False,False,False,True,False,False,False,False,False,True,False,False,False,True,False
50518,0,11.0,3,15.0,3.0,4,4,1,0,19.0,0.0,1.0,2.0,128.99,False,True,False,False,False,False,True,False,True,False,False,True,False,False,False,False
52292,1,3.0,3,31.0,2.0,4,4,3,1,12.0,1.0,1.0,0.0,190.94,True,False,False,False,False,False,True,False,True,False,False,False,False,False,False,True
54963,0,7.0,3,14.0,2.0,4,4,2,0,18.0,1.0,2.0,3.0,168.02,False,False,False,False,False,True,False,False,False,False,True,False,False,False,True,False
53733,0,18.0,1,12.0,3.0,5,3,5,0,15.0,1.0,2.0,4.0,156.62,False,False,False,False,False,True,False,False,True,False,False,False,True,False,False,True
53232,0,10.0,1,15.0,4.0,3,5,11,0,15.0,1.0,2.0,6.0,242.13,False,False,False,False,False,True,False,False,False,False,False,False,False,False,False,False
53457,0,24.0,1,9.0,4.0,4,3,4,1,15.0,8.0,8.0,8.0,317.37,True,False,False,False,True,False,False,False,True,False,False,False,False,True,False,False
51987,0,5.0,3,11.0,2.0,3,4,2,0,14.0,2.0,5.0,3.0,165.24,False,False,False,False,False,True,False,False,True,False,True,False,False,False,True,False
52046,1,20.0,1,14.0,2.0,3,3,5,0,24.0,0.0,1.0,0.0,124.78999999999999,False,True,True,False,False,False,False,False,True,False,False,True,False,False,False,True
51727,0,3.0,3,14.0,3.0,3,4,2,0,18.0,1.0,1.0,0.0,124.75999999999999,False,True,True,False,False,False,False,False,True,False,False,True,False,False,True,False
51277,0,28.0,2,32.0,3.0,1,4,5,1,15.0,1.0,1.0,4.0,296.36,True,False,False,False,False,False,False,True,True,False,False,False,False,True,True,False
50803,0,9.0,1,8.0,2.0,3,4,10,1,11.0,4.0,5.0,12.0,154.1,True,False,False,False,False,True,False,False,False,False,True,False,False,False,False,True
50086,1,0.0,3,10.0,2.0,5,2,2,0,11.0,7.0,9.0,8.0,204.0,True,False,False,False,True,False,False,False,True,False,False,False,False,False,False,False
50937,0,9.0,3,19.0,3.0,3,4,2,0,13.0,0.0,1.0,0.0,120.33000000000001,False,False,False,False,False,True,False,False,False,False,False,True,False,False,False,False
53899,0,8.0,1,12.0,3.0,5,1,3,0,15.0,5.0,5.0,14.0,164.86,True,False,False,False,True,False,False,False,True,False,True,False,False,False,True,False
51873,0,5.0,3,16.0,2.0,3,1,2,0,12.0,1.0,1.0,8.0,153.96,True,False,False,False,False,False,True,False,True,False,True,False,False,False,False,True
50177,0,0.0,3,16.0,3.0,4,3,2,0,12.0,1.0,1.0,0.0,112.0,True,False,False,False,True,False,False,False,False,False,False,False,True,False,False,True
52320,0,0.0,3,8.0,2.0,5,1,4,0,20.0,0.0,1.0,0.0,150.71,False,False,False,False,False,True,False,False,True,False,True,False,False,False,False,True
53343,0,11.0,3,26.0,3.0,4,4,3,1,14.0,1.0,2.0,10.0,201.42,False,False,False,False,True,False,False,False,True,False,False,False,False,False,False,True
52093,0,11.0,3,9.0,2.0,3,1,9,1,12.0,1.0,1.0,0.0,168.61,True,False,False,False,False,True,False,False,True,False,True,False,False,False,False,True
54448,0,12.0,1,30.0,3.0,4,1,11,0,15.0,1.0,2.0,3.0,182.45,True,False,False,False,False,True,False,False,True,False,True,False,False,False,True,False
50562,0,14.0,1,12.0,2.0,3,5,3,1,13.0,1.0,2.0,14.5,147.21,False,True,False,False,True,False,False,False,True,False,False,False,True,False,False,True
50782,0,7.0,1,14.0,2.0,1,3,1,0,17.0,1.0,1.0,0.0,125.85,False,True,True,False,False,False,False,False,False,False,False,True,False,False,False,False
50398,0,10.0,1,16.0,3.0,2,2,4,0,17.0,1.0,1.0,0.0,146.8,False,True,False,False,False,True,False,False,True,False,False,False,True,False,False,True
50367,0,16.0,1,15.0,3.0,3,3,4,1,13.0,2.0,4.0,7.0,156.79,False,False,False,False,True,False,False,False,True,False,True,False,False,False,True,False
54882,0,24.0,1,31.0,4.0,4,3,5,1,19.0,1.0,2.0,6.0,264.73,True,False,False,False,False,True,False,False,True,True,False,False,False,False,True,False
52858,0,4.0,3,12.0,3.0,4,2,4,0,13.0,3.0,8.0,3.0,219.19,True,False,False,False,False,True,False,False,False,False,False,False,False,False,False,False
53131,1,1.0,2,30.0,3.0,4,5,11,1,16.0,2.0,2.0,3.0,224.5,False,False,False,False,False,False,False,True,False,False,False,False,False,False,True,False
50845,0,21.0,1,10.0,2.0,3,2,2,0,11.0,1.0,1.0,8.0,178.98,True,False,False,False,False,True,False,False,True,False,False,False,False,False,False,True
50622,0,14.0,1,13.0,2.0,5,3,2,0,15.0,1.0,5.0,10.0,299.73,False,False,False,False,False,True,False,False,False,False,False,False,False,True,True,False
53443,1,1.0,1,23.0,3.0,2,5,3,0,17.0,16.0,16.0,14.5,152.43,True,False,False,False,False,True,False,False,False,False,False,False,True,False,False,True
52810,0,0.0,3,11.0,3.0,4,3,1,0,18.0,1.0,1.0,0.0,129.66,False,True,False,False,False,False,False,True,False,False,False,True,False,False,False,True
51962,0,24.0,3,32.0,3.0,3,3,3,0,14.0,1.0,4.0,14.5,263.07,True,False,False,False,False,False,True,False,False,True,False,False,False,False,True,False
52755,0,13.0,1,17.0,3.0,3,3,2,0,11.0,7.0,9.0,4.0,163.23,False,False,True,False,False,False,False,False,False,False,True,False,False,False,True,False
51793,0,8.0,3,6.0,2.0,3,3,10,0,11.0,0.0,6.0,9.0,147.17,False,True,False,False,False,False,True,False,True,False,True,False,False,False,True,False
50987,1,16.0,1,8.0,3.0,4,1,1,0,16.0,1.0,1.0,9.0,201.69,True,False,False,True,False,False,False,False,False,False,False,False,False,False,True,False
51081,1,9.0,1,8.0,3.0,3,4,2,0,12.0,1.0,1.0,0.0,113.93,True,False,False,False,False,True,False,False,True,False,False,False,True,False,False,True
54525,0,11.0,1,17.0,4.0,4,5,8,0,21.0,2.0,2.0,4.0,159.52,True,False,False,False,True,False,False,False,False,False,False,False,True,False,True,False
50352,0,9.0,1,23.0,3.0,4,4,2,0,21.0,1.0,1.0,0.0,121.27000000000001,False,True,False,False,False,False,False,True,True,False,False,True,False,False,False,False
55574,0,1.0,1,9.0,3.0,4,3,8,1,20.0,1.0,2.0,3.0,164.77,True,False,False,False,False,False,False,True,True,False,False,False,True,False,True,False
52662,0,16.0,3,8.0,3.0,3,1,2,0,20.0,7.0,7.0,7.0,156.75,False,False,False,False,False,True,False,False,True,False,True,False,False,False,True,False
50572,0,18.0,1,10.0,2.0,3,4,2,0,12.0,1.0,1.0,8.0,144.47,False,False,False,False,False,True,False,False,True,False,True,False,False,False,False,False
50040,0,0.0,1,14.0,3.0,4,3,2,1,15.0,0.0,1.0,1.0,125.66,False,False,False,False,False,False,False,False,True,False,False,True,False,False,True,False
54061,0,21.0,1,21.0,4.0,4,4,10,0,19.0,1.0,2.0,8.0,179.67,False,False,True,False,False,False,False,False,True,False,True,False,False,False,True,False
51787,0,9.0,1,11.0,3.0,3,3,5,0,17.0,0.0,2.0,0.0,120.93,False,False,False,False,False,False,False,True,True,False,False,True,False,False,True,False
50237,0,9.0,1,16.0,2.0,2,3,4,1,13.0,0.0,1.0,7.0,122.13,False,True,False,False,False,True,False,False,False,False,False,True,False,False,False,False
50548,0,15.0,3,20.0,3.0,4,3,8,0,17.0,0.0,1.0,3.0,162.44,True,False,False,False,True,False,False,False,False,False,True,False,False,False,False,True
53953,1,7.0,1,24.0,3.0,5,3,11,1,17.0,2.0,2.0,1.0,149.37,False,False,True,False,False,False,False,False,True,False,False,False,True,False,True,False
50628,1,0.0,1,22.0,3.0,1,5,2,0,16.0,15.0,15.0,14.0,127.43,False,True,False,False,False,True,False,False,False,False,False,True,False,False,False,True
55263,0,10.0,3,9.0,4.0,4,1,5,1,22.0,2.0,2.0,3.0,151.44,True,False,False,False,False,True,False,False,True,False,False,False,True,False,False,True
53122,0,28.0,1,15.0,3.0,4,3,9,0,12.0,2.0,2.0,1.0,162.8,True,False,False,False,False,True,False,False,False,False,True,False,False,False,False,True
54000,0,1.0,3,17.0,3.0,4,1,3,0,14.0,1.0,2.0,3.0,171.84,True,False,False,False,True,False,False,False,True,False,True,False,False,False,False,True
54300,0,4.0,2,16.0,3.0,4,1,2,1,20.0,5.0,5.0,8.0,188.47,True,False,False,False,False,False,False,True,True,False,True,False,False,False,True,False
54458,0,9.0,3,23.0,4.0,4,4,2,0,16.0,4.0,7.0,10.0,205.2,True,False,False,False,False,False,True,False,True,False,False,False,False,False,True,False
53997,0,5.0,3,14.0,4.0,4,5,4,0,15.0,3.0,3.0,3.0,221.37,False,False,False,False,False,False,True,False,False,False,False,False,False,False,True,False
50796,0,7.0,1,25.0,2.0,3,4,5,0,13.0,3.0,5.0,10.0,144.44,False,False,False,False,True,False,False,False,False,False,True,False,False,False,True,False
52710,0,1.0,3,7.0,2.0,4,1,2,1,12.0,1.0,1.0,7.0,168.34,False,False,False,False,False,True,False,False,True,False,True,False,False,False,True,False
51230,1,19.0,1,14.0,3.0,3,1,2,0,16.0,0.0,1.0,0.0,125.87,False,True,False,False,False,True,False,False,True,False,False,True,False,False,False,True
53535,0,4.0,3,17.0,4.0,5,3,3,0,19.0,2.0,2.0,5.0,190.78,True,False,False,False,False,False,True,False,True,False,True,False,False,False,False,False
53861,0,1.0,1,9.0,3.0,4,1,4,0,14.0,1.0,2.0,3.0,150.8,False,False,False,False,True,False,False,False,True,False,False,False,True,False,False,True
51033,0,8.0,1,14.0,2.0,3,3,2,0,12.0,2.0,2.0,9.0,141.48,False,False,False,False,False,True,False,False,False,False,True,False,False,False,True,False
54511,0,16.0,2,9.0,3.0,4,3,2,1,12.0,2.0,2.0,1.0,151.96,True,False,True,False,False,False,False,False,True,False,False,False,True,False,True,False
54311,0,14.0,1,33.0,3.0,4,4,3,0,12.0,1.0,3.0,14.0,181.05,False,False,False,False,True,False,False,False,False,False,True,False,False,False,True,False
50892,1,9.0,1,14.0,2.0,4,4,2,0,12.0,0.0,1.0,0.0,112.61000000000001,True,False,False,False,False,True,False,False,False,False,False,False,True,False,False,True
53806,0,8.0,1,14.0,3.0,4,1,3,0,14.0,1.0,2.0,1.0,154.72,True,False,False,False,True,False,False,False,True,False,False,False,True,False,False,True
54608,0,9.0,3,7.0,3.0,4,3,11,0,12.0,1.0,7.0,10.0,172.17,True,False,False,False,False,False,True,False,True,False,True,False,False,False,True,False
53041,0,16.0,2,9.0,3.0,4,3,2,1,12.0,2.0,2.0,1.0,151.96,True,False,True,False,False,False,False,False,True,False,False,False,True,False,True,False
54049,0,5.0,3,17.0,3.0,4,1,4,1,12.0,1.0,2.0,5.0,190.83,True,False,False,False,True,False,False,False,False,False,True,False,False,False,True,False
52620,0,4.0,3,35.0,3.0,4,1,2,0,14.0,0.0,5.0,7.0,154.68,True,False,False,False,False,False,True,False,False,False,True,False,False,False,True,False
53321,0,1.0,1,7.0,3.0,5,2,8,0,23.0,3.0,3.0,3.0,172.75,True,False,False,False,False,True,False,False,True,False,True,False,False,False,False,False
51741,0,9.0,1,27.0,3.0,3,1,8,0,20.0,1.0,1.0,2.0,122.58000000000001,False,False,False,False,False,False,False,False,True,False,False,True,False,False,True,False
54465,0,13.0,1,7.0,3.0,2,1,2,0,18.0,2.0,4.0,3.0,221.13,True,False,False,False,True,False,False,False,True,False,False,False,False,False,True,False
53423,1,1.0,1,12.0,3.0,4,4,2,0,18.0,1.0,2.0,3.0,149.22,False,False,False,False,True,False,False,False,False,False,False,False,True,False,False,True
53960,0,17.0,2,9.0,4.0,4,1,2,0,14.0,1.0,2.0,9.0,160.39,True,False,False,False,False,True,False,False,True,False,False,False,True,False,False,True
52759,0,0.0,1,8.0,2.0,3,3,7,1,19.0,0.0,1.0,2.0,139.77,False,True,False,False,False,False,False,True,True,False,False,False,True,False,True,False
54415,0,3.0,3,27.0,3.0,4,1,4,0,15.0,2.0,2.0,3.0,194.31,True,False,False,False,False,False,True,False,True,False,True,False,False,False,True,False
50389,1,0.0,1,16.0,2.0,3,3,2,1,11.0,0.0,1.0,1.0,110.09,True,False,False,False,True,False,False,False,True,False,False,False,True,False,False,True
53373,0,6.0,1,7.0,4.0,5,4,8,0,21.0,2.0,2.0,3.0,148.32,False,False,False,False,False,True,False,False,False,False,False,False,True,False,False,False
53817,0,24.0,3,6.0,3.0,4,3,6,1,15.0,1.0,2.0,1.0,318.31,True,False,False,False,False,False,True,False,True,False,False,False,False,True,True,False
54816,0,7.0,2,10.0,3.0,4,4,5,1,12.0,1.0,2.0,4.0,147.77,False,True,False,False,False,False,False,True,True,False,False,False,True,False,True,False
52073,0,0.0,1,11.0,3.0,3,1,2,0,15.0,0.0,1.0,0.0,110.50999999999999,False,False,False,False,False,True,False,False,True,False,False,False,True,False,False,True
50167,0,9.0,1,9.0,1.0,3,4,5,0,12.0,6.0,7.0,7.0,144.85,False,True,True,False,False,False,False,False,True,False,True,False,False,False,False,True
52146,1,0.0,1,14.0,2.0,4,4,2,0,15.0,1.0,1.0,0.0,125.96000000000001,False,False,False,False,False,False,False,False,True,False,False,True,False,False,True,False
51108,0,8.0,1,33.0,2.0,3,3,3,0,16.0,0.0,1.0,7.0,168.83,True,False,False,False,False,True,False,False,True,False,True,False,False,False,True,False
52666,0,15.0,1,16.0,3.0,3,3,4,0,22.0,3.0,3.0,3.0,129.36,False,False,True,False,False,False,False,False,True,False,False,True,False,False,True,False
55562,0,29.0,2,33.0,4.0,2,4,6,1,15.0,2.0,2.0,5.0,321.36,True,False,False,False,False,False,False,True,True,False,False,False,False,True,True,False
51632,1,7.0,1,30.0,3.0,3,3,4,1,22.0,0.0,1.0,0.0,131.61,False,False,False,False,False,True,False,False,True,False,False,True,False,False,True,False
53324,0,10.0,2,15.0,4.0,5,5,2,0,22.0,2.0,2.0,4.0,148.42,False,True,False,False,False,True,False,False,True,False,False,False,True,False,False,False
52367,1,0.0,3,15.0,3.0,4,5,4,0,12.0,2.0,2.0,2.0,144.0,False,True,False,False,False,True,False,False,True,False,False,False,True,False,True,False
52152,0,25.0,1,5.0,2.0,3,4,8,0,19.0,2.0,4.0,0.0,204.45,True,False,False,False,False,True,False,False,True,False,False,False,False,False,False,True
52592,1,9.0,2,14.0,3.0,4,1,7,0,11.0,1.0,1.0,2.0,121.80000000000001,False,False,False,False,False,False,False,True,False,False,False,True,False,False,True,False
53064,0,1.0,1,7.0,3.0,4,4,3,0,12.0,1.0,2.0,5.0,163.16,True,False,False,False,True,False,False,False,True,False,False,False,True,False,True,False
51746,0,12.0,1,6.0,2.0,3,3,2,1,14.0,0.0,1.0,6.0,291.97,False,False,False,False,False,True,False,False,True,False,False,False,False,True,True,False
52201,0,10.0,1,7.0,2.0,4,1,2,0,13.0,0.0,3.0,11.0,164.74,True,False,False,False,False,True,False,False,False,False,True,False,False,False,True,False
54435,0,1.0,1,10.0,4.0,5,3,3,0,18.0,2.0,2.0,1.0,157.3,True,False,False,False,True,False,False,False,True,False,False,False,True,False,False,True
52179,0,0.0,1,14.0,2.0,4,3,2,0,13.0,1.0,2.0,2.0,125.38999999999999,False,True,False,False,False,True,False,False,True,False,False,True,False,False,True,False
54868,0,21.0,1,23.0,4.0,2,3,3,1,20.0,2.0,3.0,8.0,175.67,False,False,False,False,True,False,False,False,True,False,True,False,False,False,True,False
50068,1,0.0,1,29.0,2.0,4,3,4,1,13.0,1.0,1.0,1.0,159.16,True,False,False,False,False,True,False,False,True,False,True,False,False,False,False,False
52417,0,22.0,1,9.0,2.0,4,5,5,0,25.0,0.0,1.0,2.0,147.89,False,True,False,False,True,False,False,False,False,False,True,False,False,False,True,False
53970,1,8.0,1,7.0,3.0,4,4,3,1,13.0,2.0,3.0,4.0,148.42,False,False,False,False,True,False,False,False,True,False,False,False,True,False,True,False
55174,0,4.0,3,14.0,4.0,4,5,9,0,15.0,2.0,2.0,3.0,172.79,True,False,False,False,False,False,True,False,False,False,True,False,False,False,True,False
51906,0,7.0,1,14.0,2.0,3,5,4,0,14.0,1.0,1.0,0.0,151.21,True,False,False,False,False,True,False,False,False,False,True,False,False,False,True,False
55487,1,1.0,3,9.0,3.0,5,4,9,1,13.0,2.0,3.0,3.0,224.07,True,False,False,False,False,False,True,False,True,False,True,False,False,False,False,True
55049,0,9.0,3,15.0,4.0,5,1,6,1,12.0,4.0,5.0,3.0,228.77,False,False,False,False,False,False,True,False,False,False,False,False,False,False,True,False
51152,0,10.0,3,15.0,2.0,4,4,2,0,14.0,0.0,1.0,3.0,141.89,False,True,False,False,False,False,True,False,True,False,True,False,False,False,True,False
55153,0,13.0,1,32.0,4.0,4,3,5,0,22.0,1.0,2.0,6.0,234.2,False,False,False,False,False,True,False,False,True,False,False,False,False,False,True,False
54387,0,11.0,3,11.0,3.0,4,1,6,0,18.0,4.0,6.0,9.0,152.93,False,False,False,False,False,False,True,False,True,False,False,False,True,False,True,False
53476,0,14.0,1,27.0,4.0,4,2,6,0,21.0,5.0,12.0,3.0,228.22,True,False,False,True,False,False,False,False,True,False,False,False,False,False,False,False
52357,0,9.0,3,9.0,3.0,3,4,4,1,16.0,0.0,1.0,1.0,192.78,True,False,False,False,False,False,True,False,False,False,True,False,False,False,False,True
54807,0,27.0,3,15.0,4.0,4,1,7,0,15.0,3.0,2.0,3.0,243.36,True,False,False,False,False,False,True,False,True,True,False,False,False,False,True,False
55092,0,4.0,1,16.0,4.0,4,3,9,1,19.0,1.0,2.0,8.0,171.95,False,False,False,False,True,False,False,False,False,False,True,False,False,False,False,True
53266,0,28.0,1,26.0,4.0,4,5,11,1,12.0,1.0,2.0,5.0,179.85,True,False,False,False,True,False,False,False,False,False,True,False,False,False,True,False
50027,0,8.0,3,6.0,3.0,3,4,2,0,13.0,1.0,1.0,6.0,172.95,True,False,False,False,False,False,True,False,True,False,False,False,False,False,False,False
50305,0,19.0,1,8.0,2.0,3,3,7,0,13.0,1.0,1.0,1.0,278.61,True,False,False,False,False,True,False,False,True,True,False,False,False,False,False,False
50814,0,30.0,1,14.0,2.0,3,3,2,0,12.0,2.0,2.0,2.0,123.72,False,True,False,False,False,True,False,False,True,False,False,True,False,False,True,False
53372,0,12.0,1,7.0,4.0,4,5,3,0,14.0,4.0,6.0,12.0,260.82,True,False,False,True,False,False,False,False,False,False,False,False,False,False,False,False
51162,0,13.0,1,8.0,2.0,3,5,5,0,17.0,1.0,1.0,2.0,133.77,False,True,False,False,False,True,False,False,False,False,False,True,False,False,True,False
55233,0,3.0,1,9.0,4.0,4,4,2,0,14.0,2.0,2.0,3.0,156.8,False,False,False,False,False,True,False,False,False,False,False,False,True,False,True,False
55496,0,13.0,1,26.0,3.0,4,1,10,0,15.0,1.0,3.0,3.0,164.02,True,False,False,False,False,False,False,True,True,False,True,False,False,False,True,False
54307,0,4.0,1,9.0,3.0,5,1,2,0,14.0,1.0,2.0,3.0,152.2,True,False,False,False,True,False,False,False,True,False,False,False,True,False,False,True
55312,0,2.0,1,34.0,3.0,6,5,2,0,22.0,2.0,2.0,1.0,173.77,True,False,False,False,True,False,False,False,False,False,True,False,False,False,True,False
51949,0,9.0,1,8.0,3.0,4,3,2,0,14.0,1.0,1.0,0.0,122.74000000000001,False,True,False,False,False,True,False,False,False,False,False,True,False,False,False,True
53341,0,17.0,1,7.0,3.0,4,2,6,0,14.0,2.0,3.0,3.0,180.62,False,False,False,False,False,True,False,False,False,False,True,False,False,False,False,False
51571,0,9.0,1,9.0,3.0,4,1,4,0,17.0,0.0,1.0,0.0,121.77000000000001,False,True,False,False,False,True,False,False,True,False,False,True,False,False,True,False
52816,1,5.0,3,7.0,4.0,4,2,10,1,12.0,2.0,2.0,6.0,184.93,True,False,False,False,False,True,False,False,False,False,True,False,False,False,False,True
54575,1,1.0,3,7.0,4.0,4,4,3,1,17.0,1.0,2.0,5.0,157.02,True,False,True,False,False,False,False,False,False,False,False,False,True,False,False,True
53204,1,1.0,1,17.0,3.0,4,3,3,1,12.0,1.0,2.0,2.0,135.09,False,True,False,False,True,False,False,False,True,False,False,True,False,False,False,True
50687,0,11.0,3,8.0,2.0,3,4,8,0,16.0,1.0,1.0,0.0,173.51,True,False,False,False,False,False,True,False,True,False,False,False,False,False,False,True
52278,1,0.0,1,13.0,2.0,3,3,4,1,13.0,4.0,7.0,7.0,133.39,False,True,True,False,False,False,False,False,False,False,False,True,False,False,True,False
51456,0,24.0,1,6.0,1.0,4,5,4,0,20.0,4.0,12.0,8.0,174.84,False,False,False,False,True,False,False,False,False,False,False,False,False,False,False,True
52853,0,2.0,1,28.0,3.0,4,2,3,0,12.0,1.0,2.0,3.0,152.13,True,False,False,False,True,False,False,False,True,False,False,False,True,False,False,False
53103,0,20.0,1,25.0,3.0,4,3,4,0,15.0,1.0,2.0,9.0,173.1,True,False,False,False,True,False,False,False,False,False,True,False,False,False,True,False
50790,0,28.0,1,14.0,2.0,4,4,2,1,15.0,3.0,2.0,0.0,235.76999999999998,False,False,False,False,True,False,False,False,True,True,False,False,False,False,True,False
53492,1,14.0,3,7.0,3.0,4,3,5,1,15.0,1.0,2.0,1.0,172.28,False,False,False,False,False,False,False,True,True,False,True,False,False,False,False,True
54548,0,14.0,3,9.0,3.0,4,4,9,0,13.0,1.0,2.0,4.0,182.15,True,False,False,False,False,False,True,False,False,False,True,False,False,False,True,False
52371,0,0.0,3,10.0,2.0,3,3,2,1,12.0,1.0,1.0,3.0,141.62,False,True,False,False,True,False,False,False,False,False,True,False,False,False,True,False
51748,0,3.0,3,18.0,2.0,3,3,1,0,11.0,3.0,4.0,4.0,165.77,True,False,True,False,False,False,False,False,False,False,True,False,False,False,False,True
54174,0,8.0,1,26.0,4.0,4,1,2,0,12.0,1.0,2.0,3.0,151.61,True,False,False,False,True,False,False,False,True,False,False,False,True,False,True,False
53438,0,12.0,3,10.0,3.0,4,2,10,1,13.0,2.0,2.0,1.0,193.61,True,False,False,False,False,True,False,False,True,False,True,False,False,False,False,True
51580,1,0.0,1,14.0,2.0,3,1,6,1,13.0,1.0,1.0,4.0,124.36000000000001,False,True,False,False,False,False,False,False,True,False,False,True,False,False,True,False
51383,0,9.0,3,8.0,3.0,3,1,2,0,13.0,2.0,2.0,2.0,120.13999999999999,True,False,False,False,False,False,True,False,False,False,False,True,False,False,True,False
53989,1,10.0,1,28.0,4.0,4,4,6,0,23.0,2.0,4.0,3.0,214.26,True,False,False,False,True,False,False,False,False,False,True,False,False,False,True,False
52496,0,8.0,1,24.0,2.0,1,5,2,0,11.0,1.0,1.0,10.0,152.08,True,False,False,False,False,True,False,False,True,False,True,False,False,False,True,False
50939,0,2.0,3,25.0,3.0,4,3,2,0,14.0,1.0,1.0,4.0,186.2,True,False,False,False,False,True,False,False,True,False,True,False,False,False,True,False
52378,1,2.0,1,8.0,2.0,4,5,3,1,23.0,0.0,1.0,0.0,136.46,False,False,False,False,False,True,False,False,False,False,False,False,True,False,False,True
54464,0,5.0,3,14.0,4.0,2,1,6,0,12.0,4.0,8.0,8.0,194.29,True,False,False,True,False,False,False,False,True,False,True,False,False,False,True,False
54554,0,8.0,3,11.0,4.0,4,3,11,0,16.0,1.0,2.0,3.0,190.38,False,False,False,False,False,False,True,False,False,False,True,False,False,False,True,False
52517,1,9.0,1,13.0,3.0,3,5,4,1,14.0,0.0,1.0,3.0,121.66,False,True,False,False,False,True,False,False,True,False,False,True,False,False,False,True
53486,0,11.0,3,17.0,3.0,5,2,4,1,15.0,1.0,2.0,1.0,191.94,True,False,False,False,False,True,False,False,False,False,True,False,False,False,True,False
53708,0,1.0,1,18.0,4.0,4,5,2,0,15.0,2.0,2.0,5.0,145.99,False,True,False,False,False,True,False,False,True,False,False,False,True,False,False,False
53431,0,9.0,1,17.0,3.0,4,2,3,0,21.0,2.0,2.0,3.0,164.17,True,False,False,False,False,False,False,True,True,False,False,False,True,False,True,False
51732,0,10.0,1,20.0,3.0,3,5,2,0,12.0,10.0,12.0,14.5,130.34,False,True,False,False,False,True,False,False,False,False,False,True,False,False,True,False
53045,0,4.0,3,32.0,3.0,4,3,9,1,13.0,2.0,3.0,3.0,172.36,False,False,True,False,False,False,False,False,False,False,True,False,False,False,False,False
52707,0,0.0,1,14.0,3.0,1,1,1,0,18.0,2.0,7.0,7.0,125.44,False,False,False,False,False,False,False,True,True,False,False,True,False,False,True,False
50916,0,13.0,1,14.0,2.0,4,4,3,0,11.0,1.0,2.0,8.0,237.57,False,False,False,False,True,False,False,False,True,False,False,False,False,False,True,False
52990,0,25.0,1,9.0,3.0,6,4,7,0,19.0,1.0,2.0,3.0,179.82,True,False,False,False,True,False,False,False,True,False,True,False,False,False,True,False
55248,0,8.0,3,14.0,3.0,4,3,2,1,26.0,4.0,6.0,8.0,148.08,False,True,True,False,False,False,False,False,True,False,False,False,True,False,True,False
52742,1,16.0,3,30.0,3.0,3,5,7,1,13.0,0.0,2.0,2.0,204.48,True,False,False,False,False,True,False,False,True,False,False,False,False,False,False,True
53795,0,3.0,1,16.0,4.0,2,3,8,0,19.0,2.0,2.0,1.0,149.51,True,False,False,False,False,True,False,False,True,False,False,False,True,False,True,False
54334,0,4.0,1,16.0,4.0,4,5,3,0,12.0,6.0,7.0,11.0,155.72,False,False,False,False,True,False,False,False,True,False,True,False,False,False,True,False
53649,0,8.0,1,16.0,3.0,4,2,2,0,12.0,2.0,2.0,3.0,210.0,True,False,False,False,False,True,False,False,True,False,False,False,False,False,True,False
54143,1,14.0,3,7.0,4.0,4,3,9,0,13.0,2.0,2.0,2.0,192.28,False,False,False,False,False,True,False,False,True,False,True,False,False,False,True,False
53444,0,13.0,1,29.0,3.0,4,5,3,1,14.0,2.0,2.0,9.0,233.8,False,False,False,False,True,False,False,False,False,False,False,False,False,False,False,True
53557,0,14.0,3,9.0,4.0,4,4,7,0,13.0,2.0,2.0,1.0,168.27,False,False,False,False,True,False,False,False,True,False,True,False,False,False,False,False
51557,0,3.0,1,6.0,2.0,4,3,2,0,22.0,4.0,5.0,8.0,184.74,False,False,False,False,False,True,False,False,True,False,False,False,False,False,False,True
54546,1,1.0,1,11.0,3.0,4,1,11,1,24.0,2.0,2.0,1.0,147.85,False,False,True,False,False,False,False,False,True,False,False,False,True,False,False,True
50772,0,4.0,1,30.0,3.0,4,5,2,0,19.0,0.0,1.0,8.0,168.12,True,False,False,False,True,False,False,False,False,False,True,False,False,False,False,True
53048,1,1.0,3,7.0,3.0,5,4,3,1,12.0,2.0,2.0,3.0,146.74,False,False,True,False,False,False,False,False,False,False,False,False,True,False,False,True
50610,0,0.0,1,14.0,3.0,5,5,2,0,15.0,1.0,1.0,1.0,124.50999999999999,False,True,False,False,False,True,False,False,True,False,False,True,False,False,False,False
50956,0,19.0,3,9.0,2.0,3,4,9,0,12.0,1.0,5.0,1.0,266.06,True,False,False,False,False,True,False,False,False,True,False,False,False,False,False,False
54112,0,21.0,1,7.0,4.0,4,4,2,0,19.0,1.0,2.0,13.0,244.57,False,False,False,False,True,False,False,False,False,False,False,False,False,False,True,False
50336,0,0.0,3,35.0,2.0,3,3,6,0,12.0,1.0,1.0,0.0,143.06,False,True,False,False,True,False,False,False,True,False,True,False,False,False,True,False
51087,0,10.0,3,6.0,2.0,5,1,2,0,14.0,0.0,1.0,3.0,195.25,False,False,False,False,True,False,False,False,True,False,True,False,False,False,True,False
54332,1,1.0,3,7.0,4.0,6,5,2,0,22.0,2.0,2.0,1.0,148.25,False,False,True,False,False,False,False,False,False,False,False,False,True,False,False,True
54950,1,8.0,2,7.0,4.0,5,5,11,0,15.0,3.0,4.0,3.0,229.82,True,False,False,False,True,False,False,False,True,False,False,False,False,False,True,False
51008,0,13.0,3,20.0,2.0,3,5,2,0,15.0,0.0,1.0,2.0,146.39,False,True,False,False,False,True,False,False,False,False,True,False,False,False,True,False
54844,1,1.0,3,26.0,3.0,5,4,3,1,19.0,1.0,2.0,1.0,149.13,False,True,False,False,False,False,True,False,True,False,False,False,True,False,True,False
55127,1,21.0,1,14.0,3.0,5,5,9,1,15.0,2.0,6.0,3.0,225.08,True,False,False,False,True,False,False,False,False,False,False,False,False,False,True,False
54348,0,29.0,1,21.0,4.0,2,4,10,0,15.0,3.0,3.0,14.5,312.22,True,False,False,False,True,False,False,False,True,False,False,False,False,True,False,True
55113,1,1.0,3,8.0,3.0,4,4,3,1,12.0,3.0,3.0,3.0,148.02,False,False,False,False,False,True,False,False,False,False,False,False,True,False,False,True
51134,0,9.0,1,10.0,3.0,4,5,2,0,13.0,0.0,1.0,0.0,121.09,False,True,False,True,False,False,False,False,False,False,False,True,False,False,True,False
52147,1,13.0,3,6.0,2.0,3,3,4,1,14.0,1.0,1.0,0.0,147.28,False,False,False,False,False,False,False,True,True,False,True,False,False,False,False,True
55373,0,8.0,1,26.0,3.0,5,1,3,0,13.0,2.0,9.0,8.0,154.29,True,False,False,False,False,True,False,False,False,False,False,False,True,False,True,False
50338,0,7.0,3,27.0,3.0,2,2,2,0,12.0,5.0,5.0,7.0,153.37,True,False,False,False,False,True,False,False,True,False,True,False,False,False,False,True
52155,0,1.0,1,9.0,3.0,3,4,1,0,17.0,0.0,1.0,7.0,176.55,True,False,False,False,True,False,False,False,False,False,False,False,False,False,True,False
52896,1,1.0,3,34.0,3.0,4,2,3,0,23.0,2.0,2.0,10.0,201.39,True,False,False,False,False,False,True,False,False,False,False,False,False,False,False,False
54442,0,16.0,3,7.0,2.0,4,3,3,0,26.0,7.0,12.0,7.0,174.07,True,False,False,False,False,True,False,False,True,False,True,False,False,False,True,False
53211,0,22.0,3,9.0,3.0,3,4,5,0,13.0,3.0,3.0,3.0,206.2,True,False,False,False,False,False,True,False,True,False,True,False,False,False,False,False
50840,0,7.0,3,21.0,3.0,3,5,2,0,12.0,1.0,9.0,6.0,161.25,True,False,False,False,True,False,False,False,False,False,True,False,False,False,False,True
51522,0,6.0,1,14.0,2.0,3,1,1,0,14.0,1.0,1.0,2.0,125.0,False,True,False,False,False,True,False,False,True,False,False,True,False,False,False,True
51036,0,18.0,1,8.0,2.0,4,1,2,0,19.0,2.0,3.0,9.0,157.7,True,False,False,False,False,False,False,True,False,False,True,False,False,False,True,False
50761,0,0.0,3,16.0,2.0,3,2,1,0,14.0,0.0,1.0,1.0,149.5,False,True,False,False,False,True,False,False,True,False,True,False,False,False,False,True
55294,0,17.0,1,34.0,3.0,2,4,7,0,13.0,2.0,2.0,3.0,173.76,True,False,True,False,False,False,False,False,True,False,False,False,True,False,True,False
55247,0,24.0,1,29.0,3.0,6,1,3,1,14.0,1.0,14.0,10.0,269.11,False,False,False,False,True,False,False,False,True,True,False,False,False,False,False,True
52336,0,6.0,3,11.0,3.0,3,1,7,0,13.0,1.0,1.0,2.0,199.98,False,False,False,False,False,True,False,False,True,False,True,False,False,False,True,False
51166,1,0.0,1,15.0,3.0,3,5,5,0,17.0,0.0,1.0,7.0,153.46,False,False,False,False,False,True,False,False,True,False,True,False,False,False,True,False
52425,0,12.0,1,12.0,2.0,3,4,5,0,18.0,2.0,2.0,2.0,183.76,True,False,False,False,False,True,False,False,False,False,False,False,False,False,False,True
50910,0,18.0,1,26.0,3.0,5,5,3,1,18.0,0.0,1.0,7.0,208.51,True,False,False,False,True,False,False,False,True,False,False,False,False,False,True,False
54702,0,10.0,1,15.0,4.0,2,5,11,0,15.0,1.0,2.0,6.0,242.13,False,False,False,False,False,True,False,False,False,False,False,False,False,False,True,False
52344,0,0.0,1,8.0,2.0,4,1,1,0,12.0,1.0,1.0,1.0,139.04,False,True,False,False,True,False,False,False,True,False,False,False,True,False,False,True
53956,0,7.0,1,11.0,3.0,4,4,7,0,16.0,1.0,2.0,8.0,155.55,False,False,True,False,False,False,False,False,True,False,True,False,False,False,True,False
50788,0,0.0,1,10.0,3.0,3,2,2,1,20.0,0.0,2.0,2.0,128.75,False,True,False,False,False,True,False,False,True,False,False,True,False,False,False,True
53503,0,17.0,1,34.0,3.0,4,5,10,0,12.0,1.0,2.0,2.0,233.2,False,False,False,False,False,True,False,False,False,False,False,False,False,False,False,False
54396,0,17.0,3,23.0,4.0,4,1,7,1,23.0,1.0,2.0,10.0,285.64,True,False,False,False,False,False,True,False,False,True,False,False,False,False,True,False
53794,0,22.0,3,23.0,4.0,4,3,10,0,15.0,2.0,8.0,8.0,189.39,True,False,False,False,False,True,False,False,False,False,True,False,False,False,True,False
53290,0,10.0,2,20.0,3.0,4,4,5,0,14.0,2.0,2.0,5.0,146.43,False,True,False,False,False,False,False,True,True,False,False,False,True,False,False,False
52448,0,9.0,3,14.0,3.0,3,1,4,1,21.0,1.0,1.0,2.0,126.44,False,True,False,False,False,True,False,False,True,False,False,True,False,False,False,True
50498,0,5.0,3,19.0,3.0,3,2,3,0,11.0,0.0,1.0,3.0,144.03,False,True,False,False,False,True,False,False,True,False,True,False,False,False,True,False
52703,0,15.0,1,12.0,2.0,3,5,10,0,13.0,5.0,2.0,7.0,233.48000000000002,True,False,False,False,True,False,False,False,True,False,False,False,False,False,True,False
51427,0,8.0,1,6.0,3.0,4,3,2,0,18.0,1.0,1.0,4.0,128.59,False,True,False,False,False,False,False,False,True,False,False,True,False,False,False,True
54301,1,1.0,1,16.0,3.0,4,5,9,0,23.0,2.0,2.0,5.0,167.0,True,False,False,False,True,False,False,False,False,False,False,False,True,False,False,True
51384,0,9.0,1,11.0,2.0,4,5,10,1,14.0,1.0,1.0,0.0,134.19,False,True,False,False,False,True,False,False,False,False,False,True,False,False,True,False
53593,0,1.0,1,11.0,4.0,4,3,3,0,12.0,2.0,2.0,4.0,150.17,True,False,False,False,False,True,False,False,True,False,False,False,True,False,True,False
55206,0,14.0,1,9.0,4.0,4,3,4,0,15.0,2.0,2.0,3.0,148.45,False,True,False,False,True,False,False,False,True,False,False,False,True,False,True,False
51286,0,13.0,3,8.0,3.0,3,4,4,0,14.0,1.0,5.0,10.0,156.77,True,False,False,False,False,False,True,False,False,False,True,False,False,False,True,False
54349,0,8.0,1,9.0,3.0,5,3,3,0,18.0,1.0,2.0,3.0,220.47,False,False,False,False,False,True,False,False,True,False,True,False,False,False,True,False
54560,0,5.0,1,7.0,4.0,5,5,3,0,13.0,4.0,4.0,3.0,147.18,False,True,False,False,False,True,False,False,True,False,False,False,True,False,True,False
52164,0,4.0,3,26.0,3.0,1,1,1,0,12.0,2.0,2.0,2.0,127.91,False,False,False,False,False,True,False,False,True,False,False,True,False,False,True,False
54132,0,30.0,1,7.0,3.0,4,3,3,0,22.0,1.0,2.0,10.0,188.06,False,False,False,False,False,True,False,False,True,False,True,False,False,False,True,False
53446,0,19.0,3,18.0,3.0,4,2,5,0,15.0,2.0,2.0,2.0,301.5,True,False,False,False,False,True,False,False,False,True,False,False,False,False,False,False
54622,0,9.0,3,7.0,4.0,4,3,3,0,17.0,2.0,2.0,4.0,173.59,True,False,False,False,True,False,False,False,False,False,True,False,False,False,False,True
52694,0,13.0,1,7.0,3.0,3,5,3,0,11.0,1.0,11.0,14.5,268.23,True,False,False,False,False,True,False,False,True,True,False,False,False,False,True,False
54224,0,31.0,3,32.0,5.0,4,5,9,0,12.0,7.0,8.0,10.0,201.37,True,False,False,False,False,True,False,False,False,False,False,False,False,False,False,True
55534,0,12.0,1,15.0,3.0,5,4,3,1,17.0,2.0,2.0,8.0,146.33,False,False,False,False,True,False,False,False,False,False,True,False,False,False,True,False
53482,1,1.0,3,11.0,3.0,4,5,2,1,23.0,4.0,5.0,3.0,220.82,True,False,False,True,False,False,False,False,True,False,False,False,False,False,False,True
50779,0,2.0,1,13.0,2.0,3,2,2,1,11.0,0.0,1.0,0.0,166.23,True,False,False,False,False,True,False,False,True,False,True,False,False,False,True,False
54484,1,1.0,1,9.0,3.0,6,1,7,1,14.0,2.0,3.0,3.0,159.64,True,False,False,False,True,False,False,False,True,False,False,False,True,False,True,False
55198,0,19.0,1,36.0,3.0,4,1,6,1,19.0,2.0,2.0,3.0,218.8,True,False,False,True,False,False,False,False,True,False,False,False,False,False,True,False
50982,1,0.0,3,6.0,3.0,4,5,2,0,11.0,3.0,6.0,7.0,197.14,True,False,False,False,False,True,False,False,True,False,True,False,False,False,True,False
54426,0,3.0,3,9.0,4.0,5,4,4,0,20.0,2.0,2.0,1.0,191.44,True,False,False,False,True,False,False,False,True,False,True,False,False,False,True,False
51674,0,6.0,3,16.0,2.0,4,1,4,0,14.0,1.0,1.0,1.0,146.82,False,False,False,False,False,False,True,False,True,False,True,False,False,False,False,True
54767,0,8.0,1,23.0,4.0,5,1,3,0,17.0,2.0,2.0,4.0,150.53,False,False,False,False,False,True,False,False,False,False,False,False,True,False,False,True
52795,0,5.0,1,14.0,3.0,3,5,2,0,14.0,0.0,1.0,2.0,124.38999999999999,False,True,True,False,False,False,False,False,True,False,False,True,False,False,False,True
53163,0,11.0,1,7.0,4.0,4,4,8,0,13.0,4.0,5.0,4.0,189.47,True,False,False,False,False,True,False,False,False,False,True,False,False,False,False,False
52275,0,1.0,1,8.0,2.0,4,1,2,1,12.0,0.0,2.0,2.0,138.67,False,False,False,False,False,True,False,False,True,False,False,False,True,False,True,False
51060,0,27.0,1,28.0,3.0,3,3,4,0,25.0,1.0,4.0,7.0,274.26,True,False,False,False,True,False,False,False,False,True,False,False,False,False,True,False
50229,0,10.0,1,12.0,2.0,2,5,5,1,13.0,2.0,6.0,7.0,159.74,True,False,False,False,True,False,False,False,True,False,True,False,False,False,True,False
51083,0,28.0,1,28.0,3.0,4,4,6,0,12.0,1.0,1.0,2.0,135.37,False,True,True,False,False,False,False,False,True,False,False,True,False,False,True,False
52874,0,24.0,1,7.0,3.0,5,3,4,0,16.0,1.0,2.0,3.0,161.9,True,False,False,False,True,False,False,False,True,False,False,False,True,False,False,False
52176,0,14.0,1,18.0,2.0,3,1,4,1,11.0,1.0,1.0,0.0,147.66,False,True,False,False,False,True,False,False,True,False,False,False,True,False,True,False
55097,0,19.0,1,32.0,3.0,4,4,5,0,15.0,1.0,2.0,1.0,305.61,False,False,False,False,True,False,False,False,False,False,False,False,False,True,False,True
54208,0,11.0,1,26.0,4.0,4,4,6,0,22.0,1.0,2.0,1.0,155.22,True,False,False,False,False,True,False,False,True,False,False,False,True,False,True,False
52231,0,0.0,3,16.0,2.0,3,1,1,0,14.0,1.0,1.0,1.0,149.5,False,True,False,False,False,True,False,False,True,False,True,False,False,False,False,True
54627,0,15.0,3,9.0,4.0,4,5,9,0,17.0,1.0,12.0,9.0,290.95,True,False,False,False,False,True,False,False,False,True,False,False,False,False,True,False
51963,0,17.0,1,10.0,2.0,3,4,10,0,12.0,1.0,2.0,3.0,159.33,True,False,False,False,True,False,False,False,True,False,True,False,False,False,False,True
54657,0,1.0,3,29.0,3.0,4,3,3,0,12.0,1.0,2.0,3.0,159.47,True,False,True,False,False,False,False,False,True,False,False,False,True,False,False,True
52887,0,9.0,1,9.0,3.0,4,4,7,0,12.0,2.0,2.0,3.0,169.25,False,False,False,False,True,False,False,False,False,False,True,False,False,False,False,True
52264,0,24.0,3,15.0,2.0,3,4,5,1,15.0,6.0,11.0,10.0,298.47,False,False,False,False,False,True,False,False,True,False,False,False,False,True,True,False
54013,0,20.0,1,9.0,3.0,4,1,5,0,15.0,2.0,5.0,3.0,210.78,True,False,False,False,False,True,False,False,True,False,False,False,False,False,True,False
52665,0,5.0,3,16.0,3.0,3,1,9,0,13.0,0.0,1.0,0.0,146.48,False,False,False,False,False,False,True,False,True,False,True,False,False,False,False,True
50677,1,13.0,3,6.0,2.0,3,3,4,1,14.0,0.0,1.0,0.0,147.28,False,False,False,False,False,False,False,True,True,False,True,False,False,False,False,True
52119,0,9.0,1,18.0,2.0,4,1,1,0,11.0,5.0,7.0,8.0,188.58,True,False,False,False,True,False,False,False,False,False,False,False,False,False,False,True
54252,0,25.0,3,28.0,4.0,4,1,2,1,23.0,1.0,2.0,1.0,179.41,True,False,False,False,False,False,True,False,True,False,True,False,False,False,False,True
51956,0,0.0,1,11.0,2.0,4,1,2,1,16.0,1.0,1.0,3.0,228.07999999999998,True,False,False,True,False,False,False,False,True,False,False,False,False,False,True,False
54398,0,26.0,3,9.0,4.0,5,3,3,1,15.0,2.0,16.0,13.0,315.68,False,False,False,False,False,True,False,False,True,False,False,False,False,True,False,True
53427,0,22.0,1,11.0,4.0,5,3,9,0,15.0,2.0,2.0,9.0,234.99,True,False,False,False,False,True,False,False,True,False,False,False,False,False,False,True
55441,0,11.0,2,15.0,3.0,4,4,4,0,14.0,4.0,5.0,8.0,165.71,True,False,False,False,False,False,False,True,True,False,True,False,False,False,True,False
50250,0,1.0,3,15.0,3.0,3,2,2,0,16.0,1.0,1.0,7.0,152.53,True,False,False,False,False,True,False,False,True,False,True,False,False,False,False,True
51461,0,10.0,3,9.0,2.0,3,1,3,0,12.0,0.0,1.0,3.0,174.28,True,False,False,False,False,True,False,False,True,False,False,False,False,False,False,True
51693,0,20.0,3,10.0,3.0,3,3,4,0,19.0,0.0,1.0,0.0,129.76,False,False,False,False,False,False,False,False,True,False,True,False,False,False,False,True
52783,0,12.0,1,15.0,2.0,3,1,3,0,15.0,1.0,1.0,3.0,294.31,False,False,False,False,False,True,False,False,True,False,False,False,False,True,False,True
54419,0,25.0,1,7.0,4.0,4,1,3,0,12.0,2.0,2.0,1.0,152.23,True,False,False,False,False,True,False,False,True,False,False,False,True,False,True,False
52453,0,11.0,2,16.0,3.0,3,3,4,0,11.0,0.0,1.0,2.0,160.77,False,False,False,False,False,False,False,True,True,False,True,False,False,False,True,False
51738,0,27.0,1,11.0,2.0,3,5,5,0,15.0,1.0,1.0,2.0,294.06,True,False,False,False,True,False,False,False,True,False,False,False,False,True,True,False
52852,0,1.0,1,16.0,3.0,4,4,8,0,19.0,1.0,3.0,3.0,145.24,False,False,False,False,True,False,False,False,True,False,False,False,True,False,True,False
54505,0,9.0,1,12.0,4.0,4,4,2,0,14.0,2.0,2.0,14.0,205.95,True,False,False,True,False,False,False,False,True,False,False,False,False,False,False,True
54099,0,1.0,1,19.0,4.0,4,1,3,0,14.0,2.0,2.0,5.0,151.47,True,False,False,False,False,False,False,True,True,False,False,False,True,False,False,True
53536,0,14.0,1,33.0,4.0,5,2,5,1,14.0,2.0,2.0,1.0,169.22,False,False,False,False,True,False,False,False,False,False,True,False,False,False,False,False
54897,0,22.0,1,11.0,4.0,5,3,9,0,15.0,2.0,2.0,9.0,234.99,True,False,False,False,False,True,False,False,True,False,False,False,False,False,False,True
53700,0,31.0,1,7.0,4.0,4,5,5,1,15.0,2.0,2.0,6.0,322.01,True,False,False,False,True,False,False,False,False,False,False,False,False,True,False,False
50688,0,16.0,1,33.0,2.0,3,5,9,0,11.0,0.0,1.0,1.0,208.2,False,False,False,False,False,True,False,False,False,False,False,False,False,False,False,False
55476,0,10.0,1,9.0,4.0,4,4,6,1,23.0,2.0,2.0,1.0,194.62,True,False,False,False,False,False,False,True,False,False,True,False,False,False,True,False
55602,0,30.0,1,8.0,3.0,4,3,3,0,22.0,1.0,2.0,10.0,188.06,False,False,False,False,False,True,False,False,True,False,True,False,False,False,True,False
53760,0,2.0,1,7.0,4.0,5,3,3,0,15.0,1.0,2.0,1.0,140.63,False,True,False,False,False,True,False,False,True,False,False,False,True,False,True,False
50284,0,25.0,1,10.0,1.0,3,2,3,0,13.0,1.0,1.0,4.0,265.55,True,False,False,False,False,True,False,False,False,True,False,False,False,False,False,False
50681,0,18.0,3,15.0,3.0,4,3,2,0,13.0,0.0,4.0,12.0,155.93,False,False,False,False,False,True,False,False,False,False,True,False,False,False,False,False
52615,0,16.0,2,8.0,3.0,3,1,1,0,13.0,1.0,1.0,8.0,135.39,False,True,False,False,False,True,False,False,True,False,False,True,False,False,False,True
53255,0,19.0,3,9.0,3.0,6,3,2,0,14.0,1.0,4.0,2.0,191.32,True,False,True,False,False,False,False,False,True,False,True,False,False,False,False,True
52625,1,7.0,1,14.0,3.0,3,4,2,1,12.0,2.0,2.0,3.0,123.41999999999999,False,False,False,False,False,False,False,False,True,False,False,True,False,False,True,False
51796,0,4.0,3,8.0,3.0,3,1,5,1,13.0,1.0,1.0,5.0,165.82,True,False,False,False,False,True,False,False,True,False,True,False,False,False,False,True
54834,0,7.0,1,7.0,4.0,5,5,5,1,12.0,2.0,2.0,3.0,152.99,True,False,False,False,False,False,False,True,True,False,False,False,True,False,False,True
51520,0,18.0,3,10.0,1.0,3,5,5,1,11.0,0.0,1.0,3.0,150.06,True,False,False,False,False,True,False,False,False,False,True,False,False,False,True,False
52779,0,0.0,3,14.0,2.0,3,3,1,1,22.0,0.0,1.0,4.0,149.07,False,True,False,False,False,False,False,True,False,False,True,False,False,False,True,False
50801,0,15.0,1,14.0,3.0,1,4,7,1,16.0,0.0,1.0,0.0,123.72,False,True,False,False,False,False,False,False,False,False,True,False,False,False,False,False
52873,1,5.0,3,27.0,4.0,4,4,3,1,23.0,1.0,2.0,3.0,156.4,True,False,False,False,False,False,True,False,False,False,False,False,True,False,False,True
53021,0,17.0,1,17.0,3.0,5,3,3,0,12.0,1.0,2.0,1.0,177.57,False,False,False,False,False,True,False,False,False,False,True,False,False,False,True,False
51237,0,0.0,1,14.0,3.0,1,1,1,0,18.0,2.0,7.0,7.0,125.44,False,False,False,False,False,False,False,True,True,False,False,True,False,False,True,False
53530,0,16.0,3,11.0,3.0,4,5,9,0,14.0,2.0,2.0,6.0,176.55,True,False,False,False,False,False,True,False,True,False,True,False,False,False,False,True
50075,0,11.0,1,35.0,2.0,3,2,4,0,18.0,0.0,1.0,7.0,162.61,True,False,True,False,False,False,False,False,True,False,True,False,False,False,False,False
55224,0,3.0,3,26.0,4.0,5,3,3,0,15.0,2.0,2.0,3.0,211.2,True,False,False,False,False,True,False,False,True,False,True,False,False,False,True,False
51184,0,11.0,3,8.0,3.0,5,1,3,1,20.0,0.0,1.0,3.0,154.05,True,False,False,False,False,False,True,False,False,False,True,False,False,False,True,False
51040,0,13.0,1,22.0,2.0,3,1,7,1,15.0,1.0,3.0,3.0,179.45,True,False,False,False,False,True,False,False,False,False,False,False,False,False,False,True
53142,0,16.0,1,31.0,3.0,4,5,3,1,22.0,5.0,6.0,9.0,199.06,True,False,False,False,True,False,False,False,True,False,False,False,False,False,False,False
51104,0,14.0,2,10.0,2.0,5,4,7,0,19.0,0.0,1.0,2.0,164.3,False,False,False,False,False,False,False,True,True,False,True,False,False,False,True,False
51602,0,15.0,1,14.0,2.0,4,5,1,1,11.0,7.0,7.0,8.0,125.93,False,True,False,False,False,False,False,False,False,False,False,True,False,False,True,False
52101,0,18.0,3,17.0,2.0,3,1,4,0,13.0,1.0,1.0,1.0,276.5,True,False,False,False,False,True,False,False,False,True,False,False,False,False,True,False
52812,0,12.0,1,12.0,2.0,4,5,5,0,15.0,0.0,1.0,7.0,199.91,True,False,False,False,True,False,False,False,True,False,False,False,False,False,True,False
52832,1,1.0,1,13.0,4.0,5,2,3,1,19.0,2.0,2.0,1.0,154.26,False,False,False,False,False,True,False,False,False,False,False,False,True,False,False,True
53973,0,7.0,1,15.0,3.0,2,5,8,0,20.0,7.0,8.0,7.0,156.43,True,False,False,False,False,True,False,False,True,False,False,False,True,False,True,False
51610,1,0.0,1,8.0,3.0,3,3,3,0,11.0,0.0,1.0,0.0,134.85,False,True,False,False,False,True,False,False,True,False,False,True,False,False,False,True
50722,0,8.0,1,8.0,2.0,4,4,3,0,18.0,6.0,6.0,4.0,202.74,True,False,False,False,False,True,False,False,True,False,False,False,False,False,True,False
54588,0,31.0,3,35.0,4.0,5,5,6,0,20.0,4.0,14.0,3.0,227.66,False,False,False,False,False,False,True,False,False,False,False,False,False,False,True,False
51654,0,30.0,1,6.0,2.0,5,3,3,1,13.0,1.0,1.0,2.0,156.6,False,False,False,False,False,True,False,False,True,False,True,False,False,False,True,False
50968,0,9.0,1,34.0,3.0,3,1,5,0,20.0,1.0,1.0,3.0,121.32,False,True,False,True,False,False,False,False,True,False,False,True,False,False,True,False
54089,0,7.0,1,14.0,3.0,4,3,3,0,21.0,3.0,3.0,9.0,184.68,False,False,False,False,False,True,False,False,True,False,True,False,False,False,True,False
50979,0,21.0,3,22.0,3.0,3,3,9,0,14.0,1.0,7.0,7.0,164.39,True,False,False,False,False,True,False,False,False,False,True,False,False,False,True,False
51923,0,10.0,1,16.0,3.0,3,5,1,1,13.0,4.0,4.0,3.0,127.82,False,True,False,False,False,True,False,False,False,False,False,True,False,False,True,False
50574,0,8.0,3,24.0,2.0,3,3,2,0,16.0,1.0,1.0,0.0,146.01,False,True,False,False,True,False,False,False,False,False,True,False,False,False,False,False
50466,0,6.0,1,13.0,2.0,3,3,1,0,11.0,0.0,3.0,3.0,216.91000000000003,True,False,False,False,True,False,False,False,True,False,False,False,False,False,False,False
52626,0,10.0,2,14.0,2.0,3,4,3,0,13.0,3.0,4.0,7.0,140.71,False,True,False,False,False,False,False,True,True,False,True,False,False,False,True,False
52643,1,9.0,2,26.0,3.0,3,4,1,1,11.0,0.0,1.0,4.0,121.47999999999999,False,True,False,False,False,False,False,False,False,False,False,True,False,False,True,False
53390,0,26.0,1,7.0,4.0,4,2,4,0,15.0,8.0,8.0,9.0,295.99,True,False,False,False,False,True,False,False,True,True,False,False,False,False,False,False
54451,0,23.0,1,17.0,3.0,4,5,11,1,15.0,1.0,2.0,3.0,311.65,False,False,False,False,False,True,False,False,False,False,False,False,False,True,False,True
55166,0,3.0,2,24.0,3.0,5,5,3,0,14.0,1.0,2.0,10.0,204.88,True,False,False,False,False,False,False,True,True,False,False,False,False,False,False,True
50513,0,5.0,1,6.0,3.0,3,2,1,0,12.0,0.0,1.0,2.0,123.13999999999999,False,False,False,False,False,True,False,False,True,False,False,True,False,False,True,False
50401,1,0.0,3,9.0,3.0,3,3,10,0,14.0,1.0,2.0,0.0,145.77,False,True,False,False,False,True,False,False,False,False,True,False,False,False,False,True
50566,0,4.0,1,18.0,2.0,3,2,1,1,11.0,0.0,8.0,5.0,158.55,True,False,False,False,True,False,False,False,False,False,True,False,False,False,False,False
54747,0,1.0,1,16.0,3.0,5,4,3,0,12.0,1.0,2.0,1.0,151.94,False,False,False,False,False,True,False,False,True,False,False,False,True,False,True,False
53624,0,2.0,1,7.0,3.0,4,5,4,0,12.0,1.0,2.0,3.0,145.8,False,True,True,False,False,False,False,False,True,False,False,False,True,False,False,True
54644,0,9.0,1,32.0,3.0,5,1,6,0,15.0,2.0,2.0,3.0,161.81,True,False,False,False,False,False,False,True,True,False,True,False,False,False,False,True
51143,0,7.0,3,16.0,2.0,3,3,2,1,14.0,1.0,1.0,7.0,140.01,False,False,False,False,False,True,False,False,True,False,True,False,False,False,True,False
51645,0,24.0,1,8.0,2.0,5,4,6,0,18.0,0.0,1.0,2.0,154.82,True,False,False,False,True,False,False,False,True,False,True,False,False,False,True,False
55266,0,7.0,3,15.0,3.0,4,5,4,0,14.0,3.0,3.0,3.0,188.92,True,False,False,False,False,True,False,False,True,False,True,False,False,False,True,False
53461,0,20.0,1,7.0,3.0,4,2,11,0,15.0,2.0,3.0,3.0,321.27,True,False,False,False,True,False,False,False,True,False,False,False,False,True,True,False
50785,0,0.0,1,31.0,3.0,1,2,2,1,12.0,1.0,1.0,1.0,129.94,False,True,False,False,False,True,False,False,False,False,False,True,False,False,False,True
53906,0,9.0,1,9.0,4.0,5,1,2,1,15.0,2.0,2.0,5.0,174.3,False,False,False,False,True,False,False,False,True,False,False,False,True,False,False,True
53692,0,11.0,1,18.0,4.0,4,3,6,0,19.0,1.0,2.0,3.0,161.29,True,False,False,False,True,False,False,False,False,False,False,False,True,False,False,True
52245,0,22.0,1,10.0,2.0,4,3,3,0,13.0,1.0,1.0,0.0,287.11,True,False,False,False,True,False,False,False,True,False,False,False,False,True,True,False
54121,0,12.0,1,17.0,3.0,6,3,5,0,13.0,2.0,2.0,12.0,257.06,True,False,False,False,True,False,False,False,False,False,False,False,False,False,True,False
51832,0,10.0,3,8.0,3.0,3,3,5,1,11.0,0.0,1.0,0.0,196.02,True,False,False,False,False,False,True,False,True,False,True,False,False,False,True,False
50395,0,2.0,1,6.0,3.0,5,2,2,0,18.0,2.0,2.0,8.0,127.19999999999999,False,False,False,False,False,True,False,False,True,False,False,True,False,False,True,False
50137,0,11.0,3,8.0,2.0,4,2,4,0,18.0,6.0,7.0,5.0,152.49,False,False,False,False,False,True,False,False,True,False,True,False,False,False,False,False
54629,0,26.0,1,13.0,4.0,4,5,5,1,13.0,3.0,7.0,10.0,180.77,True,False,True,False,False,False,False,False,True,False,True,False,False,False,True,False
50791,1,0.0,1,14.0,2.0,4,3,2,0,20.0,2.0,2.0,2.0,126.25,False,False,False,False,False,True,False,False,False,False,False,True,False,False,False,True
54241,0,4.0,1,7.0,3.0,5,1,3,1,13.0,2.0,4.0,1.0,176.26,True,False,False,False,False,True,False,False,True,False,True,False,False,False,True,False
54572,0,31.0,1,14.0,3.0,4,5,7,0,15.0,2.0,12.0,11.0,320.66,True,False,False,False,False,True,False,False,False,False,False,False,False,True,True,False
53616,0,16.0,1,14.0,4.0,2,4,8,1,17.0,1.0,2.0,1.0,148.72,False,True,False,False,True,False,False,False,False,False,True,False,False,False,False,False
50412,0,30.0,3,22.0,2.0,3,5,9,0,14.0,1.0,2.0,2.0,154.05,True,False,False,False,False,False,True,False,True,False,True,False,False,False,False,True
52298,1,9.0,3,7.0,2.0,3,4,2,1,11.0,2.0,2.0,2.0,123.02000000000001,False,False,False,False,False,True,False,False,False,False,False,True,False,False,False,True
54233,0,5.0,1,7.0,3.0,4,4,3,0,18.0,2.0,2.0,1.0,150.01,True,False,False,False,True,False,False,False,True,False,False,False,True,False,False,True
52189,0,0.0,1,9.0,2.0,1,1,2,0,22.0,1.0,1.0,7.0,144.2,False,True,False,False,True,False,False,False,True,False,False,False,True,False,True,False
53145,0,3.0,1,26.0,3.0,4,2,6,0,13.0,1.0,2.0,3.0,167.62,True,False,True,False,False,False,False,False,True,False,True,False,False,False,True,False
54154,0,5.0,1,12.0,4.0,4,5,2,0,20.0,1.0,2.0,3.0,224.36,False,False,False,False,True,False,False,False,True,False,True,False,False,False,False,True
55205,0,23.0,1,12.0,4.0,4,3,4,0,15.0,1.0,2.0,3.0,191.51,True,False,True,False,False,False,False,False,True,False,True,False,False,False,True,False
53788,0,1.0,1,28.0,3.0,5,5,2,0,15.0,1.0,2.0,1.0,147.96,False,True,True,False,False,False,False,False,True,False,False,False,True,False,True,False
51815,1,0.0,3,17.0,2.0,1,3,9,0,12.0,1.0,1.0,2.0,147.07,False,False,False,False,False,False,False,True,True,False,True,False,False,False,True,False
54258,0,2.0,3,11.0,3.0,4,3,3,0,16.0,1.0,2.0,5.0,167.21,False,False,False,False,True,False,False,False,True,False,True,False,False,False,True,False
54619,0,14.0,3,35.0,3.0,6,5,5,0,16.0,1.0,2.0,2.0,234.32,False,False,False,False,False,False,False,True,True,False,False,False,False,False,True,False
51784,0,8.0,1,22.0,3.0,3,3,5,1,12.0,0.0,1.0,0.0,176.32,True,False,False,False,False,True,False,False,True,False,False,False,False,False,True,False
51349,0,6.0,1,9.0,3.0,3,3,2,1,11.0,2.0,3.0,0.0,129.09,False,False,False,False,False,True,False,False,False,False,False,True,False,False,True,False
53963,0,12.0,1,13.0,3.0,5,3,3,0,12.0,1.0,2.0,5.0,162.02,True,False,False,False,False,False,False,True,False,False,False,False,True,False,True,False
51436,0,13.0,1,6.0,3.0,4,4,2,0,22.0,5.0,2.0,11.0,235.02999999999997,False,False,False,False,False,True,False,False,True,True,False,False,False,False,True,False
52447,0,5.0,1,11.0,3.0,4,4,4,0,12.0,1.0,2.0,5.0,158.78,True,False,False,False,False,True,False,False,False,False,True,False,False,False,True,False
52403,1,0.0,3,19.0,2.0,3,4,6,0,11.0,1.0,1.0,0.0,157.65,False,False,True,False,False,False,False,False,False,False,True,False,False,False,False,True
52724,0,15.0,3,18.0,3.0,3,1,4,1,12.0,1.0,1.0,0.0,150.87,True,False,False,False,False,False,True,False,True,False,True,False,False,False,True,False
51195,0,5.0,3,16.0,3.0,3,1,9,0,13.0,1.0,1.0,0.0,146.48,False,False,False,False,False,False,True,False,True,False,True,False,False,False,False,True
52326,1,0.0,3,8.0,3.0,4,1,8,0,14.0,0.0,1.0,0.0,127.85,False,False,False,False,False,True,False,False,False,False,False,True,False,False,False,True
51775,0,19.0,1,8.0,2.0,3,3,7,0,13.0,1.0,1.0,1.0,278.61,True,False,False,False,False,True,False,False,True,True,False,False,False,False,True,False
53990,0,14.0,1,7.0,3.0,4,1,6,0,18.0,1.0,2.0,4.0,190.13,True,False,False,False,False,True,False,False,False,False,True,False,False,False,True,False
50802,0,16.0,3,10.0,2.0,4,2,4,0,14.0,10.0,15.0,14.5,202.31,True,False,False,False,False,False,True,False,False,False,False,False,False,False,False,True
54551,0,17.0,1,19.0,3.0,5,4,3,0,12.0,1.0,4.0,10.0,268.36,True,False,False,False,False,True,False,False,True,True,False,False,False,False,True,False
51708,0,0.0,3,14.0,2.0,3,1,2,0,24.0,2.0,2.0,2.0,126.1,False,False,False,False,False,False,False,False,True,False,False,True,False,False,False,True
54519,0,10.0,3,7.0,3.0,4,1,6,0,16.0,2.0,2.0,1.0,191.53,False,False,False,False,True,False,False,False,False,False,True,False,False,False,False,True
50500,0,26.0,3,13.0,3.0,4,2,8,1,18.0,0.0,1.0,3.0,209.33999999999997,True,False,False,False,False,False,True,False,False,False,False,False,False,False,False,False
51093,0,0.0,1,15.0,3.0,1,3,2,0,16.0,0.0,1.0,4.0,144.01,False,True,False,False,True,False,False,False,True,False,False,False,True,False,True,False
55234,0,2.0,1,36.0,4.0,6,4,3,0,15.0,1.0,2.0,8.0,190.49,True,False,False,False,False,True,False,False,True,False,True,False,False,False,True,False
50216,0,10.0,1,11.0,3.0,3,2,8,0,16.0,0.0,1.0,4.0,163.47,True,False,False,False,True,False,False,False,True,False,True,False,False,False,True,False
52683,0,1.0,3,9.0,3.0,3,4,2,0,19.0,1.0,1.0,0.0,128.56,False,True,False,False,False,False,False,False,False,False,False,True,False,False,True,False
51525,0,9.0,1,15.0,3.0,3,1,2,0,12.0,1.0,2.0,1.0,122.88,False,True,False,False,False,True,False,False,False,False,False,True,False,False,False,True
54194,1,3.0,3,12.0,3.0,4,1,5,0,15.0,1.0,2.0,1.0,145.86,False,True,True,False,False,False,False,False,True,False,True,False,False,False,True,False
52515,0,0.0,1,14.0,2.0,1,3,8,0,17.0,0.0,1.0,2.0,135.17,False,True,False,False,True,False,False,False,False,False,False,True,False,False,True,False
54011,0,16.0,1,17.0,3.0,4,3,5,0,23.0,2.0,4.0,4.0,154.36,False,False,True,False,False,False,False,False,True,False,False,False,True,False,True,False
54989,1,1.0,1,15.0,4.0,4,3,3,0,13.0,2.0,2.0,1.0,144.04,False,False,False,False,True,False,False,False,True,False,False,False,True,False,False,True
53599,0,7.0,3,17.0,3.0,2,3,2,1,15.0,2.0,2.0,9.0,208.8,True,False,False,False,False,False,True,False,True,False,False,False,False,False,True,False
54429,0,19.0,1,27.0,4.0,4,1,2,1,15.0,3.0,2.0,11.0,259.96,True,False,False,False,True,False,False,False,True,True,False,False,False,False,True,False
54809,0,11.0,3,28.0,3.0,4,1,7,0,16.0,2.0,2.0,1.0,154.73,False,False,False,False,True,False,False,False,False,False,False,False,True,False,True,False
51864,0,11.0,3,13.0,2.0,4,1,1,0,20.0,1.0,1.0,5.0,140.28,False,True,False,False,False,False,True,False,False,False,True,False,False,False,False,True
51209,1,9.0,3,16.0,3.0,3,4,6,0,21.0,0.0,1.0,7.0,173.14,True,False,False,False,False,True,False,False,False,False,False,False,False,False,True,False
54544,0,1.0,1,18.0,3.0,4,4,3,0,14.0,2.0,2.0,3.0,147.44,False,True,False,False,True,False,False,False,False,False,False,False,True,False,True,False
50608,1,0.0,1,14.0,2.0,3,4,1,0,17.0,0.0,1.0,2.0,124.22,False,False,False,False,False,False,False,False,False,False,False,True,False,False,False,True
55377,0,17.0,3,9.0,4.0,4,1,3,1,18.0,4.0,9.0,9.0,203.47,True,False,False,False,True,False,False,False,True,False,True,False,False,False,True,False
50715,0,15.0,3,10.0,2.0,3,5,8,0,13.0,1.0,1.0,5.0,151.55,True,False,False,False,False,False,True,False,True,False,True,False,False,False,False,True
50554,0,9.0,1,26.0,2.0,3,3,5,0,17.0,0.0,1.0,0.0,122.59,False,True,False,False,False,False,False,False,True,False,False,True,False,False,False,False
51668,0,5.0,1,8.0,3.0,1,1,8,0,16.0,0.0,1.0,7.0,150.55,True,False,False,False,True,False,False,False,False,False,True,False,False,False,False,True
50530,0,12.0,2,8.0,2.0,4,2,9,0,11.0,0.0,1.0,4.0,152.04,True,False,False,False,False,True,False,False,False,False,True,False,False,False,False,False
54135,1,20.0,1,14.0,4.0,4,3,10,0,12.0,7.0,10.0,9.0,148.39,False,True,True,False,False,False,False,False,True,False,False,False,True,False,True,False
53236,0,4.0,3,34.0,3.0,4,2,9,0,24.0,5.0,8.0,8.0,178.04,True,False,False,False,False,False,True,False,True,False,True,False,False,False,True,False
55361,0,18.0,2,8.0,3.0,4,1,6,1,19.0,3.0,3.0,3.0,156.95,True,False,False,False,False,True,False,False,False,False,False,False,True,False,True,False
53066,0,23.0,1,14.0,3.0,5,3,10,0,25.0,2.0,2.0,1.0,170.0,True,False,False,False,False,False,False,True,True,False,False,False,False,False,False,True
54172,0,3.0,1,22.0,3.0,5,3,2,1,13.0,2.0,2.0,9.0,166.93,True,False,False,False,False,True,False,False,False,False,True,False,False,False,False,True
50322,0,14.0,3,16.0,2.0,3,2,8,0,14.0,0.0,1.0,10.0,162.3,False,False,False,False,False,True,False,False,True,False,True,False,False,False,False,True
54337,0,7.0,1,9.0,3.0,4,1,2,0,15.0,2.0,2.0,3.0,150.0,True,False,False,False,False,True,False,False,True,False,False,False,True,False,False,True
55408,0,5.0,3,12.0,3.0,4,3,3,0,20.0,2.0,2.0,3.0,208.46,True,False,False,True,False,False,False,False,True,False,True,False,False,False,True,False
51720,0,1.0,3,15.0,3.0,3,1,2,0,16.0,1.0,1.0,7.0,152.53,True,False,False,False,False,True,False,False,True,False,True,False,False,False,False,True
52823,1,1.0,1,7.0,4.0,4,2,4,1,17.0,3.0,3.0,1.0,147.93,False,True,False,False,True,False,False,False,True,False,False,False,True,False,False,False
53493,0,7.0,3,14.0,2.0,4,4,2,0,18.0,2.0,2.0,3.0,168.02,False,False,False,False,False,True,False,False,False,False,True,False,False,False,False,False
50102,0,10.0,3,10.0,2.0,3,2,5,0,17.0,1.0,5.0,8.0,0.0,False,False,False,False,False,False,True,False,True,False,False,False,True,False,True,False
50990,0,21.0,1,14.0,3.0,3,5,9,0,12.0,7.0,7.0,6.0,123.66999999999999,False,True,False,False,False,False,False,True,False,False,False,True,False,False,True,False
50313,0,3.0,3,13.0,3.0,3,4,1,0,14.0,1.0,1.0,2.0,129.83,False,True,False,False,False,False,True,False,True,False,False,True,False,False,False,True
54084,0,1.0,3,16.0,3.0,4,1,3,0,15.0,1.0,2.0,8.0,166.05,True,False,False,False,False,False,True,False,True,False,True,False,False,False,False,True
54819,0,18.0,1,16.0,4.0,4,5,3,1,14.0,6.0,8.0,2.0,150.59,True,False,False,False,False,True,False,False,True,False,False,False,True,False,True,False
52510,0,13.0,1,22.0,2.0,3,1,7,1,15.0,3.0,3.0,3.0,179.45,True,False,False,False,False,True,False,False,False,False,False,False,False,False,False,True
53748,1,1.0,3,20.0,3.0,4,4,7,0,12.0,1.0,2.0,1.0,182.65,False,False,True,False,False,False,False,False,False,False,True,False,False,False,False,True
52507,0,11.0,1,8.0,2.0,4,3,4,1,19.0,0.0,1.0,2.0,177.56,True,False,False,False,True,False,False,False,False,False,False,False,False,False,True,False
51535,0,24.0,1,9.0,3.0,3,4,4,0,18.0,1.0,2.0,0.0,237.33999999999997,True,False,False,False,True,False,False,False,False,True,False,False,False,False,False,True
50115,1,0.0,1,6.0,3.0,4,3,1,1,14.0,1.0,1.0,2.0,137.3,False,True,False,False,False,True,False,False,True,False,False,False,True,False,False,True
55156,0,17.0,1,13.0,4.0,5,3,3,1,15.0,1.0,2.0,9.0,165.81,True,False,False,False,True,False,False,False,False,False,True,False,False,False,False,True
53754,0,3.0,3,26.0,4.0,5,3,3,0,15.0,2.0,2.0,3.0,211.2,True,False,False,False,False,True,False,False,True,False,True,False,False,False,True,False
50508,0,15.0,1,14.0,2.0,3,2,6,1,14.0,0.0,2.0,2.0,125.15,False,False,False,False,False,False,False,False,True,False,False,True,False,False,False,True
54060,1,1.0,3,20.0,3.0,4,3,5,1,12.0,3.0,3.0,3.0,223.54,True,False,False,False,False,False,True,False,False,False,True,False,False,False,False,True
53136,0,29.0,3,25.0,3.0,4,4,5,0,15.0,1.0,8.0,8.0,293.35,True,False,False,False,False,True,False,False,False,True,False,False,False,False,False,True
51181,0,27.0,1,13.0,3.0,3,1,5,0,15.0,1.0,1.0,7.0,168.54,True,False,False,False,True,False,False,False,False,False,True,False,False,False,True,False
53219,1,14.0,3,15.0,3.0,4,3,5,1,15.0,2.0,2.0,4.0,192.96,False,False,True,False,False,False,False,False,True,False,True,False,False,False,False,False
55433,0,12.0,1,13.0,3.0,5,3,3,0,12.0,2.0,2.0,5.0,162.02,True,False,False,False,False,False,False,True,False,False,False,False,True,False,True,False
55554,0,1.0,3,16.0,3.0,4,1,3,0,15.0,2.0,2.0,8.0,166.05,True,False,False,False,False,False,True,False,True,False,True,False,False,False,False,True
51489,0,3.0,1,14.0,3.0,3,3,2,0,14.0,1.0,1.0,4.0,126.32,False,True,False,False,False,True,False,False,False,False,False,True,False,False,False,True
51375,0,19.0,3,8.0,2.0,3,5,4,0,12.0,1.0,2.0,1.0,289.47,True,False,False,False,False,False,True,False,False,False,False,False,False,True,False,True
51755,0,15.0,1,35.0,3.0,3,3,3,0,11.0,1.0,1.0,2.0,145.56,False,False,False,False,False,True,False,False,False,False,True,False,False,False,True,False
54623,0,8.0,3,28.0,4.0,2,1,3,0,13.0,1.0,6.0,8.0,178.37,True,False,False,False,False,True,False,False,True,False,True,False,False,False,False,True
54665,1,9.0,3,33.0,4.0,4,5,4,0,15.0,1.0,2.0,1.0,167.86,False,False,False,False,False,True,False,False,False,False,True,False,False,False,True,False
53892,1,1.0,1,15.0,4.0,5,3,3,1,12.0,2.0,2.0,3.0,164.89,True,False,False,False,True,False,False,False,True,False,False,False,True,False,False,True
53498,0,12.0,3,17.0,4.0,5,3,2,1,15.0,3.0,3.0,3.0,212.4,True,False,False,False,False,False,True,False,True,False,False,False,False,False,True,False
54585,0,31.0,3,36.0,3.0,5,1,5,0,13.0,1.0,2.0,1.0,266.18,True,False,False,False,False,False,True,False,True,True,False,False,False,False,True,False
55150,0,11.0,1,11.0,3.0,4,3,9,1,16.0,2.0,2.0,4.0,154.96,True,False,False,False,False,True,False,False,True,False,False,False,True,False,True,False
50445,0,9.0,3,14.0,3.0,4,5,2,0,15.0,0.0,1.0,9.0,175.87,False,False,False,False,False,True,False,False,True,False,False,False,False,False,False,True
50219,0,2.0,3,16.0,2.0,4,4,2,1,14.0,0.0,1.0,7.0,182.68,True,False,False,False,False,False,True,False,False,False,True,False,False,False,True,False
51991,1,0.0,3,6.0,3.0,4,3,7,1,19.0,1.0,1.0,2.0,128.0,False,True,False,False,False,False,False,False,False,False,False,True,False,False,True,False
50236,0,30.0,1,6.0,2.0,3,3,3,0,11.0,1.0,1.0,2.0,167.55,True,False,False,False,True,False,False,False,True,False,True,False,False,False,False,False
52815,0,7.0,1,14.0,2.0,1,3,3,0,12.0,1.0,1.0,2.0,144.04,False,True,False,False,True,False,False,False,True,False,True,False,False,False,True,False
51174,1,9.0,1,27.0,3.0,3,4,5,0,22.0,1.0,3.0,7.0,189.26,True,False,False,False,True,False,False,False,False,False,True,False,False,False,True,False
53088,0,1.0,3,11.0,3.0,5,2,3,1,12.0,1.0,2.0,4.0,169.87,True,False,False,False,False,True,False,False,False,False,True,False,False,False,False,True
53452,1,1.0,1,22.0,3.0,4,3,9,0,15.0,1.0,2.0,1.0,173.34,True,False,False,False,False,False,False,True,True,False,True,False,False,False,True,False
53369,0,22.0,1,27.0,3.0,4,3,6,0,18.0,1.0,2.0,1.0,147.59,False,True,False,False,True,False,False,False,True,False,False,False,True,False,False,False
50889,0,3.0,3,13.0,3.0,3,5,8,0,14.0,1.0,1.0,2.0,147.79,False,True,False,False,False,False,True,False,False,False,True,False,False,False,True,False
54003,1,1.0,2,25.0,3.0,2,5,2,0,18.0,2.0,2.0,1.0,154.56,True,False,False,False,False,False,False,True,True,False,False,False,True,False,True,False
54772,0,9.0,1,14.0,3.0,4,3,5,0,22.0,1.0,2.0,3.0,227.21,True,False,False,False,False,False,False,True,True,False,False,False,False,False,False,True
55404,0,19.0,2,11.0,3.0,6,3,6,0,22.0,2.0,2.0,3.0,222.56,True,False,False,False,False,True,False,False,False,False,False,False,False,False,True,False
53529,1,6.0,3,19.0,3.0,4,5,2,1,13.0,1.0,14.0,14.5,262.58,False,False,False,False,False,True,False,False,True,True,False,False,False,False,False,True
55592,0,6.0,3,8.0,3.0,4,1,3,0,20.0,1.0,6.0,3.0,229.22,True,False,False,False,False,False,True,False,False,False,False,False,False,False,True,False
51106,0,0.0,1,35.0,3.0,3,5,2,0,13.0,1.0,1.0,2.0,139.07,False,True,False,False,True,False,False,False,True,False,False,False,True,False,True,False
53982,1,1.0,1,17.0,3.0,4,5,3,0,16.0,1.0,2.0,9.0,167.13,True,False,False,False,True,False,False,False,True,False,True,False,False,False,False,True
50570,0,6.0,1,6.0,2.0,4,2,1,0,14.0,0.0,1.0,4.0,169.49,True,False,False,False,False,True,False,False,False,False,True,False,False,False,False,True
51086,0,9.0,1,27.0,3.0,1,4,2,0,18.0,2.0,2.0,13.0,120.28,False,True,False,False,False,False,False,False,True,False,False,True,False,False,True,False
53546,0,11.0,1,7.0,3.0,5,2,3,0,14.0,4.0,4.0,12.0,189.74,True,False,False,False,False,True,False,False,False,False,True,False,False,False,False,False
52548,0,11.0,1,10.0,2.0,3,3,8,0,19.0,0.0,1.0,0.0,133.06,False,True,False,False,False,False,False,False,False,False,False,True,False,False,True,False
52166,0,8.0,3,17.0,2.0,3,1,2,0,11.0,1.0,1.0,2.0,149.68,False,False,False,False,False,False,True,False,True,False,True,False,False,False,True,False
54261,1,1.0,2,13.0,4.0,4,5,6,1,23.0,1.0,2.0,3.0,145.73,False,True,False,False,False,False,False,True,True,False,False,False,True,False,True,False
54068,0,23.0,1,9.0,3.0,4,1,5,0,15.0,3.0,5.0,4.0,316.61,False,False,False,False,False,True,False,False,True,False,False,False,False,True,True,False
53462,0,28.0,3,9.0,3.0,5,3,8,0,12.0,7.0,2.0,1.0,231.86,True,False,False,False,False,True,False,False,False,False,False,False,False,False,False,False
54412,0,13.0,1,9.0,4.0,4,3,2,0,26.0,7.0,2.0,9.0,234.38,False,False,False,True,False,False,False,False,False,False,False,False,False,False,False,True
52327,1,0.0,3,24.0,3.0,3,3,1,1,18.0,0.0,3.0,2.0,146.14,False,False,False,False,False,False,True,False,False,False,True,False,False,False,True,False
51183,0,1.0,1,6.0,3.0,3,5,2,0,25.0,1.0,1.0,2.0,135.91,False,True,False,False,True,False,False,False,False,False,False,False,True,False,True,False
54998,0,14.0,1,16.0,3.0,4,3,11,0,18.0,2.0,2.0,14.0,259.99,False,False,False,False,True,False,False,False,False,False,False,False,False,False,False,True
54035,0,11.0,1,14.0,4.0,4,5,7,1,23.0,1.0,2.0,5.0,167.84,True,False,False,False,True,False,False,False,True,False,True,False,False,False,True,False
53951,0,6.0,1,12.0,4.0,4,4,4,0,15.0,2.0,2.0,8.0,152.18,False,False,True,False,False,False,False,False,True,False,False,False,True,False,False,True
54356,0,11.0,1,28.0,4.0,2,5,3,1,13.0,2.0,2.0,8.0,160.64,True,False,False,False,False,True,False,False,True,False,False,False,True,False,True,False
54218,0,9.0,1,30.0,2.0,4,5,5,1,16.0,1.0,3.0,3.0,165.14,True,False,False,False,True,False,False,False,False,False,False,False,True,False,True,False
53895,1,12.0,3,14.0,4.0,4,3,4,1,12.0,5.0,8.0,8.0,151.55,False,False,False,False,True,False,False,False,False,False,False,False,True,False,True,False
53736,0,14.0,1,9.0,4.0,4,3,4,0,15.0,1.0,2.0,3.0,148.45,False,True,False,False,True,False,False,False,True,False,False,False,True,False,True,False
52308,0,24.0,2,11.0,2.0,3,4,2,1,11.0,0.0,2.0,10.0,240.26,True,False,False,False,False,True,False,False,True,True,False,False,False,False,True,False
53183,0,22.0,1,7.0,3.0,5,5,9,0,12.0,1.0,2.0,3.0,279.02,True,False,False,False,False,True,False,False,False,True,False,False,False,False,False,False
52459,0,5.0,1,7.0,3.0,3,5,5,0,14.0,0.0,1.0,2.0,140.87,False,False,True,False,False,False,False,False,True,False,True,False,False,False,True,False
53936,0,1.0,2,17.0,3.0,4,1,2,0,15.0,2.0,3.0,2.0,146.45,False,False,False,False,True,False,False,False,True,False,False,False,True,False,True,False
50317,0,9.0,1,11.0,3.0,3,3,5,0,17.0,2.0,2.0,0.0,120.93,False,False,False,False,False,False,False,True,True,False,False,True,False,False,False,False
50501,0,18.0,3,15.0,3.0,3,5,5,1,12.0,1.0,1.0,2.0,207.61,True,False,False,False,False,False,True,False,True,False,False,False,False,False,True,False
51357,0,2.0,1,21.0,2.0,4,3,1,1,12.0,1.0,1.0,8.0,141.93,False,True,False,False,False,True,False,False,False,False,True,False,False,False,False,True
52124,0,19.0,1,14.0,3.0,4,5,9,1,23.0,1.0,1.0,7.0,146.15,False,True,False,False,False,True,False,False,False,False,True,False,False,False,True,False
50605,0,8.0,1,31.0,2.0,3,3,2,1,11.0,2.0,10.0,1.0,203.88,True,False,False,False,True,False,False,False,False,False,False,False,False,False,True,False
55410,1,1.0,3,16.0,3.0,6,4,3,0,14.0,3.0,3.0,3.0,152.6,True,False,False,False,False,False,True,False,False,False,False,False,True,False,False,True
54401,0,13.0,1,7.0,4.0,4,3,9,0,15.0,2.0,2.0,3.0,147.32,False,True,False,False,True,False,False,False,False,False,False,False,True,False,True,False
53245,0,1.0,1,14.0,3.0,5,5,10,0,20.0,2.0,2.0,8.0,193.11,True,False,False,False,True,False,False,False,False,False,True,False,False,False,False,True
52711,1,0.0,3,30.0,2.0,1,5,2,0,17.0,0.0,1.0,0.0,110.91,False,False,False,True,False,False,False,False,True,False,False,False,True,False,False,True
53389,0,9.0,3,25.0,3.0,4,3,3,0,17.0,2.0,2.0,1.0,171.01,True,False,False,False,True,False,False,False,False,False,True,False,False,False,False,False
52598,0,7.0,1,8.0,3.0,1,1,1,1,14.0,1.0,1.0,2.0,129.32,False,True,False,False,False,False,False,False,True,False,False,True,False,False,True,False
52843,0,27.0,3,13.0,3.0,4,3,4,1,21.0,1.0,5.0,6.0,148.06,False,True,False,False,False,False,True,False,True,False,True,False,False,False,False,False
54533,0,9.0,1,16.0,4.0,5,4,11,0,20.0,1.0,2.0,1.0,190.4,True,False,False,False,False,True,False,False,True,False,True,False,False,False,False,True
54728,0,8.0,3,9.0,3.0,4,1,3,0,23.0,1.0,2.0,5.0,187.74,True,False,False,False,False,False,False,True,True,False,True,False,False,False,False,True
51275,0,16.0,1,17.0,1.0,3,3,2,0,17.0,1.0,1.0,9.0,175.1,True,False,False,False,False,True,False,False,True,False,False,False,False,False,True,False
52948,0,14.0,1,9.0,3.0,4,3,2,0,15.0,1.0,4.0,10.0,319.36,True,False,False,False,True,False,False,False,True,False,False,False,False,True,True,False
50830,0,15.0,1,8.0,2.0,3,3,1,1,13.0,1.0,2.0,10.0,278.61,False,False,False,False,False,True,False,False,True,True,False,False,False,False,False,False
55603,1,1.0,1,8.0,3.0,4,1,11,1,15.0,3.0,3.0,3.0,172.87,True,False,False,False,True,False,False,False,True,False,False,False,True,False,True,False
50453,0,10.0,1,16.0,3.0,3,5,1,1,13.0,3.0,4.0,3.0,127.82,False,True,False,False,False,True,False,False,False,False,False,True,False,False,True,False
54404,0,14.0,1,31.0,4.0,4,1,3,0,18.0,3.0,5.0,8.0,158.19,True,False,True,False,False,False,False,False,True,False,True,False,False,False,True,False
52011,0,20.0,3,8.0,3.0,4,1,2,1,18.0,0.0,1.0,2.0,132.94,False,True,False,False,False,True,False,False,False,False,False,True,False,False,False,True
51391,1,4.0,1,18.0,2.0,3,3,2,0,15.0,1.0,15.0,8.0,295.45,True,False,False,True,False,False,False,False,False,False,False,False,False,True,True,False
52804,0,8.0,1,7.0,3.0,5,1,2,0,12.0,1.0,1.0,1.0,129.77,False,True,False,False,False,True,False,False,False,False,False,True,False,False,True,False
54086,1,1.0,3,33.0,4.0,4,1,3,1,12.0,1.0,2.0,9.0,181.17,False,False,False,False,False,False,True,False,True,False,True,False,False,False,True,False
51239,0,6.0,3,16.0,2.0,3,3,2,0,14.0,0.0,1.0,9.0,154.87,True,False,False,False,False,False,True,False,True,False,True,False,False,False,False,True
50923,0,6.0,3,13.0,2.0,3,5,1,0,14.0,0.0,1.0,3.0,143.73,False,False,False,False,True,False,False,False,True,False,True,False,False,False,False,False
52333,0,24.0,3,8.0,2.0,3,4,3,0,11.0,3.0,3.0,2.0,205.96,False,False,False,False,False,False,True,False,True,False,False,False,False,False,True,False
50535,0,1.0,3,11.0,3.0,3,2,2,0,14.0,1.0,1.0,2.0,149.08,False,True,False,False,True,False,False,False,True,False,True,False,False,False,False,True
52257,1,0.0,3,30.0,3.0,5,1,2,1,14.0,1.0,1.0,0.0,111.18,False,False,False,False,False,True,False,False,True,False,False,False,True,False,False,True
51297,0,20.0,1,6.0,3.0,3,4,1,0,18.0,0.0,5.0,3.0,219.57,False,False,False,False,True,False,False,False,False,False,False,False,False,False,True,False
50378,0,26.0,3,6.0,2.0,3,5,8,0,20.0,6.0,8.0,10.0,183.81,True,False,False,False,True,False,False,False,False,False,True,False,False,False,False,True
50374,0,0.0,1,12.0,3.0,3,3,1,0,20.0,2.0,2.0,2.0,127.72999999999999,False,True,False,False,False,False,False,False,True,False,False,True,False,False,False,False
50396,0,21.0,3,8.0,2.0,2,4,4,0,12.0,2.0,2.0,2.0,181.2,True,False,False,False,False,False,True,False,True,False,True,False,False,False,False,False
54242,0,9.0,1,7.0,2.0,5,3,3,0,19.0,2.0,2.0,5.0,153.59,True,False,False,False,True,False,False,False,True,False,False,False,True,False,False,True
50156,0,26.0,1,9.0,2.0,3,3,4,1,16.0,1.0,1.0,3.0,275.84,True,False,False,False,True,False,False,False,True,True,False,False,False,False,False,False
51821,0,0.0,3,34.0,3.0,3,4,2,0,20.0,0.0,1.0,4.0,162.72,True,False,False,False,False,False,True,False,True,False,True,False,False,False,True,False
55354,0,12.0,1,9.0,3.0,5,4,3,0,23.0,1.0,4.0,4.0,149.4,False,False,False,False,True,False,False,False,False,False,False,False,True,False,False,True
55327,0,22.0,1,11.0,3.0,5,1,4,0,26.0,1.0,3.0,3.0,277.02,False,False,False,False,True,False,False,False,True,True,False,False,False,False,True,False
55215,0,23.0,1,14.0,3.0,4,4,5,0,15.0,1.0,2.0,3.0,229.66,True,False,False,False,False,True,False,False,True,False,False,False,False,False,True,False
50520,0,4.0,1,14.0,2.0,3,2,4,1,19.0,1.0,1.0,2.0,123.56,False,True,False,False,False,True,False,False,True,False,False,True,False,False,False,False
50831,0,28.0,1,8.0,2.0,5,3,5,0,14.0,1.0,9.0,11.0,291.87,True,False,False,False,True,False,False,False,False,False,False,False,False,True,False,False
50373,0,17.0,1,9.0,2.0,3,2,5,1,15.0,1.0,1.0,1.0,295.13,True,False,False,False,False,False,False,True,True,False,False,False,False,True,False,False
50778,0,0.0,1,14.0,3.0,3,3,2,0,11.0,1.0,1.0,3.0,125.16999999999999,False,True,False,False,False,True,False,False,True,False,False,True,False,False,True,False
54380,0,28.0,3,10.0,3.0,4,5,4,0,15.0,2.0,2.0,6.0,184.4,True,False,False,False,False,False,True,False,False,False,True,False,False,False,True,False
53235,0,21.0,3,10.0,3.0,4,3,11,1,13.0,1.0,12.0,14.0,262.7,False,False,False,False,True,False,False,False,False,True,False,False,False,False,True,False
52910,0,28.0,3,10.0,3.0,4,5,4,0,15.0,2.0,2.0,6.0,184.4,True,False,False,False,False,False,True,False,False,False,True,False,False,False,False,False
54736,0,28.0,1,26.0,4.0,4,5,11,1,12.0,1.0,2.0,5.0,179.85,True,False,False,False,True,False,False,False,False,False,True,False,False,False,True,False
50277,0,29.0,3,12.0,2.0,2,5,10,0,11.0,2.0,2.0,7.0,232.12,False,False,False,False,False,True,False,False,False,True,False,False,False,False,False,False
50985,0,3.0,3,35.0,2.0,3,4,4,0,12.0,0.0,1.0,3.0,192.5,True,False,True,False,False,False,False,False,True,False,False,False,False,False,True,False
51859,1,0.0,1,16.0,2.0,3,3,2,1,11.0,1.0,1.0,1.0,110.09,True,False,False,False,True,False,False,False,True,False,False,False,True,False,False,True
55604,0,16.0,1,9.0,3.0,4,3,7,0,15.0,1.0,5.0,14.5,313.8,True,False,False,False,False,True,False,False,True,False,False,False,False,True,True,False
50621,0,28.0,1,24.0,3.0,3,4,4,1,14.0,6.0,6.0,7.0,163.85,False,False,False,False,True,False,False,False,True,False,True,False,False,False,False,False
54069,0,16.0,3,19.0,4.0,4,1,5,1,13.0,1.0,2.0,1.0,175.87,True,False,False,False,False,False,True,False,True,False,True,False,False,False,True,False
52739,0,0.0,3,15.0,2.0,3,1,2,0,14.0,1.0,1.0,7.0,141.05,False,True,False,False,False,False,True,False,True,False,True,False,False,False,False,True
52564,0,14.0,3,12.0,2.0,3,3,2,0,12.0,3.0,8.0,7.0,192.41,True,False,False,False,False,False,True,False,True,False,False,False,False,False,False,True
53604,1,9.0,3,9.0,4.0,6,4,4,1,15.0,1.0,2.0,12.0,313.24,True,False,False,False,False,False,True,False,False,False,False,False,False,True,False,True
50046,0,0.0,1,23.0,3.0,3,4,1,1,16.0,1.0,1.0,1.0,130.58,False,True,True,False,False,False,False,False,True,False,False,True,False,False,False,False
54275,0,8.0,1,13.0,3.0,5,4,8,0,16.0,2.0,2.0,1.0,170.05,True,False,False,False,False,True,False,False,False,False,True,False,False,False,True,False
53129,0,9.0,1,23.0,4.0,4,3,6,1,13.0,1.0,2.0,1.0,201.32,True,False,False,False,False,True,False,False,True,False,False,False,False,False,False,False
52470,0,12.0,3,12.0,2.0,1,3,3,0,11.0,3.0,7.0,6.0,182.37,True,False,False,False,True,False,False,False,True,False,False,False,False,False,True,False
53701,0,29.0,1,7.0,3.0,2,2,4,0,14.0,1.0,2.0,1.0,272.32,True,False,False,False,True,False,False,False,True,True,False,False,False,False,True,False
53416,1,1.0,1,21.0,3.0,5,4,3,1,25.0,2.0,2.0,3.0,162.43,True,False,False,False,False,False,False,True,True,False,False,False,True,False,True,False
52218,0,6.0,3,31.0,2.0,3,3,2,0,12.0,0.0,1.0,1.0,145.39,False,False,False,False,True,False,False,False,False,False,True,False,False,False,True,False
53151,0,1.0,3,36.0,3.0,4,3,7,0,13.0,2.0,2.0,1.0,168.06,True,False,False,False,True,False,False,False,True,False,True,False,False,False,True,False
52288,0,9.0,1,16.0,3.0,3,3,4,0,12.0,1.0,1.0,7.0,170.94,True,False,True,False,False,False,False,False,False,False,False,False,False,False,True,False
51542,0,8.0,1,8.0,2.0,3,4,6,0,11.0,0.0,1.0,2.0,144.25,False,False,False,False,True,False,False,False,False,False,True,False,False,False,False,True
52238,1,9.0,1,16.0,3.0,4,4,2,1,25.0,0.0,1.0,0.0,118.59,False,False,False,False,False,False,False,False,False,False,False,False,True,False,False,True
51217,0,4.0,1,26.0,2.0,3,3,2,0,11.0,0.0,1.0,2.0,141.97,False,True,False,False,False,True,False,False,True,False,True,False,False,False,True,False
55191,0,5.0,3,15.0,3.0,4,1,3,0,19.0,3.0,2.0,10.0,232.93,True,False,False,False,False,True,False,False,True,False,False,False,False,False,True,False
53338,0,9.0,1,32.0,4.0,5,4,5,0,17.0,4.0,2.0,9.0,234.02999999999997,True,False,False,True,False,False,False,False,True,False,False,False,False,False,False,False
55219,1,1.0,3,31.0,3.0,5,4,2,1,24.0,5.0,11.0,11.0,170.99,True,False,False,False,True,False,False,False,False,False,True,False,False,False,False,True
51089,1,9.0,3,13.0,2.0,3,1,2,1,21.0,1.0,1.0,2.0,122.75,False,True,False,False,False,True,False,False,True,False,False,True,False,False,True,False
53314,0,4.0,1,12.0,4.0,5,2,11,0,13.0,1.0,2.0,4.0,162.61,False,False,False,False,False,True,False,False,True,False,False,False,True,False,True,False
54094,0,13.0,3,22.0,4.0,4,5,2,0,13.0,5.0,2.0,11.0,258.41,True,False,False,False,False,False,True,False,True,True,False,False,False,False,False,True
54692,0,6.0,1,10.0,3.0,4,1,5,0,16.0,7.0,2.0,8.0,236.58999999999997,True,False,False,False,False,True,False,False,False,False,False,False,False,False,False,True
50340,0,10.0,1,6.0,2.0,3,2,5,0,17.0,1.0,1.0,2.0,174.91,True,False,True,False,False,False,False,False,False,False,False,False,False,False,False,True
51506,0,0.0,1,14.0,3.0,3,1,2,0,24.0,2.0,2.0,2.0,123.22999999999999,False,True,False,False,False,False,False,False,True,False,False,True,False,False,True,False
52500,0,20.0,2,32.0,3.0,3,3,4,0,15.0,1.0,1.0,0.0,296.58,True,False,False,False,False,True,False,False,False,False,False,False,False,True,True,False
50386,0,27.0,2,25.0,2.0,3,4,3,0,15.0,3.0,7.0,1.0,207.25,True,False,False,False,True,False,False,False,True,False,False,False,False,False,False,False
53238,1,6.0,1,26.0,3.0,3,3,8,1,13.0,3.0,3.0,3.0,152.59,False,False,False,False,True,False,False,False,True,False,False,False,True,False,True,False
52224,0,15.0,2,8.0,3.0,1,5,8,0,16.0,1.0,1.0,3.0,162.72,False,False,False,False,True,False,False,False,True,False,True,False,False,False,True,False
55303,0,19.0,1,12.0,3.0,6,5,3,1,15.0,1.0,2.0,5.0,182.69,True,False,False,False,True,False,False,False,False,False,True,False,False,False,False,True
51536,0,25.0,1,6.0,3.0,4,3,1,0,15.0,7.0,11.0,9.0,299.99,True,False,False,False,False,True,False,False,True,False,False,False,False,True,True,False
53488,1,1.0,1,28.0,3.0,4,3,3,0,21.0,2.0,2.0,1.0,148.77,False,True,False,False,True,False,False,False,True,False,False,False,True,False,True,False
52323,0,9.0,1,32.0,3.0,4,3,2,0,20.0,1.0,1.0,0.0,120.28999999999999,False,False,False,True,False,False,False,False,False,False,False,True,False,False,True,False
53813,0,3.0,1,10.0,3.0,4,5,3,1,19.0,1.0,2.0,6.0,172.23,True,False,False,False,True,False,False,False,True,False,False,False,True,False,False,True
52885,0,19.0,1,9.0,4.0,5,2,11,0,15.0,10.0,12.0,9.0,292.92,False,False,False,False,True,False,False,False,True,True,False,False,False,False,False,False
50556,0,9.0,1,13.0,3.0,3,2,3,0,18.0,0.0,1.0,1.0,146.78,False,True,False,False,False,False,False,True,True,False,False,False,True,False,False,True
52614,0,26.0,1,7.0,2.0,4,3,5,1,20.0,1.0,1.0,3.0,229.64999999999998,False,False,False,False,True,False,False,False,False,True,False,False,False,False,True,False
53098,0,19.0,1,17.0,4.0,4,2,5,0,22.0,2.0,2.0,3.0,151.54,True,False,False,False,False,True,False,False,True,False,False,False,True,False,False,False
52303,0,13.0,1,22.0,3.0,3,3,10,0,16.0,1.0,1.0,0.0,135.44,False,False,False,False,False,True,False,False,True,False,False,True,False,False,True,False
54696,0,15.0,2,17.0,4.0,5,1,5,0,15.0,4.0,13.0,7.0,316.41,True,False,False,False,False,False,False,True,True,False,False,False,False,True,True,False
54081,1,1.0,1,24.0,3.0,5,1,7,0,13.0,1.0,2.0,4.0,148.67,False,True,True,False,False,False,False,False,True,False,False,False,True,False,True,False
54140,0,6.0,1,9.0,4.0,4,5,3,0,15.0,2.0,2.0,3.0,149.39,False,True,True,False,False,False,False,False,True,False,False,False,True,False,False,True
51179,0,20.0,1,10.0,3.0,4,4,9,1,12.0,2.0,14.0,10.0,203.33,True,False,False,False,False,True,False,False,False,False,False,False,False,False,True,False
54483,0,6.0,1,9.0,4.0,2,1,9,0,17.0,1.0,2.0,8.0,175.55,True,False,False,False,True,False,False,False,False,False,True,False,False,False,False,True
54231,0,31.0,3,7.0,3.0,5,3,9,0,12.0,2.0,2.0,4.0,179.73,False,False,False,False,False,True,False,False,False,False,True,False,False,False,False,True
54188,0,16.0,3,15.0,3.0,4,4,2,0,12.0,3.0,5.0,3.0,193.25,True,False,False,False,False,False,True,False,True,False,True,False,False,False,True,False
50539,1,0.0,1,24.0,3.0,3,2,2,0,19.0,1.0,1.0,0.0,126.93,False,True,False,False,False,False,False,True,False,False,False,True,False,False,False,True
52747,0,28.0,2,32.0,3.0,1,4,5,1,15.0,1.0,1.0,4.0,296.36,True,False,False,False,False,False,False,True,True,False,False,False,False,True,True,False
51834,0,15.0,1,8.0,2.0,3,1,2,0,13.0,0.0,2.0,2.0,140.89,False,True,False,False,False,True,False,False,False,False,True,False,False,False,True,False
55138,0,8.0,1,33.0,4.0,5,3,3,0,21.0,2.0,2.0,1.0,145.29,False,False,True,False,False,False,False,False,False,False,False,False,True,False,True,False
55337,0,23.0,1,29.0,4.0,4,4,5,0,17.0,1.0,2.0,3.0,289.13,True,False,False,False,False,False,False,True,False,True,False,False,False,False,True,False
55211,0,16.0,1,16.0,4.0,4,1,3,0,14.0,1.0,6.0,9.0,161.73,False,False,False,False,True,False,False,False,False,False,False,False,True,False,False,True
52506,0,18.0,1,8.0,2.0,4,1,2,0,19.0,3.0,3.0,9.0,157.7,True,False,False,False,False,False,False,True,False,False,True,False,False,False,True,False
52798,1,13.0,3,7.0,3.0,3,3,8,0,12.0,1.0,1.0,1.0,167.28,False,False,False,False,False,True,False,False,True,False,True,False,False,False,True,False
54381,0,10.0,1,12.0,4.0,4,4,10,0,17.0,3.0,4.0,8.0,184.14,True,False,False,False,False,True,False,False,True,False,True,False,False,False,False,True
52536,0,5.0,1,8.0,2.0,3,4,1,0,13.0,1.0,1.0,6.0,154.7,True,False,False,False,True,False,False,False,True,False,True,False,False,False,True,False
53258,0,8.0,3,9.0,3.0,4,2,3,0,23.0,1.0,2.0,5.0,187.74,True,False,False,False,False,False,False,True,True,False,True,False,False,False,False,True
50385,0,6.0,1,12.0,1.0,3,2,4,0,23.0,4.0,4.0,7.0,177.25,False,False,False,False,False,True,False,False,True,False,True,False,False,False,True,False
50976,0,8.0,3,14.0,3.0,4,3,1,0,23.0,2.0,4.0,2.0,124.30000000000001,False,True,False,False,False,True,False,False,False,False,False,True,False,False,True,False
55378,0,1.0,1,16.0,4.0,2,3,3,0,17.0,1.0,2.0,5.0,169.01,True,False,False,False,True,False,False,False,True,False,False,False,True,False,True,False
52055,1,0.0,1,14.0,2.0,4,5,1,1,22.0,0.0,1.0,2.0,123.21000000000001,False,False,False,False,False,False,False,False,True,False,False,True,False,False,False,True
51621,0,10.0,1,6.0,3.0,3,1,3,1,18.0,0.0,2.0,2.0,236.02999999999997,False,False,False,False,True,False,False,False,False,False,False,False,False,False,True,False
52740,0,5.0,1,11.0,2.0,4,1,9,0,24.0,1.0,1.0,0.0,196.79,True,False,False,False,False,True,False,False,True,False,True,False,False,False,False,True
52233,0,15.0,1,32.0,2.0,3,5,4,1,17.0,0.0,2.0,0.0,231.91000000000003,False,False,False,False,True,False,False,False,False,False,False,False,False,False,True,False
55525,0,2.0,3,8.0,3.0,5,1,3,1,13.0,2.0,2.0,8.0,193.34,False,False,False,False,False,True,False,False,True,False,True,False,False,False,True,False
50691,0,9.0,1,6.0,3.0,4,4,2,1,11.0,0.0,2.0,2.0,120.69999999999999,False,True,False,True,False,False,False,False,False,False,False,True,False,False,False,True
52324,0,13.0,1,8.0,2.0,1,3,6,0,20.0,6.0,11.0,8.0,163.77,True,False,False,False,True,False,False,False,False,False,True,False,False,False,True,False
52010,0,9.0,1,20.0,3.0,3,1,1,1,17.0,2.0,4.0,11.0,165.86,True,False,False,False,False,True,False,False,True,False,True,False,False,False,True,False
51410,0,9.0,1,14.0,2.0,3,3,2,0,13.0,7.0,12.0,8.0,200.96,True,False,False,True,False,False,False,False,False,False,False,False,False,False,True,False
50150,0,0.0,1,9.0,3.0,4,3,2,0,17.0,1.0,1.0,0.0,132.3,False,True,False,False,False,False,False,False,True,False,False,True,False,False,False,True
51161,0,19.0,3,32.0,3.0,4,4,9,0,15.0,2.0,2.0,2.0,179.91,False,False,False,False,False,True,False,False,True,False,True,False,False,False,False,True
50494,0,0.0,1,8.0,3.0,1,5,8,0,13.0,1.0,1.0,1.0,134.24,False,True,False,False,False,False,False,False,True,False,False,True,False,False,False,True
52660,0,18.0,3,8.0,3.0,3,3,5,0,22.0,3.0,5.0,7.0,151.54,False,False,False,False,False,True,False,False,False,False,True,False,False,False,True,False
50980,0,2.0,1,14.0,3.0,1,3,7,0,18.0,1.0,1.0,0.0,124.50999999999999,False,True,False,False,False,True,False,False,True,False,False,True,False,False,True,False
50391,0,9.0,1,9.0,2.0,4,3,2,0,18.0,1.0,1.0,0.0,112.81,False,False,False,False,False,True,False,False,True,False,False,False,True,False,False,False
55432,1,1.0,3,14.0,3.0,4,4,3,0,14.0,1.0,2.0,1.0,151.79,True,False,False,False,False,False,True,False,True,False,False,False,True,False,False,True
50714,1,5.0,3,18.0,2.0,3,5,1,1,12.0,7.0,2.0,14.0,237.57999999999998,False,False,False,False,False,True,False,False,True,True,False,False,False,False,False,True
55123,0,25.0,2,12.0,3.0,4,4,3,1,12.0,1.0,2.0,11.0,265.26,True,False,False,False,False,True,False,False,True,True,False,False,False,False,True,False
51791,0,28.0,3,24.0,2.0,3,4,4,0,23.0,1.0,7.0,8.0,268.35,True,False,False,False,False,True,False,False,False,True,False,False,False,False,False,True
51866,0,21.0,3,8.0,2.0,1,4,4,0,12.0,0.0,2.0,2.0,181.2,True,False,False,False,False,False,True,False,True,False,True,False,False,False,True,False
52134,0,1.0,1,16.0,2.0,3,3,4,0,13.0,0.0,1.0,7.0,136.6,False,True,False,False,False,False,False,True,False,False,True,False,False,False,False,True
50523,0,8.0,1,31.0,3.0,4,4,4,0,16.0,3.0,4.0,8.0,209.02999999999997,True,False,False,True,False,False,False,False,True,False,False,False,False,False,False,False
52282,0,18.0,1,31.0,2.0,3,4,4,0,22.0,1.0,1.0,0.0,280.61,False,False,False,False,True,False,False,False,False,False,False,False,False,True,False,True
50528,0,10.0,3,25.0,2.0,3,4,2,1,13.0,0.0,1.0,9.0,176.42,False,False,False,False,True,False,False,False,True,False,False,False,False,False,False,True
55527,0,13.0,3,28.0,3.0,6,3,8,0,20.0,1.0,2.0,3.0,182.36,False,False,False,False,False,True,False,False,False,False,True,False,False,False,True,False
51572,0,10.0,3,10.0,3.0,3,1,5,0,17.0,3.0,5.0,8.0,127.93,False,False,False,False,False,False,True,False,True,False,False,True,False,False,True,False
53320,0,2.0,2,15.0,4.0,5,2,3,0,14.0,1.0,2.0,5.0,174.36,True,False,False,False,True,False,False,False,True,False,False,False,True,False,True,False
53134,1,1.0,1,11.0,3.0,5,3,7,0,17.0,2.0,2.0,3.0,163.94,False,False,True,False,False,False,False,False,True,False,False,False,True,False,False,True
53499,0,3.0,1,35.0,4.0,4,2,6,0,23.0,1.0,2.0,8.0,150.14,True,False,False,False,False,True,False,False,False,False,False,False,True,False,True,False
54951,0,7.0,1,12.0,3.0,5,1,6,0,16.0,2.0,2.0,3.0,196.19,True,False,False,False,False,True,False,False,True,False,False,False,False,False,True,False
55194,1,1.0,1,8.0,4.0,2,4,3,0,12.0,2.0,5.0,8.0,199.46,False,False,False,False,False,True,False,False,False,False,False,False,False,False,False,True
54752,1,1.0,3,23.0,4.0,4,5,7,0,16.0,2.0,2.0,3.0,178.24,True,False,False,False,False,False,True,False,False,False,True,False,False,False,False,True
54083,0,9.0,3,14.0,3.0,4,1,3,1,12.0,2.0,2.0,10.0,177.04,True,False,False,False,False,True,False,False,False,False,True,False,False,False,True,False
55497,0,29.0,1,9.0,4.0,5,1,10,0,21.0,2.0,2.0,5.0,151.62,True,False,True,False,False,False,False,False,True,False,False,False,True,False,True,False
55551,1,1.0,1,24.0,3.0,5,1,7,0,13.0,2.0,2.0,4.0,148.67,False,True,True,False,False,False,False,False,True,False,False,False,True,False,True,False
52780,0,25.0,3,35.0,2.0,3,1,3,0,15.0,1.0,1.0,0.0,134.82,False,False,False,False,False,True,False,False,True,False,False,True,False,False,True,False
51854,0,8.0,1,12.0,2.0,5,1,2,0,13.0,0.0,11.0,8.0,166.46,True,False,False,False,False,True,False,False,True,False,True,False,False,False,False,True
55585,0,9.0,1,16.0,3.0,4,3,3,0,20.0,1.0,2.0,9.0,175.98,True,False,False,False,True,False,False,False,True,False,True,False,False,False,False,True
51308,0,10.0,1,16.0,2.0,1,1,2,1,25.0,0.0,2.0,8.0,237.44,True,False,False,False,False,True,False,False,False,False,False,False,False,False,True,False
51973,0,25.0,1,31.0,2.0,4,1,4,0,22.0,0.0,2.0,0.0,238.26,False,False,False,False,True,False,False,False,False,True,False,False,False,False,True,False
54016,0,16.0,1,15.0,3.0,4,3,6,0,14.0,2.0,2.0,1.0,164.68,True,False,False,False,False,True,False,False,True,False,False,False,True,False,False,True
54443,0,3.0,3,9.0,3.0,4,1,3,0,19.0,1.0,2.0,10.0,170.54,False,False,False,False,False,True,False,False,True,False,True,False,False,False,False,True
53458,0,11.0,1,10.0,3.0,4,4,5,0,16.0,2.0,2.0,2.0,166.07,True,False,False,False,False,False,False,True,False,False,True,False,False,False,False,True
50689,1,2.0,1,8.0,2.0,3,2,8,0,11.0,7.0,11.0,3.0,221.69,False,False,False,False,False,True,False,False,True,True,False,False,False,False,True,False
53027,1,1.0,1,15.0,4.0,6,5,3,1,12.0,2.0,2.0,8.0,146.19,False,True,False,False,False,False,False,True,True,False,False,False,True,False,False,False
51881,0,14.0,2,16.0,3.0,4,1,4,0,15.0,1.0,12.0,6.0,291.41,True,False,False,False,False,False,False,True,True,False,False,False,False,True,True,False
55045,0,14.0,3,17.0,3.0,5,4,9,0,13.0,2.0,2.0,4.0,193.52,True,False,False,True,False,False,False,False,False,False,True,False,False,False,True,False
53025,0,19.0,1,15.0,4.0,4,2,11,0,15.0,8.0,10.0,9.0,161.97,True,False,False,False,False,False,False,True,True,False,True,False,False,False,False,False
54579,0,1.0,1,30.0,3.0,4,1,3,0,23.0,1.0,2.0,3.0,153.86,True,False,False,False,False,True,False,False,False,False,False,False,True,False,True,False
50283,0,18.0,1,14.0,3.0,3,2,4,0,21.0,1.0,1.0,2.0,126.53999999999999,False,True,False,False,False,True,False,False,True,False,False,True,False,False,False,False
53507,0,13.0,1,16.0,4.0,4,4,22,0,16.0,2.0,2.0,4.0,192.82,False,False,False,False,False,True,False,False,True,False,True,False,False,False,False,True
54184,0,1.0,1,22.0,4.0,4,1,3,0,15.0,2.0,2.0,1.0,137.32,False,True,False,False,False,True,False,False,True,False,False,False,True,False,False,True
52808,0,12.0,3,30.0,2.0,4,1,1,0,11.0,3.0,9.0,3.0,220.31,True,False,False,False,False,False,True,False,False,True,False,False,False,False,True,False
53635,0,2.0,1,7.0,3.0,6,2,2,0,12.0,8.0,8.0,6.0,191.74,False,False,False,False,False,True,False,False,False,False,True,False,False,False,False,False
54659,0,1.0,1,13.0,4.0,4,3,2,0,21.0,2.0,3.0,3.0,152.73,True,False,False,False,True,False,False,False,True,False,False,False,True,False,True,False
50592,0,14.0,1,15.0,3.0,3,3,3,0,15.0,1.0,1.0,11.0,294.19,False,False,False,False,True,False,False,False,True,False,False,False,False,True,True,False
52057,1,0.0,1,14.0,3.0,4,5,7,1,20.0,1.0,1.0,0.0,124.03999999999999,False,True,False,False,False,True,False,False,False,False,False,True,False,False,False,True
55053,1,1.0,1,17.0,4.0,5,4,3,1,26.0,1.0,2.0,1.0,143.59,False,False,False,False,True,False,False,False,False,False,False,False,True,False,False,True
52210,1,9.0,1,11.0,3.0,4,5,7,0,17.0,0.0,1.0,0.0,121.07,False,False,False,False,False,True,False,False,True,False,False,True,False,False,True,False
52794,0,14.0,3,9.0,2.0,4,4,3,0,11.0,1.0,1.0,4.0,189.38,True,False,False,False,False,True,False,False,True,False,True,False,False,False,True,False
54124,0,1.0,3,15.0,3.0,4,3,2,1,23.0,2.0,2.0,5.0,174.07,True,False,False,False,False,False,False,True,False,False,True,False,False,False,True,False
55057,0,5.0,1,31.0,4.0,5,5,3,0,20.0,2.0,2.0,9.0,193.12,True,False,False,False,True,False,False,False,False,False,True,False,False,False,False,True
54988,0,2.0,1,13.0,3.0,5,3,3,1,15.0,2.0,2.0,3.0,152.03,False,False,False,False,False,True,False,False,True,False,False,False,True,False,True,False
54891,0,4.0,1,15.0,4.0,2,5,2,1,13.0,1.0,2.0,8.0,239.16000000000003,True,False,False,False,False,True,False,False,False,False,False,False,False,False,True,False
53504,1,3.0,1,9.0,3.0,4,2,9,0,12.0,8.0,2.0,6.0,246.69,False,False,False,False,False,True,False,False,True,True,False,False,False,False,True,False
51127,0,3.0,3,21.0,3.0,4,5,3,0,11.0,0.0,1.0,7.0,171.4,True,False,False,False,False,False,True,False,True,False,False,False,False,False,True,False
54327,0,15.0,1,21.0,3.0,4,3,6,0,13.0,2.0,2.0,9.0,149.51,True,False,False,False,False,True,False,False,True,False,False,False,True,False,True,False
50343,0,10.0,3,15.0,3.0,3,4,2,0,13.0,6.0,7.0,7.0,188.34,False,False,False,False,True,False,False,False,True,False,False,False,False,False,True,False
55188,0,8.0,1,8.0,3.0,5,4,7,0,18.0,2.0,2.0,3.0,157.94,True,False,False,False,False,True,False,False,False,False,False,False,True,False,True,False
51220,0,10.0,1,13.0,3.0,3,5,6,1,22.0,0.0,1.0,4.0,142.84,False,True,False,False,True,False,False,False,True,False,True,False,False,False,True,False
51274,0,6.0,1,13.0,2.0,3,3,2,0,20.0,2.0,2.0,8.0,159.68,False,False,False,False,False,True,False,False,True,False,True,False,False,False,True,False
51969,0,3.0,1,11.0,3.0,4,1,10,0,12.0,0.0,1.0,3.0,137.61,False,False,False,False,False,True,False,False,True,False,False,False,True,False,True,False
50094,0,18.0,3,12.0,2.0,4,2,7,0,12.0,12.0,12.0,8.0,188.65,False,False,False,False,True,False,False,False,False,False,False,False,False,False,False,True
52930,1,1.0,1,7.0,4.0,5,3,2,1,15.0,2.0,2.0,3.0,162.3,True,False,False,False,False,True,False,False,True,False,False,False,True,False,False,True
52056,0,6.0,3,23.0,2.0,3,3,2,0,11.0,1.0,6.0,0.0,274.44,False,False,False,False,False,True,False,False,True,True,False,False,False,False,False,True
53607,0,20.0,3,11.0,3.0,5,4,4,0,15.0,2.0,2.0,9.0,312.89,True,False,False,False,False,False,True,False,False,False,False,False,False,True,False,False
54237,0,9.0,3,7.0,3.0,5,5,2,0,15.0,2.0,3.0,9.0,168.12,True,False,False,False,False,False,True,False,True,False,True,False,False,False,False,True
52723,0,22.0,1,8.0,2.0,3,1,4,0,15.0,1.0,4.0,3.0,291.61,False,False,False,False,False,True,False,False,True,False,False,False,False,True,True,False
52099,0,12.0,1,28.0,2.0,3,5,2,1,13.0,1.0,2.0,8.0,208.8,False,False,False,False,True,False,False,False,False,False,False,False,False,False,False,True
51460,0,7.0,1,12.0,2.0,4,4,7,0,15.0,1.0,1.0,0.0,145.05,False,True,False,False,False,True,False,False,False,False,True,False,False,False,True,False
53555,1,5.0,1,12.0,4.0,5,5,8,0,18.0,2.0,2.0,1.0,146.07,False,False,False,False,False,True,False,False,True,False,False,False,True,False,True,False
52158,0,16.0,1,33.0,2.0,3,5,9,0,11.0,1.0,1.0,1.0,208.2,False,False,False,False,False,True,False,False,False,False,False,False,False,False,True,False
50465,1,0.0,1,14.0,2.0,4,5,2,1,11.0,0.0,1.0,0.0,123.19,False,True,False,False,False,True,False,False,False,False,False,True,False,False,False,False
53774,1,4.0,1,16.0,3.0,4,5,5,0,15.0,2.0,2.0,1.0,145.18,False,True,False,False,False,True,False,False,True,False,False,False,True,False,False,True
50620,1,0.0,1,17.0,3.0,5,4,6,0,15.0,1.0,1.0,0.0,147.77,False,True,False,False,True,False,False,False,False,False,True,False,False,False,False,False
51463,0,9.0,3,17.0,3.0,3,1,1,0,14.0,0.0,2.0,8.0,197.38,False,False,False,True,False,False,False,False,False,False,False,False,False,False,True,False
51604,0,24.0,1,6.0,3.0,3,1,2,0,11.0,1.0,1.0,0.0,127.22999999999999,False,True,False,False,False,True,False,False,True,False,False,True,False,False,True,False
55547,0,1.0,1,8.0,4.0,4,5,2,0,14.0,8.0,8.0,7.0,153.67,True,False,False,False,True,False,False,False,True,False,False,False,True,False,False,True
52523,0,23.0,1,23.0,2.0,4,5,6,0,15.0,0.0,2.0,11.0,232.69,True,False,False,False,False,True,False,False,False,False,False,False,False,False,True,False
50712,1,0.0,3,29.0,2.0,4,5,2,0,13.0,0.0,3.0,10.0,173.36,True,False,False,False,False,True,False,False,False,False,False,False,False,False,False,False
50136,0,5.0,1,13.0,3.0,2,4,2,0,20.0,0.0,1.0,3.0,127.94,False,False,False,False,False,True,False,False,True,False,False,True,False,False,False,False
55448,0,16.0,1,20.0,4.0,2,5,7,0,19.0,2.0,2.0,1.0,180.38,True,False,False,False,True,False,False,False,True,False,True,False,False,False,True,False
51515,0,5.0,1,12.0,3.0,3,3,4,0,20.0,0.0,1.0,4.0,130.38,False,True,False,False,False,True,False,False,True,False,False,True,False,False,False,True
53218,0,6.0,3,17.0,3.0,4,2,3,0,13.0,1.0,2.0,9.0,178.96,True,False,False,False,False,False,True,False,True,False,True,False,False,False,False,True
52704,0,4.0,3,16.0,2.0,3,1,3,1,11.0,1.0,1.0,4.0,165.83,True,False,False,False,True,False,False,False,False,False,True,False,False,False,True,False
50231,0,0.0,3,6.0,2.0,3,3,2,0,17.0,2.0,7.0,7.0,152.96,True,False,False,False,False,True,False,False,True,False,True,False,False,False,False,False
51523,1,0.0,1,8.0,2.0,4,1,2,0,22.0,1.0,1.0,0.0,111.02000000000001,True,False,False,False,False,True,False,False,True,False,False,False,True,False,False,True
54303,0,12.0,1,10.0,3.0,4,3,5,1,21.0,3.0,3.0,3.0,168.17,True,False,True,False,False,False,False,False,False,False,True,False,False,False,False,True
54523,0,1.0,3,16.0,3.0,4,1,3,0,25.0,3.0,3.0,3.0,151.1,False,False,False,False,True,False,False,False,True,False,False,False,True,False,False,True
54198,0,9.0,3,9.0,4.0,4,1,3,0,14.0,3.0,3.0,3.0,145.14,False,True,False,False,False,False,True,False,False,False,False,False,True,False,True,False
51067,0,4.0,3,11.0,3.0,3,1,2,0,11.0,0.0,1.0,2.0,154.76,True,False,False,False,False,True,False,False,False,False,True,False,False,False,True,False
52762,0,11.0,3,7.0,2.0,3,4,1,0,15.0,1.0,5.0,8.0,144.4,False,True,False,False,False,True,False,False,True,False,True,False,False,False,True,False
51756,0,3.0,1,8.0,2.0,5,1,3,0,20.0,1.0,1.0,2.0,160.91,True,False,False,False,False,True,False,False,False,False,True,False,False,False,False,True
53146,0,7.0,1,7.0,4.0,3,3,6,0,20.0,1.0,2.0,6.0,286.84,True,False,False,False,True,False,False,False,False,True,False,False,False,False,True,False
53175,0,5.0,3,13.0,4.0,3,2,6,0,23.0,4.0,6.0,8.0,179.6,True,False,False,False,True,False,False,False,True,False,True,False,False,False,True,False
54062,0,30.0,3,18.0,3.0,5,5,6,0,17.0,1.0,2.0,1.0,178.8,True,False,False,False,False,False,True,False,False,False,True,False,False,False,True,False
54583,1,1.0,2,9.0,3.0,5,1,3,0,13.0,1.0,2.0,1.0,150.64,True,False,True,False,False,False,False,False,True,False,False,False,True,False,False,True
54999,1,6.0,3,19.0,3.0,4,5,2,1,13.0,1.0,14.0,14.5,262.58,False,False,False,False,False,True,False,False,True,True,False,False,False,False,False,True
51942,0,8.0,1,14.0,2.0,1,3,4,0,13.0,2.0,2.0,2.0,125.06,False,True,False,False,False,True,False,False,False,False,False,True,False,False,False,True
50851,1,18.0,3,19.0,2.0,1,3,7,1,17.0,2.0,2.0,8.0,236.95,True,False,False,False,False,False,True,False,True,True,False,False,False,False,False,True
50105,1,0.0,1,14.0,2.0,4,2,2,1,13.0,0.0,1.0,1.0,123.88999999999999,False,True,False,False,False,False,False,False,True,False,False,True,False,False,False,True
53900,0,31.0,1,7.0,4.0,6,1,5,0,21.0,1.0,2.0,1.0,233.82999999999998,True,False,False,False,True,False,False,False,True,False,False,False,False,False,True,False
52521,0,12.0,1,18.0,3.0,3,4,5,0,21.0,1.0,1.0,0.0,152.95,True,False,False,False,True,False,False,False,True,False,True,False,False,False,True,False
53830,0,6.0,1,12.0,3.0,2,1,5,0,18.0,2.0,2.0,3.0,158.12,True,False,False,False,False,False,False,True,False,False,False,False,True,False,True,False
51749,0,14.0,3,6.0,2.0,1,5,2,0,16.0,1.0,1.0,7.0,183.92,True,False,False,False,False,False,True,False,True,False,False,False,False,False,True,False
52901,1,1.0,3,11.0,3.0,6,2,3,0,12.0,8.0,10.0,3.0,229.0,True,False,False,False,True,False,False,False,True,False,False,False,False,False,False,False
52966,0,11.0,1,7.0,1.0,4,2,4,1,19.0,1.0,2.0,3.0,261.03,False,False,False,False,True,False,False,False,False,False,False,False,False,False,True,False
52162,0,12.0,1,15.0,3.0,3,4,10,0,15.0,1.0,1.0,3.0,167.82,False,False,False,False,False,True,False,False,True,False,True,False,False,False,False,True
52978,0,12.0,1,30.0,3.0,4,2,11,0,15.0,1.0,2.0,3.0,182.45,True,False,False,False,False,True,False,False,True,False,True,False,False,False,True,False
50033,0,30.0,1,15.0,3.0,4,4,5,1,20.0,1.0,1.0,0.0,133.46,False,True,False,False,False,False,False,False,False,False,False,True,False,False,False,False
51995,0,26.0,1,29.0,3.0,3,1,7,0,18.0,3.0,2.0,8.0,242.75,True,False,False,False,False,True,False,False,False,True,False,False,False,False,False,True
51804,0,13.0,3,34.0,2.0,5,5,4,0,15.0,0.0,1.0,3.0,209.32,False,False,False,False,False,False,False,True,True,False,False,False,False,False,True,False
52658,1,0.0,2,24.0,3.0,1,5,1,0,17.0,1.0,1.0,0.0,129.56,False,True,False,False,False,False,False,True,True,False,False,True,False,False,True,False
53037,0,15.0,1,13.0,4.0,5,4,8,1,16.0,2.0,2.0,3.0,185.32,True,False,False,False,True,False,False,False,True,False,True,False,False,False,False,True
53272,0,4.0,1,7.0,3.0,6,3,5,0,22.0,2.0,2.0,3.0,163.33,True,False,False,False,False,True,False,False,True,False,False,False,True,False,False,False
55630,0,8.0,1,15.0,3.0,2,3,4,0,13.0,2.0,2.0,3.0,169.04,True,False,False,False,True,False,False,False,True,False,True,False,False,False,True,False
52881,0,26.0,1,7.0,4.0,5,3,2,0,15.0,2.0,12.0,10.0,324.99,True,False,False,False,False,True,False,False,True,False,False,False,False,True,False,False
55573,0,4.0,1,8.0,4.0,4,4,3,0,14.0,2.0,2.0,8.0,162.48,True,False,False,False,True,False,False,False,True,False,False,False,True,False,True,False
52461,0,7.0,1,13.0,3.0,3,1,2,0,13.0,0.0,1.0,0.0,129.72,False,True,False,False,False,False,False,False,True,False,False,True,False,False,False,True
54815,0,13.0,2,9.0,3.0,5,1,10,0,12.0,2.0,2.0,5.0,177.04,True,False,False,False,False,True,False,False,False,False,True,False,False,False,True,False
51397,1,0.0,1,11.0,2.0,3,3,2,1,13.0,0.0,2.0,2.0,134.41,False,True,True,False,False,False,False,False,True,False,False,True,False,False,False,True
53837,0,8.0,1,17.0,3.0,2,1,3,0,14.0,6.0,8.0,3.0,172.24,False,False,False,False,False,True,False,False,True,False,True,False,False,False,True,False
50360,0,4.0,3,12.0,3.0,2,2,5,0,22.0,3.0,5.0,7.0,154.6,True,False,False,False,True,False,False,False,True,False,True,False,False,False,True,False
55589,0,6.0,3,8.0,4.0,5,4,2,0,15.0,3.0,3.0,3.0,147.69,False,True,False,False,True,False,False,False,True,False,False,False,True,False,True,False
52793,0,9.0,3,21.0,2.0,5,1,2,0,24.0,5.0,11.0,11.0,154.06,False,False,False,False,False,False,True,False,True,False,True,False,False,False,True,False
52215,0,19.0,1,21.0,2.0,3,4,6,0,11.0,1.0,1.0,3.0,290.81,True,False,False,False,False,True,False,False,True,False,False,False,False,True,True,False
50503,0,25.0,1,31.0,2.0,4,2,4,0,22.0,0.0,2.0,0.0,238.26,False,False,False,False,True,False,False,False,False,True,False,False,False,False,False,False
55356,0,23.0,1,8.0,3.0,4,3,6,0,15.0,1.0,2.0,1.0,278.79,True,False,False,False,False,True,False,False,True,True,False,False,False,False,False,True
51763,0,13.0,3,8.0,3.0,3,3,1,0,14.0,1.0,1.0,12.0,280.41,True,False,False,False,False,True,False,False,False,False,False,False,False,True,True,False
52926,0,17.0,3,23.0,4.0,4,2,7,1,23.0,1.0,2.0,10.0,285.64,True,False,False,False,False,False,True,False,False,True,False,False,False,False,False,False
54229,0,9.0,1,7.0,4.0,4,5,6,0,14.0,1.0,2.0,3.0,146.94,False,False,False,False,True,False,False,False,True,False,False,False,True,False,True,False
54726,0,1.0,1,17.0,4.0,2,3,3,0,19.0,1.0,2.0,3.0,160.05,True,False,False,False,True,False,False,False,True,False,False,False,True,False,False,True
50425,0,7.0,1,14.0,3.0,3,3,4,0,11.0,1.0,4.0,3.0,161.42,True,False,False,False,True,False,False,False,False,False,True,False,False,False,False,True
52535,0,6.0,3,8.0,3.0,3,1,2,0,14.0,1.0,1.0,4.0,155.05,True,False,False,False,True,False,False,False,True,False,True,False,False,False,True,False
50946,0,1.0,3,13.0,2.0,3,5,1,0,14.0,1.0,1.0,3.0,148.98,False,False,False,False,False,True,False,False,True,False,True,False,False,False,False,True
51994,0,10.0,3,27.0,3.0,3,1,6,0,15.0,1.0,1.0,0.0,129.73,False,False,False,False,False,False,False,False,False,False,False,True,False,False,True,False
53510,0,2.0,1,9.0,4.0,5,4,2,0,18.0,1.0,2.0,5.0,157.01,True,False,False,False,False,True,False,False,True,False,False,False,True,False,False,False
52047,0,26.0,3,8.0,2.0,3,3,7,0,13.0,11.0,2.0,2.0,248.51999999999998,True,False,False,False,True,False,False,False,True,True,False,False,False,False,True,False
54719,0,6.0,1,31.0,4.0,4,1,3,0,16.0,2.0,5.0,8.0,178.09,False,False,False,False,False,True,False,False,True,False,True,False,False,False,True,False
50212,1,9.0,1,14.0,3.0,5,5,2,1,11.0,1.0,1.0,7.0,121.19,False,True,False,False,False,False,False,True,True,False,False,True,False,False,False,False
53793,0,10.0,3,9.0,4.0,4,1,5,1,22.0,1.0,2.0,3.0,151.44,True,False,False,False,False,True,False,False,True,False,False,False,True,False,False,True
50864,0,14.0,1,28.0,3.0,3,2,4,1,14.0,0.0,3.0,3.0,154.67,False,False,False,False,False,True,False,False,False,False,True,False,False,False,True,False
51687,0,11.0,1,21.0,3.0,4,1,1,1,14.0,2.0,2.0,3.0,215.10000000000002,True,False,False,False,False,True,False,False,True,False,False,False,False,False,True,False
52627,1,0.0,3,33.0,2.0,3,1,2,1,18.0,3.0,7.0,7.0,158.13,True,False,False,False,False,True,False,False,True,False,True,False,False,False,False,True
55609,0,15.0,3,10.0,3.0,5,4,4,0,12.0,2.0,2.0,3.0,214.38,True,False,False,False,False,True,False,False,True,False,True,False,False,False,True,False
50061,0,6.0,1,20.0,3.0,3,4,2,0,13.0,0.0,1.0,6.0,127.56,False,True,False,False,False,False,False,False,False,False,False,True,False,False,False,False
52524,0,0.0,3,8.0,3.0,3,3,2,0,19.0,0.0,2.0,2.0,127.83000000000001,False,True,False,False,False,False,False,False,False,False,False,True,False,False,False,True
50441,0,0.0,1,16.0,3.0,2,3,2,0,18.0,1.0,1.0,2.0,135.05,False,True,False,False,True,False,False,False,True,False,False,True,False,False,False,True
54466,0,10.0,1,31.0,3.0,4,4,9,0,16.0,2.0,2.0,9.0,181.74,False,False,False,False,False,True,False,False,False,False,True,False,False,False,True,False
54566,1,1.0,1,10.0,4.0,4,5,7,0,14.0,2.0,2.0,3.0,165.31,True,False,False,False,True,False,False,False,True,False,False,False,True,False,True,False
50998,0,2.0,1,9.0,2.0,3,5,2,1,18.0,0.0,1.0,5.0,147.23,False,True,False,False,True,False,False,False,True,False,False,False,True,False,False,True
55565,0,16.0,1,30.0,3.0,5,3,3,0,13.0,4.0,4.0,8.0,168.32,False,False,False,False,False,True,False,False,True,False,True,False,False,False,False,True
52912,0,7.0,1,11.0,3.0,5,4,8,0,22.0,1.0,2.0,2.0,151.22,True,False,False,False,True,False,False,False,False,False,False,False,True,False,False,False
51424,0,10.0,1,13.0,1.0,3,3,5,0,13.0,0.0,2.0,2.0,236.64,True,False,False,False,True,False,False,False,True,False,False,False,False,False,False,True
52462,0,28.0,3,32.0,2.0,4,1,2,0,15.0,0.0,2.0,13.0,295.86,True,False,False,False,False,False,True,False,True,False,False,False,False,True,True,False
54359,0,12.0,1,9.0,3.0,4,3,11,0,15.0,2.0,2.0,1.0,190.53,True,False,False,False,False,True,False,False,True,False,True,False,False,False,True,False
51370,1,0.0,1,12.0,3.0,3,5,3,0,11.0,0.0,1.0,3.0,129.6,False,True,False,False,False,False,False,False,True,False,False,True,False,False,False,True
50652,1,0.0,3,14.0,2.0,3,2,2,1,14.0,0.0,1.0,2.0,123.22999999999999,False,False,False,False,False,False,True,False,False,False,False,True,False,False,False,True
51601,0,0.0,1,6.0,3.0,3,3,1,0,12.0,1.0,1.0,2.0,148.98,False,True,False,False,False,True,False,False,False,False,True,False,False,False,True,False
51656,0,4.0,2,8.0,3.0,4,5,4,0,12.0,0.0,1.0,0.0,164.1,True,False,False,False,False,False,False,True,True,False,True,False,False,False,True,False
50517,0,5.0,3,11.0,2.0,3,4,2,0,14.0,2.0,5.0,3.0,165.24,False,False,False,False,False,True,False,False,True,False,True,False,False,False,False,False
55187,0,6.0,3,14.0,4.0,4,1,6,0,13.0,1.0,2.0,3.0,217.04,True,False,False,False,False,False,True,False,True,False,True,False,False,False,True,False
52585,0,4.0,1,30.0,1.0,3,1,3,0,20.0,0.0,1.0,4.0,152.38,False,False,True,False,False,False,False,False,False,False,True,False,False,False,False,True
51850,1,8.0,3,32.0,3.0,3,5,3,0,14.0,0.0,1.0,0.0,142.86,False,False,False,False,False,True,False,False,False,False,True,False,False,False,True,False
52113,0,10.0,1,9.0,2.0,3,4,4,0,15.0,1.0,1.0,1.0,141.07,False,True,False,False,False,False,False,True,False,False,True,False,False,False,False,True
51351,0,5.0,1,8.0,3.0,3,1,1,0,13.0,1.0,3.0,6.0,130.68,False,False,False,False,False,True,False,False,True,False,False,True,False,False,False,True
52286,1,2.0,1,29.0,3.0,3,5,1,0,13.0,0.0,1.0,3.0,139.04,False,True,False,False,True,False,False,False,True,False,False,False,True,False,False,True
54539,1,1.0,3,26.0,4.0,2,1,10,1,14.0,1.0,2.0,5.0,178.04,False,False,False,False,False,False,True,False,True,False,True,False,False,False,False,True
55145,0,2.0,3,33.0,3.0,5,5,3,0,12.0,2.0,2.0,5.0,172.24,True,False,False,False,False,True,False,False,True,False,True,False,False,False,True,False
50534,0,17.0,1,14.0,3.0,3,5,2,1,13.0,2.0,7.0,1.0,125.59,False,True,False,False,False,True,False,False,True,False,False,True,False,False,False,False
55310,0,1.0,1,26.0,4.0,5,5,3,0,12.0,1.0,2.0,8.0,165.66,True,False,False,False,False,False,False,True,True,False,False,False,True,False,True,False
50519,0,15.0,1,9.0,3.0,1,2,3,1,13.0,0.0,1.0,3.0,152.31,True,False,False,False,False,True,False,False,False,False,True,False,False,False,False,False
51371,0,26.0,1,11.0,2.0,3,3,5,0,11.0,1.0,4.0,8.0,290.94,True,False,False,False,False,False,False,True,False,False,False,False,False,True,True,False
55543,0,5.0,1,10.0,3.0,4,5,3,1,14.0,3.0,3.0,4.0,155.65,False,False,False,False,True,False,False,False,True,False,False,False,True,False,True,False
55365,1,12.0,3,14.0,4.0,4,3,4,1,12.0,2.0,8.0,8.0,151.55,False,False,False,False,True,False,False,False,False,False,False,False,True,False,True,False
55557,1,17.0,3,31.0,4.0,4,5,8,1,14.0,1.0,3.0,3.0,229.48,True,False,False,False,False,True,False,False,True,False,False,False,False,False,False,True
55214,0,31.0,1,8.0,4.0,2,3,2,0,25.0,2.0,3.0,9.0,174.0,True,False,False,False,False,True,False,False,True,False,True,False,False,False,True,False
50016,1,9.0,2,12.0,3.0,3,5,5,1,22.0,1.0,1.0,2.0,120.72999999999999,False,True,False,False,False,False,False,True,True,False,False,True,False,False,True,False
54799,0,1.0,3,11.0,3.0,5,5,3,0,13.0,2.0,2.0,4.0,167.56,True,False,False,False,False,False,True,False,True,False,True,False,False,False,True,False
52773,0,13.0,1,14.0,2.0,3,1,9,0,19.0,1.0,1.0,0.0,124.06,False,True,False,False,False,True,False,False,True,False,False,True,False,False,True,False
51425,0,19.0,2,11.0,3.0,3,4,2,1,22.0,1.0,1.0,2.0,150.21,True,False,False,False,True,False,False,False,True,False,True,False,False,False,True,False
52314,0,9.0,3,13.0,2.0,1,5,3,0,16.0,5.0,6.0,13.0,146.39,False,False,False,False,False,False,True,False,False,False,True,False,False,False,True,False
52588,0,13.0,3,13.0,2.0,3,4,2,0,15.0,12.0,12.0,8.0,298.33,True,False,False,False,True,False,False,False,True,False,False,False,False,True,False,True
54997,1,1.0,3,30.0,3.0,5,5,3,0,14.0,2.0,4.0,11.0,198.36,True,False,False,False,False,True,False,False,False,False,False,False,False,False,True,False
54230,1,1.0,1,16.0,4.0,5,3,2,1,18.0,2.0,2.0,1.0,158.88,True,False,False,False,True,False,False,False,True,False,False,False,True,False,True,False
52702,0,14.0,3,14.0,2.0,3,4,6,0,21.0,0.0,1.0,4.0,143.93,False,True,False,False,False,False,True,False,False,False,True,False,False,False,True,False
54437,0,9.0,1,29.0,4.0,2,4,9,0,19.0,6.0,2.0,3.0,244.95999999999998,True,False,False,False,False,True,False,False,False,False,False,False,False,False,True,False
53757,0,7.0,1,11.0,3.0,5,4,10,0,12.0,1.0,2.0,3.0,163.38,True,False,False,False,True,False,False,False,False,False,False,False,True,False,False,False
54991,0,15.0,1,19.0,3.0,4,1,5,1,12.0,2.0,2.0,1.0,172.66,True,False,False,False,False,True,False,False,True,False,False,False,True,False,True,False
55610,0,6.0,1,9.0,4.0,4,5,3,0,15.0,1.0,2.0,3.0,149.39,False,True,True,False,False,False,False,False,True,False,False,False,True,False,False,True
54133,1,1.0,1,7.0,3.0,4,1,11,1,15.0,3.0,3.0,3.0,172.87,True,False,False,False,True,False,False,False,True,False,False,False,True,False,True,False
55201,0,14.0,1,15.0,3.0,5,4,4,0,12.0,1.0,5.0,9.0,262.57,False,False,False,False,True,False,False,False,True,False,False,False,False,False,True,False
54670,0,7.0,1,13.0,2.0,4,1,5,0,24.0,4.0,5.0,8.0,202.25,False,False,False,False,False,True,False,False,True,False,True,False,False,False,True,False
51366,0,0.0,1,17.0,3.0,1,3,1,0,18.0,0.0,1.0,3.0,140.11,False,False,False,False,False,False,False,True,False,False,True,False,False,False,True,False
52049,0,11.0,3,16.0,2.0,3,1,2,1,13.0,1.0,1.0,3.0,156.66,False,False,True,False,False,False,False,False,False,False,True,False,False,False,False,True
50928,0,9.0,1,13.0,3.0,3,3,2,0,13.0,0.0,1.0,0.0,112.74000000000001,False,False,False,True,False,False,False,False,True,False,False,False,True,False,True,False
50433,0,8.0,1,8.0,3.0,3,5,3,0,11.0,0.0,1.0,0.0,150.93,False,False,False,False,False,True,False,False,False,False,True,False,False,False,True,False
55246,1,1.0,1,10.0,3.0,4,3,3,0,13.0,3.0,8.0,8.0,165.84,False,False,False,False,False,True,False,False,False,False,False,False,True,False,False,True
53583,1,1.0,1,17.0,4.0,5,4,3,1,26.0,2.0,2.0,1.0,143.59,False,False,False,False,True,False,False,False,False,False,False,False,True,False,False,True
50208,0,27.0,1,26.0,2.0,3,3,4,0,12.0,1.0,1.0,3.0,148.69,False,False,False,False,False,True,False,False,False,False,True,False,False,False,False,True
50917,0,1.0,3,11.0,2.0,3,5,1,0,18.0,1.0,1.0,3.0,184.63,True,False,False,False,True,False,False,False,True,False,True,False,False,False,False,True
51061,0,16.0,1,21.0,3.0,4,3,2,0,24.0,1.0,6.0,11.0,276.03,True,False,False,False,False,True,False,False,True,True,False,False,False,False,True,False
53730,1,1.0,2,16.0,3.0,4,3,3,0,16.0,2.0,3.0,3.0,152.42,True,False,True,False,False,False,False,False,False,False,False,False,True,False,False,False
54162,0,23.0,1,15.0,4.0,5,4,3,0,24.0,1.0,2.0,8.0,176.3,False,False,False,False,False,True,False,False,True,False,True,False,False,False,True,False
51549,0,13.0,1,25.0,3.0,3,1,9,1,15.0,3.0,3.0,7.0,127.41,False,True,False,False,False,False,False,False,True,False,True,False,False,False,True,False
54965,0,22.0,1,7.0,3.0,2,1,4,0,15.0,1.0,3.0,2.0,293.85,False,False,False,False,True,False,False,False,True,True,False,False,False,False,False,True
50696,0,8.0,3,17.0,2.0,3,2,2,0,11.0,0.0,1.0,2.0,149.68,False,False,False,False,False,False,True,False,True,False,True,False,False,False,True,False
55236,0,6.0,1,17.0,4.0,4,1,4,0,26.0,1.0,2.0,1.0,237.44,True,False,False,False,True,False,False,False,True,False,False,False,False,False,False,True
55023,0,18.0,1,24.0,4.0,6,3,4,0,14.0,2.0,2.0,1.0,147.9,False,False,False,False,False,True,False,False,True,False,False,False,True,False,False,True
51132,0,11.0,1,14.0,3.0,4,4,5,0,14.0,0.0,1.0,5.0,124.68,False,False,False,False,False,False,False,False,False,False,False,True,False,False,True,False
54646,0,1.0,1,13.0,4.0,5,3,2,0,13.0,1.0,2.0,4.0,146.87,False,True,False,False,True,False,False,False,False,False,False,False,True,False,True,False
52441,0,6.0,1,34.0,3.0,3,3,2,1,12.0,4.0,5.0,7.0,152.07,True,False,False,False,False,True,False,False,True,False,True,False,False,False,True,False
54742,0,4.0,1,7.0,3.0,6,3,5,0,22.0,2.0,2.0,3.0,163.33,True,False,False,False,False,True,False,False,True,False,False,False,True,False,True,False
53118,0,31.0,3,35.0,4.0,5,5,6,0,20.0,14.0,14.0,3.0,227.66,False,False,False,False,False,False,True,False,False,False,False,False,False,False,False,False
50226,0,15.0,2,8.0,3.0,3,3,1,1,11.0,1.0,1.0,0.0,126.96000000000001,False,True,True,False,False,False,False,False,True,False,False,True,False,False,True,False
50330,0,2.0,1,25.0,2.0,3,2,5,0,12.0,0.0,1.0,2.0,142.62,False,True,True,False,False,False,False,False,True,False,True,False,False,False,True,False
51771,0,23.0,1,35.0,2.0,4,3,1,0,15.0,1.0,15.0,7.0,270.46,True,False,False,False,False,True,False,False,True,True,False,False,False,False,True,False
50347,0,11.0,1,16.0,3.0,3,3,4,0,19.0,1.0,1.0,0.0,198.24,True,False,False,False,True,False,False,False,False,False,True,False,False,False,False,False
51729,0,9.0,1,17.0,2.0,3,4,2,0,13.0,1.0,1.0,2.0,122.44,False,True,False,False,False,False,False,False,False,False,False,True,False,False,True,False
53282,1,1.0,3,23.0,4.0,4,5,7,0,16.0,2.0,2.0,3.0,178.24,True,False,False,False,False,False,True,False,False,False,True,False,False,False,False,True
54903,0,24.0,1,16.0,4.0,4,1,6,0,19.0,2.0,2.0,1.0,148.8,False,True,False,False,False,True,False,False,True,False,False,False,True,False,True,False
53051,0,31.0,1,7.0,3.0,4,3,4,0,12.0,2.0,2.0,3.0,192.55,True,False,False,False,True,False,False,False,True,False,True,False,False,False,False,False
54431,0,29.0,1,7.0,3.0,4,5,2,1,15.0,4.0,5.0,14.0,315.45,True,False,False,False,True,False,False,False,True,False,False,False,False,True,False,True
53428,0,15.0,1,14.0,3.0,4,3,8,0,15.0,2.0,3.0,2.0,175.03,True,False,False,False,True,False,False,False,False,False,True,False,False,False,False,True
52972,0,16.0,3,7.0,3.0,4,3,3,0,26.0,5.0,12.0,7.0,174.07,True,False,False,False,False,True,False,False,True,False,True,False,False,False,False,False
54632,0,12.0,1,17.0,4.0,4,3,5,0,20.0,1.0,2.0,3.0,223.24,True,False,False,False,True,False,False,False,False,False,True,False,False,False,True,False
55037,0,1.0,3,28.0,3.0,2,1,3,0,18.0,3.0,3.0,3.0,151.78,True,False,False,False,False,False,True,False,True,False,False,False,True,False,False,True
53558,0,24.0,1,9.0,2.0,4,5,4,0,15.0,3.0,3.0,3.0,303.56,False,False,False,False,True,False,False,False,False,True,False,False,False,False,False,False
51711,0,19.0,1,13.0,1.0,3,3,3,0,14.0,1.0,1.0,0.0,152.58,False,False,False,False,True,False,False,False,False,False,True,False,False,False,True,False
51996,0,16.0,1,6.0,2.0,3,1,5,0,13.0,1.0,2.0,2.0,155.62,False,False,False,False,False,True,False,False,False,False,True,False,False,False,True,False
53155,0,11.0,1,7.0,3.0,4,2,6,0,18.0,2.0,2.0,3.0,199.91,True,False,False,True,False,False,False,False,False,False,False,False,False,False,False,True
50450,0,7.0,1,6.0,3.0,1,2,3,0,16.0,0.0,1.0,3.0,132.8,False,True,False,False,False,True,False,False,False,False,False,True,False,False,False,True
50728,0,2.0,1,12.0,3.0,3,2,2,0,13.0,0.0,1.0,8.0,131.31,False,True,False,False,False,False,False,False,False,False,False,True,False,False,False,False
55567,0,28.0,1,17.0,4.0,4,5,8,1,20.0,1.0,2.0,5.0,169.4,True,False,False,False,True,False,False,False,False,False,True,False,False,False,False,True
53873,0,10.0,1,7.0,3.0,5,3,2,0,16.0,2.0,2.0,3.0,168.74,False,False,False,False,True,False,False,False,False,False,True,False,False,False,True,False
55422,0,12.0,1,25.0,3.0,6,1,5,1,17.0,1.0,2.0,1.0,183.11,True,False,False,False,True,False,False,False,True,False,True,False,False,False,True,False
55058,0,31.0,3,10.0,3.0,5,1,7,0,18.0,1.0,2.0,6.0,176.71,True,False,False,False,False,True,False,False,False,False,True,False,False,False,False,True
53180,0,17.0,1,13.0,3.0,5,2,6,1,15.0,1.0,2.0,1.0,291.27,True,False,False,False,False,False,False,True,True,True,False,False,False,False,True,False
55596,0,18.0,1,8.0,3.0,4,1,8,1,13.0,2.0,2.0,3.0,149.36,False,True,False,False,True,False,False,False,True,False,False,False,True,False,False,True
53047,0,16.0,1,9.0,4.0,5,2,5,0,24.0,1.0,2.0,1.0,192.81,True,False,False,False,False,False,False,True,True,False,True,False,False,False,False,True
50856,1,0.0,3,8.0,3.0,4,2,8,0,14.0,0.0,1.0,0.0,127.85,False,False,False,False,False,True,False,False,False,False,False,True,False,False,False,True
52577,0,19.0,1,19.0,2.0,3,4,7,0,14.0,1.0,1.0,9.0,155.62,True,False,False,False,False,True,False,False,True,False,True,False,False,False,False,True
53885,0,21.0,3,9.0,3.0,2,4,8,0,15.0,1.0,2.0,3.0,284.72,True,False,False,False,False,True,False,False,False,True,False,False,False,False,True,False
55590,0,13.0,1,31.0,3.0,4,1,9,0,14.0,1.0,2.0,8.0,166.08,True,False,False,False,False,True,False,False,True,False,True,False,False,False,False,True
50164,1,0.0,1,14.0,2.0,3,4,3,1,13.0,1.0,1.0,2.0,123.72999999999999,False,True,False,False,False,False,False,False,True,False,False,True,False,False,True,False
50783,0,17.0,3,11.0,2.0,3,4,8,0,11.0,1.0,3.0,10.0,282.13,True,False,False,False,False,False,True,False,True,False,False,False,False,True,False,False
52975,0,1.0,1,18.0,3.0,4,5,3,1,14.0,3.0,4.0,4.0,172.41,False,False,False,False,True,False,False,False,True,False,True,False,False,False,False,False
54178,0,1.0,1,23.0,4.0,2,1,3,1,14.0,1.0,2.0,1.0,154.35,False,False,False,False,True,False,False,False,True,False,False,False,True,False,True,False
52719,0,9.0,1,14.0,2.0,4,4,2,1,16.0,1.0,1.0,7.0,121.33000000000001,False,False,False,False,False,False,False,False,False,False,True,False,False,False,True,False
55620,0,3.0,1,20.0,3.0,5,4,6,1,14.0,1.0,2.0,4.0,165.25,True,False,False,False,False,False,False,True,True,False,True,False,False,False,True,False
51935,1,0.0,1,14.0,2.0,4,5,2,1,11.0,0.0,1.0,0.0,123.19,False,True,False,False,False,True,False,False,False,False,False,True,False,False,True,False
55443,0,7.0,1,15.0,3.0,2,5,8,0,20.0,4.0,8.0,7.0,156.43,True,False,False,False,False,True,False,False,True,False,False,False,True,False,True,False
51189,1,0.0,2,14.0,2.0,4,5,5,1,15.0,1.0,2.0,0.0,123.35,False,True,False,False,False,False,False,True,True,False,False,True,False,False,True,False
53677,0,13.0,3,28.0,3.0,5,2,5,1,13.0,1.0,2.0,5.0,186.2,True,False,False,False,False,True,False,False,True,False,True,False,False,False,False,False
55370,0,31.0,1,8.0,4.0,6,1,5,0,21.0,2.0,2.0,1.0,233.82999999999998,True,False,False,False,True,False,False,False,True,False,False,False,False,False,True,False
50190,0,12.0,1,16.0,2.0,3,5,2,1,14.0,1.0,11.0,10.0,270.68,True,False,False,False,True,False,False,False,True,True,False,False,False,False,False,False
51766,0,2.0,1,9.0,3.0,4,3,2,0,18.0,0.0,1.0,3.0,219.35000000000002,True,False,False,False,True,False,False,False,True,False,False,False,False,False,True,False
53231,1,1.0,1,7.0,4.0,6,4,9,1,14.0,2.0,4.0,8.0,147.16,False,True,False,False,False,True,False,False,False,False,False,False,True,False,False,True
54855,0,7.0,1,7.0,3.0,5,1,2,0,15.0,2.0,2.0,5.0,194.49,True,False,False,False,False,True,False,False,False,False,True,False,False,False,False,True
55313,0,1.0,1,12.0,4.0,4,1,3,0,19.0,1.0,3.0,3.0,156.17,True,False,False,False,True,False,False,False,True,False,False,False,True,False,False,True
53197,0,11.0,1,10.0,3.0,4,3,3,0,16.0,7.0,8.0,3.0,219.34,True,False,False,False,False,False,False,True,True,False,False,False,False,False,False,False
55493,1,1.0,1,31.0,4.0,5,1,3,1,25.0,2.0,2.0,1.0,149.39,False,False,False,False,False,True,False,False,True,False,False,False,True,False,False,True
54085,0,6.0,1,12.0,3.0,5,1,10,0,25.0,1.0,2.0,3.0,221.79,True,False,False,False,False,True,False,False,True,False,True,False,False,False,False,True
51801,0,6.0,1,6.0,3.0,1,3,5,0,19.0,1.0,1.0,5.0,261.84,True,False,False,False,True,False,False,False,False,True,False,False,False,False,True,False
51402,0,8.0,3,5.0,3.0,3,5,2,0,22.0,0.0,1.0,8.0,190.69,False,False,False,False,False,True,False,False,True,False,False,False,False,False,True,False
52311,0,0.0,1,25.0,3.0,3,1,4,0,11.0,0.0,1.0,2.0,136.69,False,True,False,False,True,False,False,False,True,False,False,False,True,False,True,False
54226,0,29.0,1,15.0,3.0,4,3,4,1,15.0,1.0,2.0,3.0,272.56,True,False,False,False,True,False,False,False,False,True,False,False,False,False,True,False
52377,1,9.0,3,15.0,2.0,3,1,5,0,11.0,4.0,4.0,3.0,200.96,True,False,False,False,False,False,True,False,True,False,False,False,False,False,True,False
55269,0,9.0,1,8.0,4.0,5,5,3,0,20.0,2.0,2.0,3.0,149.5,False,True,False,False,True,False,False,False,True,False,False,False,True,False,False,True
50743,0,23.0,1,8.0,1.0,3,5,3,0,22.0,1.0,2.0,2.0,278.56,False,False,False,False,True,False,False,False,False,True,False,False,False,False,False,False
54102,0,1.0,2,9.0,3.0,4,4,6,0,15.0,1.0,2.0,3.0,146.87,False,True,False,False,False,False,False,True,False,False,False,False,True,False,True,False
50351,0,0.0,3,34.0,3.0,3,4,2,0,20.0,1.0,1.0,4.0,162.72,True,False,False,False,False,False,True,False,True,False,True,False,False,False,False,False
54753,0,21.0,1,9.0,3.0,4,1,3,1,15.0,4.0,4.0,1.0,292.52,True,False,False,False,False,False,False,True,False,True,False,False,False,False,True,False
54282,0,7.0,3,29.0,4.0,4,4,2,0,14.0,1.0,2.0,8.0,186.46,False,False,False,False,False,False,True,False,True,False,True,False,False,False,True,False
51226,0,0.0,3,8.0,2.0,1,3,1,0,14.0,0.0,1.0,7.0,165.0,True,False,False,False,True,False,False,False,False,False,True,False,False,False,False,True
50573,0,9.0,3,26.0,2.0,3,2,2,0,15.0,0.0,1.0,2.0,121.57,False,False,False,True,False,False,False,False,False,False,False,True,False,False,False,False
51657,0,18.0,1,13.0,3.0,3,5,2,0,18.0,2.0,9.0,11.0,152.1,False,False,False,False,False,True,False,False,True,False,False,False,False,False,True,False
52635,0,11.0,2,14.0,3.0,3,4,6,0,13.0,2.0,3.0,8.0,125.91999999999999,False,False,False,False,False,False,False,True,True,False,False,True,False,False,True,False
52454,0,8.0,1,14.0,3.0,4,5,2,0,19.0,1.0,1.0,2.0,124.5,False,True,False,False,False,False,False,False,True,False,False,True,False,False,False,True
51329,0,9.0,3,17.0,3.0,4,1,5,0,13.0,1.0,1.0,0.0,166.52,True,False,False,False,False,False,True,False,False,False,True,False,False,False,True,False
53652,0,9.0,1,11.0,3.0,4,3,3,1,12.0,2.0,2.0,2.0,167.49,False,False,False,False,False,True,False,False,True,False,True,False,False,False,False,True
54556,0,17.0,1,28.0,4.0,4,1,9,0,21.0,2.0,2.0,3.0,147.58,False,False,False,False,True,False,False,False,True,False,False,False,True,False,True,False
53315,0,27.0,3,14.0,4.0,5,2,9,1,19.0,1.0,2.0,5.0,234.33999999999997,True,False,False,False,False,False,True,False,False,False,False,False,False,False,False,False
55428,0,8.0,3,17.0,3.0,4,3,3,1,15.0,2.0,2.0,8.0,165.01,False,False,False,False,False,True,False,False,True,False,True,False,False,False,True,False
55536,1,1.0,1,12.0,3.0,2,3,5,1,15.0,1.0,2.0,4.0,149.32,False,False,False,False,False,True,False,False,False,False,False,False,True,False,False,True
50767,0,9.0,1,8.0,3.0,1,2,2,0,13.0,6.0,7.0,7.0,120.11000000000001,True,False,False,False,False,True,False,False,False,False,False,True,False,False,False,False
51255,1,0.0,2,28.0,3.0,4,4,2,0,12.0,1.0,1.0,0.0,128.63,False,False,False,False,False,False,False,True,False,False,False,True,False,False,True,False
50854,0,13.0,1,8.0,2.0,1,3,6,0,20.0,5.0,11.0,8.0,163.77,True,False,False,False,True,False,False,False,False,False,True,False,False,False,True,False
55528,0,1.0,1,9.0,3.0,4,4,3,0,12.0,1.0,2.0,3.0,147.26,False,True,True,False,False,False,False,False,True,False,False,False,True,False,True,False
53926,0,20.0,3,9.0,4.0,4,1,6,1,13.0,1.0,2.0,3.0,228.68,True,False,False,False,False,True,False,False,True,False,False,False,False,False,True,False
50019,1,0.0,1,13.0,3.0,5,3,2,1,24.0,1.0,1.0,6.0,160.74,False,False,False,False,False,True,False,False,True,False,True,False,False,False,False,True
50066,0,25.0,1,6.0,3.0,4,3,1,0,15.0,1.0,11.0,9.0,299.99,True,False,False,False,False,True,False,False,True,False,False,False,False,True,False,False
50667,1,0.0,3,10.0,2.0,3,5,1,1,22.0,3.0,4.0,7.0,195.82,True,False,False,True,False,False,False,False,True,False,False,False,False,False,False,True
50678,0,6.0,3,13.0,1.0,3,4,1,0,17.0,1.0,1.0,2.0,143.02,False,False,False,False,False,True,False,False,False,False,True,False,False,False,False,False
50185,0,4.0,1,11.0,2.0,3,2,1,1,12.0,0.0,1.0,3.0,148.21,False,True,True,False,False,False,False,False,True,False,False,False,True,False,False,False
51452,0,23.0,1,6.0,3.0,3,4,4,1,19.0,1.0,1.0,7.0,281.72,False,False,False,False,False,True,False,False,False,False,False,False,False,True,True,False
52436,0,2.0,1,14.0,2.0,5,5,4,0,13.0,1.0,1.0,7.0,197.15,True,False,False,False,False,False,False,True,False,False,True,False,False,False,True,False
55095,0,1.0,1,8.0,3.0,4,4,3,0,19.0,2.0,3.0,2.0,145.96,False,True,False,False,True,False,False,False,False,False,False,False,True,False,False,True
51531,0,6.0,1,20.0,3.0,3,4,2,0,13.0,1.0,1.0,6.0,127.56,False,True,False,False,False,False,False,False,False,False,False,True,False,False,True,False
55096,0,6.0,3,15.0,3.0,2,1,3,0,16.0,1.0,2.0,9.0,187.09,True,False,False,False,True,False,False,False,True,False,True,False,False,False,True,False
51252,0,11.0,1,15.0,3.0,3,1,3,0,19.0,1.0,1.0,3.0,147.71,False,True,False,False,False,True,False,False,True,False,False,False,True,False,True,False
50010,1,9.0,1,31.0,2.0,5,3,2,0,12.0,1.0,1.0,1.0,122.93,False,True,False,False,False,True,False,False,True,False,False,True,False,False,False,True
51003,0,9.0,1,16.0,2.0,1,3,3,0,16.0,2.0,2.0,2.0,120.72999999999999,False,True,False,True,False,False,False,False,True,False,False,True,False,False,True,False
50857,1,0.0,3,24.0,3.0,3,3,1,1,18.0,3.0,3.0,2.0,146.14,False,False,False,False,False,False,True,False,False,False,True,False,False,False,False,False
50255,0,28.0,1,8.0,3.0,3,2,3,1,13.0,1.0,1.0,2.0,266.59,True,False,False,False,False,True,False,False,False,True,False,False,False,False,False,True
52889,0,12.0,1,9.0,3.0,4,3,11,0,15.0,1.0,2.0,1.0,190.53,True,False,False,False,False,True,False,False,True,False,True,False,False,False,False,False
53044,0,11.0,1,13.0,3.0,3,5,6,1,14.0,3.0,7.0,8.0,184.74,True,False,False,False,True,False,False,False,True,False,True,False,False,False,True,False
52365,0,9.0,3,22.0,3.0,4,5,5,0,13.0,1.0,1.0,2.0,156.47,True,False,False,False,False,False,True,False,False,False,True,False,False,False,True,False
54745,0,16.0,1,15.0,4.0,4,1,3,0,15.0,6.0,15.0,10.0,309.3,False,False,False,False,False,True,False,False,True,False,False,False,False,True,True,False
54900,0,1.0,1,9.0,3.0,4,1,2,0,19.0,3.0,3.0,3.0,167.27,True,False,False,False,False,True,False,False,False,False,True,False,False,False,True,False
54097,0,28.0,1,17.0,4.0,4,5,8,1,20.0,1.0,2.0,5.0,169.4,True,False,False,False,True,False,False,False,False,False,True,False,False,False,False,True
50170,0,10.0,1,14.0,2.0,3,2,2,1,12.0,0.0,1.0,2.0,123.25999999999999,False,False,False,False,False,False,False,False,True,False,False,True,False,False,False,False
50139,0,19.0,3,8.0,3.0,5,4,4,1,12.0,1.0,7.0,7.0,268.72,True,False,False,True,False,False,False,False,False,True,False,False,False,False,False,False
50254,1,0.0,3,25.0,3.0,2,2,9,1,13.0,1.0,1.0,4.0,153.04,False,False,False,False,False,False,True,False,True,False,True,False,False,False,False,True
54002,0,1.0,1,21.0,3.0,4,3,3,0,17.0,2.0,2.0,1.0,140.14,False,False,False,False,True,False,False,False,False,False,False,False,True,False,False,True
54845,0,14.0,3,17.0,4.0,5,4,4,0,13.0,1.0,2.0,3.0,222.05,True,False,False,False,False,False,True,False,True,False,False,False,False,False,True,False
54477,0,23.0,1,7.0,3.0,5,3,9,1,13.0,1.0,2.0,8.0,264.64,True,False,False,True,False,False,False,False,False,True,False,False,False,False,False,True
50153,0,11.0,3,13.0,2.0,2,5,2,1,24.0,0.0,7.0,7.0,156.05,True,False,False,False,True,False,False,False,False,False,True,False,False,False,True,False
50380,1,8.0,3,32.0,3.0,3,5,3,0,14.0,0.0,1.0,0.0,142.86,False,False,False,False,False,True,False,False,False,False,True,False,False,False,False,False
53633,0,10.0,1,17.0,4.0,4,3,5,0,13.0,1.0,2.0,8.0,195.94,True,False,False,True,False,False,False,False,False,False,False,False,False,False,False,False
54416,0,1.0,1,7.0,4.0,4,3,2,0,13.0,2.0,2.0,3.0,173.98,True,False,False,False,False,True,False,False,False,False,True,False,False,False,True,False
51141,0,6.0,1,10.0,3.0,3,4,6,0,15.0,0.0,1.0,7.0,130.55,False,False,True,False,False,False,False,False,True,False,True,False,False,False,True,False
53148,1,1.0,3,12.0,4.0,4,4,3,1,15.0,2.0,2.0,1.0,143.78,False,False,False,False,False,False,True,False,True,False,False,False,True,False,False,True
53944,0,7.0,3,9.0,4.0,4,4,10,0,16.0,1.0,2.0,8.0,176.47,False,False,False,False,False,False,True,False,False,False,True,False,False,False,False,True
51683,0,2.0,1,15.0,1.0,4,1,1,0,17.0,1.0,2.0,2.0,139.83,False,True,False,False,False,False,False,True,True,False,False,False,True,False,False,True
55440,1,8.0,1,8.0,4.0,4,4,3,1,13.0,3.0,3.0,4.0,148.42,False,False,False,False,True,False,False,False,True,False,False,False,True,False,True,False
52451,0,6.0,3,14.0,2.0,3,5,3,0,13.0,2.0,2.0,2.0,163.92,True,False,False,False,False,True,False,False,True,False,True,False,False,False,True,False
54831,0,1.0,1,11.0,4.0,4,3,3,0,20.0,1.0,2.0,1.0,148.18,False,True,False,False,False,True,False,False,False,False,False,False,True,False,False,True
55442,1,1.0,3,34.0,3.0,4,1,3,1,19.0,4.0,8.0,8.0,183.13,True,False,False,False,False,True,False,False,True,False,True,False,False,False,False,True
50529,0,23.0,1,8.0,3.0,3,5,2,0,11.0,1.0,14.0,7.0,279.24,False,False,False,False,False,True,False,False,True,True,False,False,False,False,True,False
52807,1,13.0,3,34.0,2.0,4,5,5,1,13.0,2.0,2.0,0.0,208.54000000000002,True,False,False,False,False,False,True,False,True,False,False,False,False,False,True,False
55529,0,8.0,1,29.0,3.0,5,1,3,1,16.0,4.0,7.0,12.0,182.47,False,False,False,False,False,False,False,True,True,False,True,False,False,False,True,False
52044,0,8.0,3,24.0,2.0,3,3,2,0,16.0,1.0,1.0,0.0,146.01,False,True,False,False,True,False,False,False,False,False,True,False,False,False,True,False
50832,0,29.0,2,14.0,2.0,3,4,7,0,15.0,1.0,7.0,7.0,297.17,True,False,False,False,False,True,False,False,True,False,False,False,False,True,False,True
54005,0,19.0,3,9.0,4.0,4,3,6,0,23.0,4.0,6.0,8.0,176.54,False,False,False,False,False,True,False,False,False,False,True,False,False,False,True,False
52958,0,1.0,1,12.0,3.0,3,5,3,0,13.0,2.0,2.0,6.0,165.0,False,False,False,False,False,True,False,False,True,False,True,False,False,False,True,False
50776,0,9.0,1,9.0,2.0,3,4,2,0,12.0,1.0,1.0,7.0,136.92,False,False,True,False,False,False,False,False,True,False,False,False,True,False,False,False
52778,0,10.0,1,16.0,2.0,1,1,2,1,25.0,5.0,2.0,8.0,237.44,True,False,False,False,False,True,False,False,False,False,False,False,False,False,True,False
51800,0,2.0,1,25.0,2.0,3,1,5,0,12.0,1.0,1.0,2.0,142.62,False,True,True,False,False,False,False,False,True,False,True,False,False,False,True,False
50713,0,13.0,1,15.0,2.0,3,3,10,0,17.0,0.0,2.0,13.0,234.99,False,False,False,False,True,False,False,False,False,False,False,False,False,False,False,True
54598,0,4.0,3,14.0,3.0,4,4,2,0,15.0,1.0,2.0,3.0,154.83,True,False,False,False,False,False,True,False,True,False,False,False,True,False,False,True
53007,0,23.0,1,7.0,3.0,5,3,9,1,13.0,1.0,2.0,8.0,264.64,True,False,False,True,False,False,False,False,False,True,False,False,False,False,False,True
54761,0,6.0,1,11.0,4.0,5,3,3,0,13.0,6.0,7.0,9.0,186.62,True,False,False,False,False,True,False,False,False,False,True,False,False,False,True,False
55591,0,12.0,1,17.0,4.0,6,3,5,0,13.0,1.0,2.0,12.0,257.06,True,False,False,False,True,False,False,False,False,False,False,False,False,False,True,False
51589,0,13.0,1,30.0,3.0,3,1,2,0,17.0,2.0,4.0,7.0,133.19,False,True,True,False,False,False,False,False,True,False,True,False,False,False,True,False
53725,0,19.0,1,27.0,4.0,6,5,4,1,19.0,1.0,2.0,8.0,233.51,True,False,False,False,True,False,False,False,True,False,False,False,False,False,True,False
53763,0,3.0,1,9.0,4.0,4,4,2,0,14.0,1.0,2.0,3.0,156.8,False,False,False,False,False,True,False,False,False,False,False,False,True,False,False,False
51665,0,5.0,3,14.0,3.0,4,4,2,1,11.0,11.0,11.0,9.0,152.28,True,False,True,False,False,False,False,False,False,False,True,False,False,False,True,False
51710,0,10.0,1,16.0,3.0,3,5,7,0,20.0,1.0,1.0,3.0,134.52,False,True,False,False,False,False,False,False,False,False,False,True,False,False,True,False
52469,0,8.0,1,16.0,2.0,3,3,4,1,16.0,0.0,1.0,4.0,161.42,True,False,False,False,True,False,False,False,False,False,True,False,False,False,False,True
51303,0,13.0,1,14.0,2.0,3,1,9,0,19.0,0.0,1.0,0.0,124.06,False,True,False,False,False,True,False,False,True,False,False,True,False,False,True,False
53094,0,15.0,3,7.0,3.0,3,5,3,0,17.0,2.0,2.0,8.0,208.92,True,False,False,False,False,False,True,False,True,False,False,False,False,False,False,False
55411,0,3.0,1,8.0,4.0,2,3,10,1,13.0,2.0,2.0,3.0,187.94,False,False,False,False,False,True,False,False,True,False,True,False,False,False,False,True
54798,0,6.0,1,7.0,4.0,4,1,2,0,13.0,2.0,2.0,3.0,148.14,False,False,False,False,False,True,False,False,True,False,False,False,True,False,True,False
54979,0,5.0,3,27.0,4.0,2,1,2,0,13.0,3.0,3.0,3.0,152.91,False,False,False,False,False,True,False,False,True,False,False,False,True,False,True,False
50310,0,4.0,1,15.0,2.0,3,4,2,0,25.0,1.0,1.0,8.0,206.48000000000002,True,False,False,False,False,True,False,False,True,False,False,False,False,False,True,False
51634,1,0.0,1,14.0,2.0,3,4,3,1,13.0,1.0,1.0,2.0,123.72999999999999,False,True,False,False,False,False,False,False,True,False,False,True,False,False,True,False
51149,1,0.0,1,14.0,3.0,3,5,2,1,17.0,0.0,1.0,0.0,123.97999999999999,False,True,False,False,False,False,False,False,False,False,False,True,False,False,True,False
53378,0,10.0,1,9.0,4.0,4,3,6,0,22.0,3.0,4.0,10.0,150.19,True,False,False,False,True,False,False,False,True,False,False,False,True,False,False,True
51203,0,19.0,3,9.0,2.0,1,5,3,0,12.0,1.0,2.0,8.0,232.25,True,False,False,True,False,False,False,False,False,True,False,False,False,False,True,False
52088,0,23.0,1,14.0,3.0,3,1,5,0,18.0,1.0,1.0,0.0,123.80000000000001,False,True,False,False,False,True,False,False,True,False,False,True,False,False,True,False
54354,0,17.0,1,14.0,3.0,2,1,6,0,15.0,2.0,3.0,3.0,145.89,False,False,False,False,True,False,False,False,True,False,False,False,True,False,True,False
50804,1,7.0,1,21.0,3.0,3,2,2,0,11.0,0.0,1.0,5.0,179.78,True,False,False,False,True,False,False,False,False,False,False,False,False,False,False,False
54305,0,6.0,3,16.0,3.0,6,1,2,0,18.0,1.0,2.0,8.0,171.68,False,False,False,False,True,False,False,False,True,False,True,False,False,False,True,False
51879,0,13.0,3,11.0,2.0,4,5,6,1,21.0,0.0,1.0,12.0,204.75,False,False,False,False,False,True,False,False,True,False,False,False,False,False,True,False
54717,0,27.0,1,13.0,3.0,4,1,4,0,18.0,3.0,3.0,3.0,149.5,False,True,False,False,False,True,False,False,True,False,True,False,False,False,False,True
52482,1,0.0,1,14.0,2.0,3,4,2,1,17.0,0.0,1.0,0.0,124.08000000000001,False,True,False,False,False,False,False,False,True,False,False,True,False,False,True,False
54169,0,12.0,1,30.0,3.0,5,3,2,0,22.0,2.0,2.0,3.0,220.26,False,False,False,False,False,True,False,False,True,False,False,False,False,False,False,True
55149,0,15.0,1,29.0,4.0,4,1,5,1,15.0,3.0,4.0,4.0,179.67,False,False,False,False,False,True,False,False,False,False,True,False,False,False,True,False
53345,0,13.0,2,9.0,3.0,5,2,10,0,12.0,1.0,2.0,5.0,177.04,True,False,False,False,False,True,False,False,False,False,True,False,False,False,False,False
50542,1,0.0,1,9.0,2.0,3,3,1,1,19.0,1.0,1.0,2.0,141.71,False,True,False,False,False,True,False,False,False,False,True,False,False,False,False,False
53575,0,14.0,3,17.0,3.0,5,4,9,0,13.0,2.0,2.0,4.0,193.52,True,False,False,True,False,False,False,False,False,False,True,False,False,False,True,False
52951,0,6.0,1,14.0,4.0,3,4,3,0,21.0,1.0,2.0,4.0,152.94,False,False,False,False,False,True,False,False,True,False,False,False,True,False,False,False
53356,0,21.0,3,9.0,4.0,5,2,3,1,19.0,2.0,2.0,3.0,157.94,True,False,False,False,False,True,False,False,False,False,False,False,True,False,False,True
53441,0,18.0,3,35.0,3.0,2,2,5,1,19.0,2.0,2.0,12.0,258.2,True,False,False,False,True,False,False,False,False,True,False,False,False,False,False,False
51867,0,0.0,3,9.0,3.0,1,1,2,1,20.0,1.0,1.0,4.0,146.47,False,False,False,False,True,False,False,False,False,False,True,False,False,False,True,False
52543,0,0.0,3,15.0,3.0,3,5,2,0,11.0,0.0,1.0,2.0,127.28,False,True,False,False,False,True,False,False,True,False,False,True,False,False,False,True
53410,0,21.0,3,11.0,3.0,4,2,3,1,18.0,2.0,2.0,8.0,166.63,True,False,False,False,False,True,False,False,False,False,True,False,False,False,False,True
52051,0,12.0,3,8.0,2.0,1,3,1,0,18.0,0.0,1.0,7.0,178.8,True,False,False,False,False,True,False,False,True,False,False,False,False,False,False,True
52087,0,0.0,3,11.0,2.0,3,3,7,0,13.0,1.0,1.0,0.0,283.03,True,False,False,False,False,False,True,False,True,False,False,False,False,True,True,False
54421,0,6.0,1,14.0,4.0,2,4,3,0,21.0,1.0,2.0,4.0,152.94,False,False,False,False,False,True,False,False,True,False,False,False,True,False,True,False
54450,0,2.0,1,15.0,4.0,4,1,3,0,22.0,2.0,2.0,3.0,158.1,True,False,False,False,False,True,False,False,False,False,False,False,True,False,False,True
55117,0,30.0,2,15.0,4.0,4,4,8,0,15.0,3.0,8.0,8.0,322.17,True,False,False,False,False,True,False,False,True,False,False,False,False,True,False,True
54865,0,9.0,3,10.0,4.0,4,1,8,0,14.0,1.0,2.0,9.0,203.23,True,False,False,False,False,True,False,False,True,False,False,False,False,False,True,False
53567,0,1.0,3,28.0,3.0,2,2,3,0,18.0,1.0,3.0,3.0,151.78,True,False,False,False,False,False,True,False,True,False,False,False,True,False,False,True
51944,1,0.0,1,8.0,2.0,3,3,7,0,17.0,2.0,2.0,1.0,143.82,False,True,False,False,True,False,False,False,True,False,False,False,True,False,False,True
55571,0,14.0,3,9.0,4.0,4,4,5,0,15.0,2.0,6.0,11.0,181.77,True,False,False,False,False,False,True,False,False,False,True,False,False,False,True,False
52259,1,8.0,3,8.0,3.0,5,4,3,1,16.0,1.0,1.0,11.0,288.24,True,False,False,False,False,False,True,False,False,False,False,False,False,True,False,True
54534,0,1.0,1,7.0,3.0,4,4,3,0,12.0,1.0,2.0,5.0,163.16,True,False,False,False,True,False,False,False,True,False,False,False,True,False,True,False
55464,0,21.0,1,11.0,4.0,5,4,10,1,13.0,6.0,15.0,3.0,228.33,True,False,False,False,False,True,False,False,False,False,False,False,False,False,True,False
53775,0,8.0,3,7.0,4.0,5,3,3,1,15.0,8.0,9.0,7.0,195.83,True,False,False,True,False,False,False,False,True,False,False,False,False,False,False,False
53050,0,10.0,3,10.0,3.0,5,2,6,0,12.0,1.0,2.0,3.0,221.99,False,False,False,False,True,False,False,False,True,False,False,False,False,False,False,False
51825,1,0.0,1,13.0,3.0,3,3,2,1,16.0,0.0,1.0,2.0,128.86,False,False,False,False,False,True,False,False,False,False,False,True,False,False,True,False
55315,0,21.0,2,33.0,4.0,4,3,5,0,15.0,2.0,2.0,1.0,321.58,True,False,False,False,False,True,False,False,False,False,False,False,False,True,True,False
52623,0,19.0,1,8.0,2.0,3,1,8,1,15.0,2.0,2.0,2.0,293.28,True,False,False,False,True,False,False,False,True,False,False,False,False,True,True,False
55192,1,10.0,3,16.0,3.0,4,1,6,0,12.0,5.0,5.0,3.0,225.96,True,False,False,False,False,False,True,False,True,False,False,False,False,False,True,False
53966,0,25.0,1,10.0,3.0,4,3,4,0,12.0,3.0,2.0,3.0,256.16,True,False,False,True,False,False,False,False,False,False,False,False,False,False,True,False
55594,0,1.0,3,15.0,3.0,4,3,2,1,23.0,1.0,2.0,5.0,174.07,True,False,False,False,False,False,False,True,False,False,True,False,False,False,True,False
52122,1,0.0,3,14.0,2.0,3,1,2,1,14.0,1.0,1.0,2.0,123.22999999999999,False,False,False,False,False,False,True,False,False,False,False,True,False,False,False,True
52774,0,9.0,3,7.0,3.0,4,4,1,0,14.0,2.0,2.0,2.0,122.69,False,True,False,False,False,False,False,False,True,False,False,True,False,False,True,False
50668,1,0.0,1,35.0,2.0,4,3,2,0,22.0,3.0,3.0,8.0,145.08,False,False,False,False,True,False,False,False,False,False,True,False,False,False,False,True
51468,1,19.0,1,20.0,3.0,3,4,10,1,18.0,3.0,4.0,3.0,149.63,True,False,False,False,False,True,False,False,False,False,False,False,True,False,True,False
53264,1,1.0,3,15.0,3.0,5,5,8,0,18.0,2.0,2.0,3.0,178.26,True,False,True,False,False,False,False,False,True,False,True,False,False,False,False,True
55509,0,14.0,1,8.0,4.0,4,5,4,0,15.0,3.0,12.0,14.5,293.23,True,False,False,False,False,True,False,False,True,True,False,False,False,False,True,False
51320,1,19.0,1,14.0,3.0,3,3,9,0,11.0,6.0,9.0,8.0,123.38999999999999,False,True,True,False,False,False,False,False,True,False,False,True,False,False,True,False
54216,0,7.0,1,30.0,4.0,4,1,3,1,13.0,4.0,2.0,13.0,259.58,False,False,False,False,False,True,False,False,False,False,False,False,False,False,False,True
52687,0,4.0,1,26.0,2.0,3,3,2,0,11.0,0.0,1.0,2.0,141.97,False,True,False,False,False,True,False,False,True,False,True,False,False,False,True,False
50760,0,13.0,3,16.0,2.0,4,4,8,0,12.0,1.0,1.0,3.0,168.52,True,False,True,False,False,False,False,False,False,False,True,False,False,False,True,False
51822,0,9.0,1,23.0,3.0,4,4,2,0,21.0,1.0,1.0,0.0,121.27000000000001,False,True,False,False,False,False,False,True,True,False,False,True,False,False,True,False
50596,1,9.0,1,28.0,2.0,3,3,5,1,11.0,0.0,1.0,1.0,121.32,False,True,False,False,False,True,False,False,False,False,False,True,False,False,False,False
54518,1,1.0,3,7.0,4.0,5,4,3,1,12.0,2.0,2.0,3.0,146.74,False,False,True,False,False,False,False,False,False,False,False,False,True,False,False,True
54445,0,1.0,1,18.0,3.0,4,5,3,1,14.0,2.0,4.0,4.0,172.41,False,False,False,False,True,False,False,False,True,False,True,False,False,False,True,False
53554,0,7.0,2,9.0,3.0,4,3,3,0,14.0,1.0,2.0,5.0,161.0,True,False,False,False,False,False,False,True,True,False,False,False,True,False,False,False
54822,0,17.0,1,15.0,3.0,4,4,6,0,22.0,2.0,2.0,1.0,172.65,True,False,False,False,False,True,False,False,False,False,True,False,False,False,True,False
54116,0,7.0,1,22.0,4.0,4,1,2,1,14.0,6.0,9.0,2.0,37.0,True,False,False,False,True,False,False,False,False,False,True,False,False,False,True,False
51725,0,28.0,1,8.0,3.0,3,1,3,1,13.0,1.0,1.0,2.0,266.59,True,False,False,False,False,True,False,False,False,True,False,False,False,False,False,True
52552,0,0.0,1,14.0,3.0,3,1,2,0,20.0,0.0,5.0,7.0,125.69999999999999,False,False,False,False,False,False,False,False,True,False,False,True,False,False,False,True
55446,0,20.0,3,33.0,4.0,5,4,10,0,16.0,2.0,3.0,3.0,204.91,False,False,False,False,False,True,False,False,True,False,True,False,False,False,False,True
51000,0,12.0,3,12.0,2.0,1,3,3,0,11.0,4.0,7.0,6.0,182.37,True,False,False,False,True,False,False,False,True,False,False,False,False,False,True,False
52362,1,9.0,1,14.0,2.0,4,4,2,0,12.0,0.0,1.0,0.0,112.61000000000001,True,False,False,False,False,True,False,False,False,False,False,False,True,False,False,True
53726,0,5.0,2,15.0,4.0,2,4,11,0,19.0,1.0,2.0,3.0,146.09,False,True,False,False,True,False,False,False,False,False,False,False,True,False,False,True
51097,0,18.0,1,6.0,3.0,4,3,4,0,23.0,3.0,14.0,4.0,207.48000000000002,False,False,False,False,False,True,False,False,True,False,False,False,False,False,True,False
54669,0,9.0,1,13.0,3.0,6,1,3,0,14.0,1.0,12.0,9.0,191.46,True,False,False,False,False,True,False,False,True,False,True,False,False,False,False,True
54791,0,1.0,1,7.0,3.0,5,1,8,0,23.0,3.0,3.0,3.0,172.75,True,False,False,False,False,True,False,False,True,False,True,False,False,False,True,False
50429,0,13.0,1,14.0,2.0,4,2,1,1,20.0,2.0,2.0,3.0,123.41999999999999,False,True,False,False,False,False,False,False,False,False,False,True,False,False,False,True
53695,0,1.0,1,14.0,4.0,2,5,2,0,13.0,2.0,2.0,8.0,160.78,True,False,False,False,False,False,False,True,True,False,False,False,True,False,False,True
53898,0,29.0,1,29.0,4.0,5,4,7,0,13.0,2.0,2.0,3.0,160.37,True,False,True,False,False,False,False,False,True,False,False,False,True,False,True,False
54321,0,1.0,1,26.0,4.0,4,1,3,0,25.0,3.0,3.0,3.0,148.23,False,True,False,False,True,False,False,False,True,False,False,False,True,False,True,False
55178,0,1.0,1,18.0,4.0,4,5,2,0,15.0,2.0,2.0,5.0,145.99,False,True,False,False,False,True,False,False,True,False,False,False,True,False,True,False
52845,0,6.0,3,15.0,3.0,4,2,3,0,15.0,3.0,4.0,3.0,214.98,False,False,False,False,False,False,True,False,False,False,False,False,False,False,False,True
51442,0,0.0,3,9.0,2.0,3,3,1,0,21.0,0.0,1.0,2.0,149.99,True,False,False,False,False,False,False,True,False,False,True,False,False,False,True,False
53157,0,15.0,3,9.0,4.0,4,5,9,0,17.0,1.0,12.0,9.0,290.95,True,False,False,False,False,True,False,False,False,True,False,False,False,False,False,False
54050,0,8.0,3,10.0,4.0,5,1,5,1,13.0,1.0,2.0,2.0,206.03,True,False,False,False,True,False,False,False,False,False,True,False,False,False,True,False
53722,1,10.0,3,16.0,3.0,4,1,6,0,12.0,1.0,5.0,3.0,225.96,True,False,False,False,False,False,True,False,True,False,False,False,False,False,True,False
53313,0,6.0,3,20.0,4.0,4,2,4,0,12.0,1.0,2.0,4.0,169.03,True,False,False,False,False,True,False,False,True,False,True,False,False,False,True,False
51566,0,9.0,1,11.0,3.0,3,4,9,0,16.0,2.0,3.0,7.0,159.14,True,False,False,False,False,True,False,False,True,False,True,False,False,False,False,True
52012,1,0.0,1,9.0,2.0,3,3,1,1,19.0,1.0,1.0,2.0,141.71,False,True,False,False,False,True,False,False,False,False,True,False,False,False,True,False
54634,0,23.0,1,25.0,3.0,5,3,3,1,15.0,2.0,2.0,10.0,320.02,True,False,False,False,False,True,False,False,True,False,False,False,False,True,True,False
54047,0,15.0,3,15.0,3.0,4,4,7,0,22.0,2.0,2.0,5.0,168.93,True,False,False,False,False,False,True,False,False,False,True,False,False,False,True,False
53711,0,21.0,1,7.0,4.0,4,2,9,0,13.0,2.0,2.0,3.0,159.2,True,False,True,False,False,False,False,False,True,False,False,False,True,False,False,False
55230,0,2.0,1,8.0,4.0,5,3,3,0,15.0,1.0,2.0,1.0,140.63,False,True,False,False,False,True,False,False,True,False,False,False,True,False,True,False
53771,0,20.0,3,10.0,3.0,4,4,10,0,13.0,1.0,6.0,2.0,291.06,True,False,False,False,False,True,False,False,False,True,False,False,False,False,False,False
53082,0,14.0,1,9.0,4.0,5,3,8,0,23.0,2.0,2.0,1.0,159.48,True,False,False,False,True,False,False,False,False,False,True,False,False,False,False,False
54488,1,3.0,3,10.0,3.0,4,3,6,1,19.0,2.0,2.0,1.0,177.38,True,False,False,False,True,False,False,False,False,False,True,False,False,False,True,False
53650,0,14.0,1,9.0,4.0,4,2,3,0,14.0,4.0,9.0,9.0,171.61,True,False,False,False,False,True,False,False,True,False,True,False,False,False,False,True
51739,0,7.0,3,10.0,3.0,3,3,10,0,15.0,0.0,1.0,2.0,165.38,False,False,False,False,False,False,True,False,False,False,True,False,False,False,True,False
51235,0,7.0,3,9.0,3.0,4,1,4,1,12.0,0.0,1.0,1.0,181.03,True,False,False,False,True,False,False,False,False,False,True,False,False,False,True,False
50309,0,19.0,3,16.0,3.0,4,2,3,1,19.0,1.0,1.0,2.0,190.71,True,False,False,False,False,False,True,False,False,False,False,False,False,False,False,False
51922,0,0.0,3,14.0,2.0,3,1,1,0,19.0,1.0,1.0,1.0,143.42,False,False,False,False,False,False,True,False,True,False,True,False,False,False,True,False
50341,0,19.0,1,24.0,2.0,3,3,6,0,11.0,1.0,1.0,2.0,205.27,False,False,False,False,True,False,False,False,False,False,False,False,False,False,False,False
53904,1,1.0,3,14.0,3.0,4,1,3,1,22.0,2.0,2.0,3.0,147.75,False,True,False,False,False,True,False,False,True,False,False,False,True,False,True,False
54708,1,6.0,1,26.0,3.0,2,3,8,1,13.0,1.0,3.0,3.0,152.59,False,False,False,False,True,False,False,False,True,False,False,False,True,False,True,False
53060,0,5.0,1,16.0,3.0,5,4,2,1,17.0,2.0,3.0,3.0,151.57,True,False,False,False,False,True,False,False,True,False,False,False,True,False,False,True
52398,0,9.0,1,13.0,3.0,3,3,2,0,13.0,0.0,1.0,0.0,112.74000000000001,False,False,False,True,False,False,False,False,True,False,False,False,True,False,True,False
52921,0,26.0,1,9.0,3.0,5,2,9,0,16.0,1.0,3.0,3.0,157.12,True,False,False,False,False,True,False,False,False,False,False,False,True,False,False,True
50486,0,0.0,1,11.0,2.0,4,2,2,1,16.0,0.0,1.0,3.0,228.07999999999998,True,False,False,True,False,False,False,False,True,False,False,False,False,False,True,False
53824,0,17.0,1,34.0,3.0,2,4,7,0,13.0,2.0,2.0,3.0,173.76,True,False,True,False,False,False,False,False,True,False,False,False,True,False,True,False
50723,0,7.0,1,6.0,3.0,4,5,1,0,20.0,1.0,4.0,9.0,153.43,False,False,False,False,True,False,False,False,True,False,True,False,False,False,False,True
54616,0,7.0,1,7.0,4.0,2,3,6,0,20.0,1.0,2.0,6.0,286.84,True,False,False,False,True,False,False,False,False,True,False,False,False,False,True,False
53865,0,1.0,1,9.0,4.0,2,3,3,0,18.0,1.0,2.0,8.0,177.06,False,False,False,False,False,True,False,False,True,False,True,False,False,False,True,False
50366,0,11.0,1,14.0,2.0,3,5,4,0,17.0,1.0,1.0,0.0,126.19,False,True,False,False,False,True,False,False,False,False,False,True,False,False,False,True
51662,0,22.0,1,6.0,2.0,4,3,8,1,12.0,0.0,2.0,7.0,239.64,True,False,False,True,False,False,False,False,False,True,False,False,False,False,False,True
53839,0,13.0,1,17.0,4.0,4,5,4,0,14.0,5.0,8.0,8.0,178.77,True,False,False,False,True,False,False,False,True,False,True,False,False,False,True,False
51691,0,0.0,1,32.0,3.0,3,1,2,0,12.0,0.0,1.0,2.0,129.04,False,True,False,False,False,True,False,False,True,False,False,True,False,False,True,False
50703,0,4.0,1,12.0,3.0,4,3,2,1,14.0,1.0,1.0,2.0,127.03,False,False,False,False,False,True,False,False,True,False,False,True,False,False,True,False
52821,1,1.0,1,23.0,4.0,6,5,3,1,23.0,5.0,7.0,8.0,164.19,False,False,False,False,False,True,False,False,False,False,False,False,True,False,False,True
51098,1,9.0,2,28.0,2.0,5,3,2,0,11.0,0.0,1.0,0.0,115.55000000000001,True,False,False,False,False,False,False,True,True,False,False,False,True,False,True,False
54134,0,16.0,1,9.0,3.0,4,3,7,0,15.0,2.0,5.0,14.5,313.8,True,False,False,False,False,True,False,False,True,False,False,False,False,True,True,False
51722,0,24.0,3,20.0,2.0,3,1,5,0,11.0,1.0,1.0,7.0,149.36,False,True,False,False,False,True,False,False,False,False,True,False,False,False,True,False
54603,0,10.0,3,17.0,3.0,4,1,3,0,15.0,9.0,10.0,3.0,224.8,False,False,False,False,True,False,False,False,True,False,False,False,False,False,False,True
51823,0,23.0,2,9.0,3.0,3,4,2,0,11.0,1.0,10.0,7.0,282.0,False,False,False,False,True,False,False,False,True,False,False,False,False,True,True,False
53430,0,1.0,1,9.0,3.0,4,2,2,0,19.0,1.0,3.0,3.0,167.27,True,False,False,False,False,True,False,False,False,False,True,False,False,False,False,False
55286,0,3.0,1,9.0,3.0,4,1,3,0,20.0,2.0,2.0,3.0,213.53,False,False,False,False,False,True,False,False,True,False,True,False,False,False,True,False
52667,0,9.0,1,15.0,3.0,3,3,5,0,12.0,0.0,2.0,0.0,121.05000000000001,False,True,False,False,False,True,False,False,False,False,False,True,False,False,False,True
51948,0,3.0,1,8.0,2.0,4,1,6,1,24.0,1.0,1.0,0.0,168.77,True,False,False,False,True,False,False,False,False,False,True,False,False,False,False,True
54395,1,1.0,1,21.0,3.0,4,1,7,1,14.0,2.0,2.0,5.0,149.36,False,True,False,False,True,False,False,False,True,False,False,False,True,False,True,False
53814,0,9.0,1,17.0,3.0,4,3,5,1,17.0,2.0,2.0,5.0,186.42,True,False,False,False,True,False,False,False,False,False,True,False,False,False,False,True
51236,0,4.0,1,10.0,3.0,1,3,9,0,12.0,2.0,2.0,2.0,139.78,False,True,False,False,True,False,False,False,False,False,False,False,True,False,True,False
52655,0,0.0,3,16.0,2.0,3,1,2,0,13.0,1.0,1.0,2.0,146.84,False,True,False,False,True,False,False,False,True,False,True,False,False,False,False,True
51027,0,1.0,1,33.0,2.0,5,5,1,0,21.0,1.0,1.0,0.0,0.0,True,False,False,False,True,False,False,False,False,False,True,False,False,False,True,False
52130,0,11.0,1,23.0,3.0,4,3,1,0,18.0,1.0,1.0,9.0,188.23,True,False,False,False,False,True,False,False,False,False,False,False,False,False,True,False
53117,0,4.0,1,9.0,3.0,4,2,2,0,15.0,6.0,7.0,8.0,150.64,False,False,False,False,True,False,False,False,False,False,False,False,True,False,False,True
53210,0,3.0,1,7.0,4.0,6,2,3,0,19.0,3.0,3.0,9.0,152.2,False,False,False,False,False,True,False,False,True,False,False,False,True,False,True,False
50079,0,13.0,1,25.0,3.0,3,2,9,1,15.0,1.0,3.0,7.0,127.41,False,True,False,False,False,False,False,False,True,False,True,False,False,False,False,False
53360,1,3.0,1,13.0,4.0,4,5,9,1,22.0,2.0,3.0,3.0,149.04,False,True,False,False,True,False,False,False,True,False,False,False,True,False,False,False
54779,0,1.0,1,9.0,4.0,2,5,9,0,14.0,1.0,2.0,2.0,159.24,True,False,False,False,True,False,False,False,True,False,False,False,True,False,False,True
54858,0,3.0,3,27.0,3.0,4,1,3,0,16.0,1.0,2.0,3.0,146.57,False,False,True,False,False,False,False,False,False,False,False,False,True,False,True,False
54932,0,28.0,3,9.0,3.0,5,3,8,0,12.0,7.0,2.0,1.0,231.86,True,False,False,False,False,True,False,False,False,False,False,False,False,False,True,False
53598,0,18.0,3,12.0,3.0,4,4,9,0,15.0,2.0,4.0,11.0,307.13,True,False,False,False,False,False,True,False,True,False,False,False,False,True,False,False
51753,0,18.0,1,14.0,3.0,3,1,4,0,21.0,0.0,1.0,2.0,126.53999999999999,False,True,False,False,False,True,False,False,True,False,False,True,False,False,True,False
53665,0,1.0,3,9.0,3.0,6,2,5,0,21.0,2.0,2.0,1.0,175.71,False,False,False,False,False,True,False,False,True,False,True,False,False,False,False,True
55114,1,8.0,1,10.0,3.0,4,5,6,0,13.0,2.0,2.0,3.0,148.62,False,True,False,False,False,True,False,False,True,False,False,False,True,False,True,False
50203,1,2.0,3,9.0,2.0,3,3,5,1,18.0,1.0,1.0,0.0,152.38,True,False,False,False,True,False,False,False,False,False,True,False,False,False,False,False
55618,0,14.0,1,9.0,4.0,4,3,4,0,15.0,1.0,2.0,3.0,145.01,False,True,False,False,True,False,False,False,False,False,False,False,True,False,True,False
54760,0,10.0,2,20.0,3.0,4,4,6,0,14.0,2.0,2.0,5.0,146.43,False,True,False,False,False,False,False,True,True,False,False,False,True,False,True,False
51330,0,18.0,3,26.0,2.0,3,3,9,0,15.0,1.0,1.0,1.0,148.5,False,True,False,False,False,True,False,False,False,False,True,False,False,False,False,True
51197,0,9.0,1,15.0,3.0,3,3,5,0,12.0,1.0,2.0,0.0,121.05000000000001,False,True,False,False,False,True,False,False,False,False,False,True,False,False,False,True
52699,1,9.0,1,22.0,2.0,5,5,2,1,23.0,0.0,3.0,0.0,123.07,False,False,True,False,False,False,False,False,True,False,False,True,False,False,True,False
54800,0,23.0,1,7.0,3.0,4,5,4,0,17.0,1.0,2.0,3.0,160.8,True,False,True,False,False,False,False,False,False,False,False,False,True,False,True,False
51980,0,0.0,3,9.0,3.0,3,5,2,1,18.0,0.0,1.0,3.0,141.94,False,True,False,False,False,False,False,True,True,False,True,False,False,False,True,False
50458,0,13.0,1,8.0,2.0,1,4,2,0,24.0,0.0,3.0,7.0,142.44,False,False,False,False,True,False,False,False,False,False,True,False,False,False,False,False
50951,0,5.0,1,16.0,0.0,3,1,3,0,25.0,0.0,1.0,3.0,212.44,True,False,False,False,True,False,False,False,True,False,False,False,False,False,False,True
50920,0,22.0,1,11.0,3.0,3,3,3,0,14.0,0.0,1.0,2.0,166.51,True,False,True,False,False,False,False,False,True,False,True,False,False,False,False,False
53287,0,9.0,1,7.0,3.0,2,3,5,0,14.0,1.0,3.0,3.0,150.06,True,False,False,False,False,True,False,False,False,False,False,False,True,False,False,True
54959,1,1.0,1,32.0,3.0,5,4,6,1,21.0,2.0,3.0,3.0,148.13,False,True,False,False,True,False,False,False,True,False,False,False,True,False,False,True
50311,1,0.0,1,21.0,2.0,3,3,8,1,12.0,0.0,2.0,7.0,236.10000000000002,True,False,False,False,True,False,False,False,True,False,False,False,False,False,False,False
55300,0,6.0,1,12.0,3.0,2,1,5,0,18.0,2.0,2.0,3.0,158.12,True,False,False,False,False,False,False,True,False,False,False,False,True,False,True,False
50823,1,15.0,3,11.0,3.0,3,4,10,1,19.0,5.0,7.0,7.0,184.46,True,False,False,False,False,True,False,False,True,False,False,False,False,False,False,True
51147,1,0.0,3,13.0,3.0,3,4,2,0,13.0,1.0,1.0,0.0,126.78999999999999,False,True,False,False,False,False,True,False,True,False,False,True,False,False,False,True
53288,0,16.0,1,7.0,3.0,5,2,11,1,14.0,1.0,2.0,3.0,185.62,True,False,False,False,False,True,False,False,False,False,True,False,False,False,False,False
53358,1,5.0,1,9.0,3.0,6,2,6,1,14.0,1.0,2.0,1.0,152.78,True,False,False,False,False,True,False,False,False,False,False,False,True,False,True,False
50616,0,8.0,1,16.0,2.0,3,2,2,0,20.0,1.0,1.0,2.0,139.17,False,True,False,False,False,False,False,True,True,False,False,False,True,False,True,False
53213,0,11.0,1,17.0,4.0,3,2,5,0,18.0,2.0,2.0,1.0,171.8,True,False,False,False,False,True,False,False,True,False,False,False,True,False,False,True
51538,1,0.0,1,29.0,2.0,4,3,4,1,13.0,1.0,1.0,1.0,159.16,True,False,False,False,False,True,False,False,True,False,True,False,False,False,True,False
53419,0,28.0,1,24.0,3.0,4,3,10,0,12.0,2.0,2.0,9.0,232.39,True,False,False,True,False,False,False,False,False,False,False,False,False,False,False,False
52784,1,9.0,3,15.0,2.0,3,5,2,0,19.0,1.0,1.0,0.0,117.9,False,False,False,False,False,False,True,False,True,False,False,False,True,False,True,False
51283,0,0.0,1,6.0,2.0,4,3,2,0,12.0,1.0,1.0,2.0,146.17,False,True,False,False,False,True,False,False,True,False,True,False,False,False,False,True
50839,0,11.0,3,8.0,2.0,3,5,4,0,15.0,0.0,1.0,7.0,168.93,True,False,False,False,False,True,False,False,False,False,True,False,False,False,True,False
50092,1,0.0,3,32.0,2.0,4,5,6,0,15.0,0.0,1.0,1.0,166.96,False,False,False,False,False,False,True,False,False,False,True,False,False,False,False,True
52613,0,7.0,3,16.0,2.0,3,3,2,1,14.0,1.0,1.0,7.0,140.01,False,False,False,False,False,True,False,False,True,False,True,False,False,False,True,False
52330,0,1.0,3,32.0,2.0,4,5,2,0,11.0,1.0,1.0,4.0,147.24,False,True,False,False,False,True,False,False,True,False,True,False,False,False,True,False
53994,0,21.0,1,11.0,4.0,5,4,10,1,13.0,3.0,15.0,3.0,228.33,True,False,False,False,False,True,False,False,False,False,False,False,False,False,True,False
50941,0,28.0,1,10.0,1.0,3,3,1,1,16.0,0.0,1.0,2.0,140.35,False,True,False,False,False,True,False,False,True,False,True,False,False,False,False,False
50090,1,0.0,1,14.0,2.0,3,5,6,1,11.0,1.0,1.0,4.0,126.57,False,True,True,False,False,False,False,False,False,False,False,True,False,False,False,True
54978,0,10.0,1,25.0,4.0,4,1,4,0,21.0,1.0,2.0,10.0,202.79,False,False,False,False,False,True,False,False,True,False,True,False,False,False,False,True
51856,0,27.0,2,25.0,2.0,3,4,3,0,15.0,2.0,7.0,1.0,207.25,True,False,False,False,True,False,False,False,True,False,False,False,False,False,True,False
53741,0,16.0,1,16.0,4.0,4,1,3,0,14.0,5.0,6.0,9.0,161.73,False,False,False,False,True,False,False,False,False,False,False,False,True,False,False,True
55262,0,6.0,1,12.0,4.0,5,4,5,0,13.0,2.0,3.0,6.0,183.78,True,False,False,False,False,True,False,False,False,False,True,False,False,False,True,False
53405,0,24.0,1,7.0,4.0,4,2,11,0,15.0,1.0,2.0,4.0,298.99,True,False,False,False,True,False,False,False,True,True,False,False,False,False,True,False
55439,0,10.0,1,17.0,3.0,4,5,9,1,14.0,3.0,6.0,8.0,208.21,True,False,False,False,False,True,False,False,True,False,False,False,False,False,True,False
55537,0,12.0,1,16.0,4.0,4,1,4,0,20.0,1.0,2.0,4.0,172.71,True,False,False,False,False,True,False,False,True,False,False,False,True,False,True,False
50041,0,23.0,1,17.0,2.0,3,4,4,0,15.0,2.0,4.0,4.0,299.26,True,False,False,False,False,True,False,False,False,False,False,False,False,True,False,True
53483,1,1.0,1,36.0,3.0,5,3,3,0,23.0,4.0,4.0,9.0,170.08,False,False,False,False,True,False,False,False,False,False,True,False,False,False,False,True
52701,0,9.0,3,23.0,2.0,4,4,3,0,16.0,1.0,1.0,3.0,155.07,True,False,False,False,False,False,True,False,True,False,True,False,False,False,True,False
50359,0,8.0,1,31.0,2.0,4,2,5,0,14.0,0.0,1.0,2.0,136.81,False,True,False,False,False,False,False,True,True,False,True,False,False,False,False,True
51491,0,3.0,1,11.0,2.0,3,5,6,0,14.0,0.0,2.0,14.5,132.04,False,True,True,False,False,False,False,False,False,False,False,True,False,False,True,False
55089,1,8.0,1,22.0,4.0,4,1,3,0,12.0,1.0,2.0,6.0,204.78,True,False,False,False,True,False,False,False,False,False,False,False,False,False,True,False
50081,1,0.0,3,33.0,2.0,3,2,2,0,22.0,1.0,1.0,9.0,176.39,True,False,False,False,False,False,True,False,False,False,False,False,False,False,False,False
52028,0,5.0,1,14.0,3.0,4,4,7,0,20.0,0.0,1.0,2.0,123.32,False,False,False,False,False,True,False,False,False,False,False,True,False,False,True,False
52672,1,0.0,3,8.0,2.0,4,4,8,1,12.0,1.0,2.0,2.0,199.07,True,False,False,False,False,False,True,False,True,False,True,False,False,False,False,True
54139,0,15.0,3,10.0,3.0,5,4,4,0,12.0,1.0,2.0,3.0,214.38,True,False,False,False,False,True,False,False,True,False,True,False,False,False,True,False
53263,0,3.0,1,34.0,4.0,4,3,6,0,13.0,2.0,2.0,2.0,168.35,True,False,False,False,True,False,False,False,False,False,True,False,False,False,False,False
50415,0,23.0,3,14.0,2.0,3,4,8,0,15.0,1.0,2.0,2.0,138.75,False,True,False,False,False,False,True,False,True,False,False,False,True,False,False,False
53240,0,8.0,1,15.0,4.0,4,3,5,0,12.0,2.0,5.0,4.0,186.42,True,False,False,False,True,False,False,False,False,False,True,False,False,False,False,True
54727,1,11.0,3,34.0,4.0,2,3,6,1,13.0,1.0,2.0,4.0,188.97,False,False,False,False,False,True,False,False,False,False,True,False,False,False,False,True
55210,0,4.0,3,23.0,4.0,4,3,10,0,16.0,2.0,3.0,3.0,178.01,True,False,False,False,False,True,False,False,True,False,True,False,False,False,True,False
51208,1,0.0,1,14.0,3.0,4,1,2,1,24.0,1.0,1.0,0.0,124.38999999999999,False,False,False,False,False,True,False,False,True,False,False,True,False,False,False,True
54389,0,9.0,3,7.0,4.0,4,3,3,0,15.0,2.0,2.0,3.0,212.89,False,False,False,False,False,False,True,False,False,False,False,False,False,False,False,True
53402,1,1.0,1,17.0,4.0,5,5,8,1,21.0,2.0,2.0,1.0,149.04,False,True,False,False,False,True,False,False,False,False,False,False,True,False,False,True
53401,0,7.0,3,24.0,3.0,4,3,3,0,15.0,6.0,7.0,1.0,299.44,False,False,False,False,False,True,False,False,True,True,False,False,False,False,False,True
54789,0,11.0,3,23.0,4.0,5,3,6,0,20.0,2.0,2.0,1.0,188.34,True,False,False,False,False,False,True,False,True,False,True,False,False,False,True,False
52957,0,5.0,1,30.0,4.0,5,2,2,0,22.0,2.0,8.0,9.0,180.82,True,False,False,False,True,False,False,False,True,False,True,False,False,False,False,False
53981,1,1.0,1,16.0,4.0,4,5,6,0,18.0,1.0,2.0,8.0,178.46,False,False,False,False,False,True,False,False,True,False,True,False,False,False,True,False
54553,0,28.0,1,12.0,3.0,4,5,6,0,15.0,2.0,2.0,3.0,319.06,True,False,False,False,True,False,False,False,True,False,False,False,False,True,True,False
55627,0,13.0,1,13.0,3.0,5,5,6,0,16.0,1.0,2.0,3.0,224.91,True,False,False,False,True,False,False,False,True,False,False,False,False,False,True,False
52866,0,30.0,1,15.0,4.0,4,5,6,1,19.0,2.0,3.0,3.0,167.57,True,False,False,False,False,True,False,False,False,False,False,False,True,False,True,False
51301,0,6.0,1,21.0,3.0,3,1,1,1,13.0,5.0,8.0,1.0,12.0,True,False,False,False,True,False,False,False,False,False,True,False,False,False,True,False
50613,0,14.0,1,13.0,2.0,3,3,7,0,14.0,1.0,2.0,1.0,150.03,True,False,False,False,True,False,False,False,False,False,True,False,False,False,False,True
51032,0,13.0,1,21.0,3.0,4,3,2,0,13.0,1.0,14.0,12.0,204.35,True,False,False,False,False,True,False,False,False,False,False,False,False,False,True,False
50169,1,0.0,3,10.0,2.0,4,2,2,1,12.0,7.0,7.0,4.0,158.28,True,False,False,False,False,False,True,False,True,False,True,False,False,False,False,True
54515,0,4.0,3,32.0,3.0,4,3,9,1,13.0,3.0,3.0,3.0,172.36,False,False,True,False,False,False,False,False,False,False,True,False,False,False,True,False
52107,1,0.0,1,21.0,2.0,3,3,8,0,14.0,0.0,1.0,0.0,148.34,False,True,False,False,False,False,False,True,True,False,True,False,False,False,True,False
51736,0,16.0,1,18.0,2.0,4,4,2,0,11.0,3.0,2.0,9.0,243.36,True,False,False,False,False,True,False,False,True,True,False,False,False,False,True,False
52249,0,2.0,1,13.0,2.0,3,1,2,1,11.0,1.0,1.0,0.0,166.23,True,False,False,False,False,True,False,False,True,False,True,False,False,False,True,False
53928,1,1.0,3,7.0,3.0,6,4,8,0,16.0,1.0,2.0,1.0,192.35,True,False,False,False,False,True,False,False,True,False,True,False,False,False,False,True
55561,0,12.0,2,8.0,3.0,4,4,2,1,12.0,1.0,2.0,3.0,154.91,False,False,False,False,False,False,False,True,True,False,False,False,True,False,True,False
55311,0,9.0,1,25.0,3.0,2,5,3,0,12.0,2.0,2.0,11.0,177.08,True,False,False,False,False,True,False,False,True,False,True,False,False,False,True,False
50547,0,9.0,1,16.0,2.0,3,4,2,0,14.0,1.0,1.0,0.0,120.08000000000001,True,False,False,False,False,True,False,False,True,False,False,True,False,False,True,False
51614,0,18.0,1,26.0,3.0,3,1,1,1,14.0,2.0,2.0,10.0,234.95999999999998,True,False,False,False,True,False,False,False,True,True,False,False,False,False,True,False
54645,0,5.0,3,13.0,4.0,2,1,6,0,23.0,6.0,6.0,8.0,179.6,True,False,False,False,True,False,False,False,True,False,True,False,False,False,True,False
52664,0,2.0,1,26.0,2.0,3,1,2,0,13.0,1.0,3.0,10.0,138.12,False,False,False,False,True,False,False,False,True,False,False,False,True,False,True,False
50568,0,5.0,1,9.0,3.0,3,5,2,0,12.0,6.0,6.0,3.0,167.25,True,False,False,False,True,False,False,False,False,False,True,False,False,False,False,False
53119,0,21.0,1,9.0,4.0,4,2,7,0,14.0,1.0,2.0,5.0,175.7,True,False,False,False,True,False,False,False,False,False,True,False,False,False,True,False
52913,0,11.0,1,18.0,3.0,4,2,3,1,15.0,1.0,2.0,8.0,246.85000000000002,False,False,False,False,False,False,False,True,True,False,False,False,False,False,True,False
54570,0,16.0,1,36.0,4.0,4,3,4,0,12.0,2.0,2.0,3.0,170.56,False,False,False,False,False,True,False,False,False,False,True,False,False,False,True,False
52494,0,12.0,1,16.0,3.0,3,5,3,0,13.0,3.0,7.0,7.0,153.77,True,False,False,False,True,False,False,False,True,False,True,False,False,False,True,False
53998,0,2.0,1,7.0,4.0,4,5,3,0,26.0,2.0,2.0,3.0,160.91,True,False,False,False,True,False,False,False,False,False,False,False,True,False,True,False
55449,0,9.0,1,9.0,3.0,4,1,4,0,15.0,2.0,2.0,8.0,182.62,False,False,False,False,True,False,False,False,True,False,True,False,False,False,True,False
53209,0,12.0,3,14.0,3.0,5,2,2,0,21.0,2.0,2.0,6.0,165.28,True,False,False,False,False,False,True,False,False,False,True,False,False,False,False,True
53253,1,1.0,1,7.0,4.0,4,2,3,1,14.0,6.0,8.0,9.0,151.86,True,False,False,False,False,False,False,True,True,False,False,False,True,False,False,True
52090,1,0.0,1,17.0,3.0,5,4,6,0,15.0,1.0,1.0,0.0,147.77,False,True,False,False,True,False,False,False,False,False,True,False,False,False,True,False
50295,0,9.0,1,9.0,2.0,3,2,5,0,15.0,0.0,1.0,4.0,120.97,False,False,False,False,False,True,False,False,True,False,False,True,False,False,False,False
52716,0,20.0,1,20.0,3.0,3,4,9,0,18.0,0.0,1.0,7.0,154.67,False,False,True,False,False,False,False,False,True,False,True,False,False,False,True,False
51449,0,7.0,1,12.0,2.0,3,3,2,0,14.0,0.0,2.0,10.0,148.09,False,True,False,False,False,False,False,True,False,False,True,False,False,False,False,True
50635,0,9.0,2,30.0,2.0,3,4,2,0,16.0,0.0,1.0,4.0,121.77000000000001,False,True,False,False,False,False,False,False,True,False,False,True,False,False,False,True
53959,0,27.0,1,7.0,3.0,5,3,6,1,21.0,1.0,2.0,3.0,254.64999999999998,False,False,False,False,True,False,False,False,False,True,False,False,False,False,True,False
50224,0,15.0,1,29.0,2.0,3,2,3,0,14.0,0.0,2.0,0.0,259.92,True,False,False,False,False,True,False,False,False,True,False,False,False,False,False,True
55419,0,3.0,1,11.0,4.0,5,5,3,0,14.0,1.0,2.0,1.0,146.09,False,True,True,False,False,False,False,False,False,False,False,False,True,False,True,False
52749,0,12.0,3,21.0,3.0,3,5,1,0,12.0,4.0,2.0,10.0,233.41000000000003,True,False,False,False,False,False,True,False,True,True,False,False,False,False,False,True
52673,0,19.0,3,9.0,2.0,1,5,3,0,12.0,2.0,2.0,8.0,232.25,True,False,False,True,False,False,False,False,False,True,False,False,False,False,True,False
50812,0,18.0,1,31.0,2.0,3,4,4,0,22.0,1.0,1.0,0.0,280.61,False,False,False,False,True,False,False,False,False,False,False,False,False,True,False,True
50958,0,9.0,1,26.0,3.0,3,3,1,0,14.0,1.0,1.0,2.0,122.72,False,True,False,False,False,True,False,False,True,False,True,False,False,False,False,True
55226,0,29.0,1,11.0,2.0,4,3,2,1,17.0,2.0,2.0,3.0,165.35,True,False,False,False,False,True,False,False,True,False,True,False,False,False,True,False
52638,0,12.0,3,26.0,2.0,3,1,3,0,18.0,1.0,2.0,2.0,141.27,False,False,False,False,False,True,False,False,True,False,True,False,False,False,True,False
53851,0,19.0,1,9.0,3.0,5,1,3,0,20.0,3.0,4.0,10.0,182.7,True,False,False,False,False,False,False,True,False,False,True,False,False,False,True,False
51884,0,14.0,2,6.0,2.0,4,3,2,0,12.0,1.0,2.0,10.0,291.89,True,False,False,False,False,False,False,True,True,False,False,False,False,True,True,False
54149,0,9.0,1,7.0,4.0,6,1,3,0,13.0,1.0,2.0,2.0,154.77,True,False,False,False,False,True,False,False,False,False,False,False,True,False,True,False
51617,1,10.0,1,35.0,2.0,3,4,2,1,12.0,4.0,9.0,3.0,218.49,False,False,False,False,False,True,False,False,True,False,False,False,False,False,True,False
53222,0,6.0,1,10.0,3.0,4,2,5,0,16.0,4.0,2.0,8.0,236.58999999999997,True,False,False,False,False,True,False,False,False,False,False,False,False,False,False,True
50540,0,9.0,1,20.0,3.0,3,2,1,1,17.0,4.0,4.0,11.0,165.86,True,False,False,False,False,True,False,False,True,False,True,False,False,False,False,False
55572,0,1.0,2,9.0,3.0,4,4,6,0,15.0,1.0,2.0,3.0,146.87,False,True,False,False,False,False,False,True,False,False,False,False,True,False,True,False
54935,0,29.0,1,9.0,3.0,5,5,9,0,15.0,3.0,7.0,3.0,292.56,False,False,False,False,True,False,False,False,True,True,False,False,False,False,False,True
55438,0,20.0,1,9.0,3.0,4,1,9,1,15.0,3.0,3.0,3.0,318.28,True,False,False,False,True,False,False,False,True,False,False,False,False,True,True,False
52133,0,28.0,1,8.0,3.0,3,4,4,0,18.0,0.0,1.0,3.0,209.76,False,False,False,False,False,True,False,False,True,False,False,False,False,False,True,False
52860,0,6.0,1,13.0,3.0,4,3,5,0,21.0,1.0,2.0,5.0,155.38,True,False,False,False,False,True,False,False,True,False,False,False,True,False,False,True
54481,0,1.0,3,9.0,4.0,4,3,3,1,12.0,1.0,2.0,5.0,169.78,True,False,False,False,False,True,False,False,True,False,True,False,False,False,False,True
52226,0,5.0,1,19.0,3.0,4,4,2,0,20.0,2.0,2.0,2.0,134.0,False,False,False,False,False,False,False,True,False,False,False,True,False,False,True,False
51709,1,0.0,3,11.0,3.0,3,3,2,1,13.0,0.0,1.0,0.0,128.51,False,True,False,False,False,False,True,False,False,False,False,True,False,False,False,True
51432,0,0.0,3,14.0,3.0,3,5,4,0,13.0,1.0,1.0,0.0,123.22,False,True,True,False,False,False,False,False,True,False,False,True,False,False,True,False
52734,0,5.0,1,21.0,2.0,3,1,6,0,18.0,0.0,1.0,2.0,166.67,False,False,False,False,True,False,False,False,False,False,True,False,False,False,True,False
54095,0,16.0,1,30.0,3.0,5,3,3,0,13.0,3.0,4.0,8.0,168.32,False,False,False,False,False,True,False,False,True,False,True,False,False,False,False,True
51779,0,5.0,3,16.0,3.0,4,1,3,1,19.0,0.0,1.0,2.0,190.71,True,False,False,False,False,False,True,False,False,False,False,False,False,False,True,False
55533,0,13.0,1,16.0,3.0,4,5,3,0,26.0,1.0,8.0,10.0,176.51,True,False,False,False,True,False,False,False,True,False,True,False,False,False,True,False
55279,0,1.0,1,10.0,3.0,4,1,3,0,22.0,2.0,2.0,1.0,145.61,False,True,False,False,False,True,False,False,False,False,False,False,True,False,True,False
50909,1,0.0,1,6.0,3.0,1,4,2,0,11.0,3.0,4.0,7.0,174.46,False,False,False,False,False,True,False,False,False,False,False,False,False,False,False,True
50816,1,2.0,1,29.0,3.0,3,5,1,0,13.0,0.0,1.0,3.0,139.04,False,True,False,False,True,False,False,False,True,False,False,False,True,False,False,True
53758,0,21.0,3,21.0,4.0,4,3,5,1,18.0,2.0,2.0,3.0,170.91,True,False,False,False,True,False,False,False,False,False,True,False,False,False,False,False
54943,0,4.0,1,27.0,3.0,4,5,2,0,16.0,1.0,2.0,3.0,224.57,True,False,False,False,False,False,False,True,True,False,True,False,False,False,True,False
52961,0,29.0,1,7.0,3.0,4,5,2,1,15.0,5.0,5.0,14.0,315.45,True,False,False,False,True,False,False,False,True,False,False,False,False,True,False,True
54413,0,3.0,1,22.0,3.0,4,1,3,0,20.0,2.0,2.0,6.0,148.4,False,True,False,False,False,True,False,False,True,False,False,False,True,False,False,True
53494,0,8.0,1,10.0,3.0,5,2,5,0,18.0,2.0,2.0,1.0,154.79,False,False,False,False,False,True,False,False,True,False,False,False,True,False,False,False
50372,0,0.0,3,28.0,2.0,3,3,2,0,11.0,1.0,1.0,2.0,134.47,False,True,True,False,False,False,False,False,True,False,False,True,False,False,False,True
54391,0,26.0,1,9.0,3.0,5,1,9,0,16.0,3.0,3.0,3.0,157.12,True,False,False,False,False,True,False,False,False,False,False,False,True,False,False,True
51253,0,22.0,1,8.0,2.0,3,1,4,0,15.0,1.0,4.0,3.0,291.61,False,False,False,False,False,True,False,False,True,False,False,False,False,True,True,False
51241,1,0.0,3,30.0,2.0,1,5,2,0,17.0,1.0,1.0,0.0,110.91,False,False,False,True,False,False,False,False,True,False,False,False,True,False,False,True
52608,1,6.0,1,14.0,2.0,4,3,10,1,16.0,1.0,1.0,0.0,124.37,False,False,True,False,False,False,False,False,True,False,False,True,False,False,True,False
54324,0,31.0,1,31.0,3.0,2,1,5,1,17.0,2.0,2.0,3.0,219.39,True,False,False,False,False,True,False,False,True,False,False,False,False,False,True,False
53102,0,31.0,1,14.0,3.0,4,5,7,0,15.0,1.0,12.0,11.0,320.66,True,False,False,False,False,True,False,False,False,False,False,False,False,True,False,False
55349,0,3.0,3,12.0,3.0,5,4,3,1,14.0,1.0,2.0,10.0,166.87,True,False,False,False,True,False,False,False,True,False,True,False,False,False,True,False
51874,1,13.0,3,14.0,2.0,3,3,4,1,14.0,0.0,1.0,3.0,167.96,False,False,True,False,False,False,False,False,True,False,True,False,False,False,True,False
55112,0,15.0,3,17.0,3.0,6,4,3,0,14.0,4.0,12.0,10.0,186.51,False,False,False,False,True,False,False,False,True,False,True,False,False,False,False,True
53721,0,5.0,3,15.0,3.0,4,2,3,0,19.0,3.0,2.0,10.0,232.93,True,False,False,False,False,True,False,False,True,False,False,False,False,False,True,False
52725,1,0.0,2,28.0,3.0,4,4,2,0,12.0,1.0,1.0,0.0,128.63,False,False,False,False,False,False,False,True,False,False,False,True,False,False,True,False
55452,1,1.0,1,17.0,3.0,4,5,3,0,16.0,1.0,2.0,9.0,167.13,True,False,False,False,True,False,False,False,True,False,True,False,False,False,False,True
52291,0,23.0,1,34.0,2.0,3,5,5,1,11.0,1.0,1.0,2.0,268.8,True,False,False,False,False,True,False,False,False,True,False,False,False,False,True,False
51107,0,19.0,1,19.0,2.0,3,4,7,0,14.0,1.0,1.0,9.0,155.62,True,False,False,False,False,True,False,False,True,False,True,False,False,False,False,True
51080,1,11.0,3,14.0,3.0,3,3,3,1,11.0,4.0,7.0,7.0,126.55000000000001,False,False,False,False,False,False,False,False,False,False,False,True,False,False,True,False
51917,0,0.0,1,6.0,3.0,5,1,4,0,14.0,2.0,2.0,0.0,143.64,False,False,False,False,False,True,False,False,False,False,False,False,True,False,True,False
52870,0,12.0,1,16.0,4.0,4,2,3,0,13.0,2.0,3.0,2.0,147.88,False,True,False,False,False,True,False,False,False,False,False,False,True,False,False,True
50912,1,0.0,1,8.0,3.0,3,1,7,1,13.0,2.0,2.0,2.0,137.22,False,False,False,False,False,True,False,False,True,False,False,False,True,False,False,False
55400,0,5.0,1,31.0,2.0,4,1,4,0,21.0,1.0,2.0,5.0,177.38,False,False,True,False,False,False,False,False,False,False,True,False,False,False,False,True
51943,0,15.0,1,6.0,2.0,4,1,10,1,13.0,0.0,1.0,2.0,160.62,True,False,False,False,False,True,False,False,False,False,True,False,False,False,True,False
50333,1,9.0,3,11.0,3.0,3,4,2,1,14.0,1.0,1.0,0.0,118.78,False,False,False,False,False,False,True,False,True,False,False,False,True,False,False,True
54961,1,1.0,1,7.0,3.0,5,4,3,0,16.0,2.0,2.0,1.0,150.96,False,False,False,False,True,False,False,False,True,False,False,False,True,False,True,False
50600,0,0.0,1,23.0,2.0,4,3,2,0,15.0,2.0,3.0,2.0,143.77,False,True,False,False,True,False,False,False,False,False,True,False,False,False,True,False
53472,0,1.0,1,7.0,3.0,5,5,3,0,17.0,1.0,2.0,4.0,164.55,True,False,False,False,True,False,False,False,True,False,False,False,True,False,False,False
54905,1,1.0,1,18.0,4.0,6,4,7,0,16.0,2.0,2.0,1.0,172.77,True,False,False,False,True,False,False,False,False,False,True,False,False,False,True,False
54569,0,26.0,1,11.0,2.0,4,1,4,0,14.0,1.0,2.0,5.0,290.55,True,False,False,False,False,True,False,False,False,True,False,False,False,False,True,False
52632,0,13.0,1,8.0,3.0,3,5,5,0,17.0,1.0,1.0,2.0,133.77,False,True,False,False,False,True,False,False,False,False,False,True,False,False,True,False
50245,0,4.0,1,14.0,2.0,4,4,1,1,16.0,1.0,2.0,2.0,126.57,False,True,False,False,False,True,False,False,True,False,False,True,False,False,False,True
52217,1,9.0,1,23.0,3.0,3,4,2,0,13.0,1.0,1.0,0.0,122.1,False,True,False,False,False,True,False,False,False,False,False,True,False,False,True,False
54012,0,21.0,1,16.0,4.0,4,3,6,0,13.0,2.0,3.0,1.0,146.05,False,True,False,False,False,True,False,False,False,False,False,False,True,False,False,True
54191,0,7.0,1,9.0,4.0,4,1,6,0,12.0,1.0,2.0,1.0,149.96,True,False,False,False,True,False,False,False,True,False,False,False,True,False,False,True
51497,0,8.0,3,6.0,3.0,3,4,2,0,13.0,0.0,1.0,6.0,172.95,True,False,False,False,False,False,True,False,True,False,False,False,False,False,True,False
50660,0,11.0,1,23.0,3.0,4,3,1,0,18.0,0.0,1.0,9.0,188.23,True,False,False,False,False,True,False,False,False,False,False,False,False,False,False,False
54862,0,27.0,3,9.0,3.0,4,3,8,0,14.0,1.0,16.0,3.0,273.52,True,False,False,False,True,False,False,False,True,True,False,False,False,False,True,False
51863,0,0.0,3,14.0,2.0,1,4,1,0,22.0,1.0,1.0,2.0,148.51,False,True,False,False,False,True,False,False,True,False,True,False,False,False,True,False
50350,0,0.0,1,29.0,3.0,2,2,2,1,11.0,0.0,1.0,4.0,127.25,False,True,False,False,False,False,False,False,True,False,False,True,False,False,False,False
55461,0,8.0,3,15.0,4.0,2,3,3,0,22.0,3.0,5.0,9.0,192.99,True,False,False,True,False,False,False,False,True,False,True,False,False,False,True,False
52825,1,1.0,1,32.0,3.0,6,3,3,0,13.0,2.0,2.0,2.0,147.93,False,True,False,False,False,True,False,False,True,False,False,False,True,False,False,True
51945,0,9.0,2,19.0,2.0,3,4,5,0,13.0,1.0,1.0,4.0,121.43,False,True,False,False,False,False,False,True,True,False,False,True,False,False,True,False
54810,0,27.0,1,30.0,4.0,4,1,8,0,19.0,1.0,4.0,9.0,267.75,True,False,False,False,False,True,False,False,False,True,False,False,False,False,False,True
52360,0,4.0,1,14.0,3.0,3,4,4,0,11.0,1.0,1.0,0.0,264.22,True,False,False,False,False,True,False,False,False,True,False,False,False,False,False,True
53636,0,24.0,1,35.0,3.0,4,5,6,1,15.0,1.0,2.0,3.0,293.8,True,False,False,False,False,True,False,False,False,True,False,False,False,False,False,False
53544,0,1.0,1,16.0,3.0,4,5,3,0,26.0,1.0,2.0,1.0,150.52,True,False,False,False,False,True,False,False,True,False,False,False,True,False,False,True
54475,0,1.0,1,17.0,4.0,4,5,3,1,15.0,2.0,12.0,11.0,295.68,True,False,False,False,True,False,False,False,True,True,False,False,False,False,True,False
55109,0,4.0,1,24.0,4.0,4,5,3,1,24.0,2.0,2.0,9.0,244.16000000000003,True,False,False,False,True,False,False,False,False,False,False,False,False,False,True,False
53978,0,16.0,1,20.0,4.0,2,5,7,0,19.0,2.0,2.0,1.0,180.38,True,False,False,False,True,False,False,False,True,False,True,False,False,False,True,False
52154,0,2.0,1,14.0,3.0,3,1,5,0,22.0,1.0,1.0,7.0,125.13999999999999,False,True,False,False,False,True,False,False,False,False,False,True,False,False,True,False
52814,0,22.0,3,8.0,3.0,4,4,3,0,14.0,1.0,1.0,8.0,153.9,False,False,False,False,True,False,False,False,True,False,True,False,False,False,True,False
53006,0,17.0,1,17.0,3.0,4,2,2,0,20.0,1.0,2.0,8.0,149.55,False,False,False,False,False,True,False,False,False,False,False,False,True,False,False,True
54491,0,17.0,1,17.0,3.0,5,3,3,0,12.0,2.0,2.0,1.0,177.57,False,False,False,False,False,True,False,False,False,False,True,False,False,False,True,False
51646,0,14.0,3,8.0,2.0,3,4,2,0,19.0,1.0,2.0,4.0,260.15,True,False,False,False,False,True,False,False,True,True,False,False,False,False,False,True
54019,0,1.0,3,30.0,3.0,5,3,3,0,22.0,5.0,6.0,9.0,160.4,True,False,False,False,True,False,False,False,False,False,True,False,False,False,True,False
53846,0,13.0,1,10.0,4.0,5,3,2,0,16.0,1.0,2.0,8.0,155.69,True,False,False,False,True,False,False,False,True,False,True,False,False,False,True,False
51416,0,30.0,3,6.0,2.0,4,3,8,0,11.0,1.0,1.0,3.0,154.73,False,False,False,False,False,True,False,False,False,False,True,False,False,False,False,True
50732,0,0.0,1,9.0,3.0,4,3,2,0,12.0,0.0,1.0,2.0,130.33,False,True,False,False,False,True,False,False,True,False,False,True,False,False,False,True
53097,0,26.0,1,10.0,3.0,5,3,4,1,15.0,1.0,2.0,5.0,204.69,True,False,False,False,True,False,False,False,True,False,False,False,False,False,False,False
52083,0,14.0,1,13.0,2.0,3,3,7,0,14.0,2.0,2.0,1.0,150.03,True,False,False,False,True,False,False,False,False,False,True,False,False,False,False,True
51037,0,11.0,1,8.0,2.0,4,3,4,1,19.0,1.0,1.0,2.0,177.56,True,False,False,False,True,False,False,False,False,False,False,False,False,False,True,False
52075,0,8.0,1,31.0,2.0,3,3,2,1,11.0,0.0,10.0,1.0,203.88,True,False,False,False,True,False,False,False,False,False,False,False,False,False,True,False
54114,0,1.0,1,7.0,4.0,4,3,2,0,13.0,1.0,2.0,3.0,158.75,True,False,False,False,False,True,False,False,True,False,False,False,True,False,False,True
50121,0,4.0,1,9.0,3.0,3,3,10,0,12.0,1.0,2.0,2.0,236.75,False,False,False,False,True,False,False,False,True,False,False,False,False,False,True,False
52697,0,21.0,1,28.0,2.0,3,1,4,0,11.0,1.0,4.0,7.0,271.74,False,False,False,False,True,False,False,False,False,True,False,False,False,False,True,False
51838,0,21.0,1,6.0,2.0,4,5,8,0,11.0,0.0,2.0,2.0,254.01999999999998,True,False,False,False,False,True,False,False,False,True,False,False,False,False,True,False
50919,0,26.0,1,8.0,2.0,1,4,5,0,12.0,1.0,8.0,8.0,265.98,True,False,False,False,True,False,False,False,True,True,False,False,False,False,False,True
54617,0,5.0,3,14.0,3.0,5,1,11,0,22.0,2.0,2.0,2.0,240.57,True,False,False,False,False,True,False,False,True,False,False,False,False,False,True,False
52846,0,3.0,1,7.0,3.0,4,3,3,0,14.0,1.0,2.0,10.0,168.19,False,False,True,False,False,False,False,False,True,False,True,False,False,False,False,False
55118,0,14.0,1,23.0,4.0,4,3,11,0,17.0,2.0,2.0,1.0,160.44,False,False,False,False,False,True,False,False,True,False,False,False,True,False,True,False
53249,0,6.0,1,31.0,4.0,4,2,3,0,16.0,3.0,5.0,8.0,178.09,False,False,False,False,False,True,False,False,True,False,True,False,False,False,False,False
51641,0,15.0,3,32.0,3.0,3,4,6,0,14.0,3.0,2.0,8.0,235.25,False,False,False,False,False,False,True,False,False,True,False,False,False,False,True,False
54271,0,25.0,1,7.0,2.0,5,5,5,0,21.0,5.0,13.0,9.0,199.84,False,False,False,False,True,False,False,False,False,False,False,False,False,False,False,True
54022,0,22.0,1,17.0,4.0,5,4,6,0,15.0,4.0,13.0,10.0,321.65,True,False,False,False,False,True,False,False,True,False,False,False,False,True,True,False
50558,0,5.0,1,14.0,3.0,4,4,7,0,20.0,1.0,1.0,2.0,123.32,False,False,False,False,False,True,False,False,False,False,False,True,False,False,False,False
53823,0,14.0,3,21.0,3.0,4,5,3,0,16.0,1.0,2.0,3.0,171.39,True,False,False,False,False,True,False,False,False,False,True,False,False,False,True,False
51786,1,0.0,2,29.0,2.0,3,5,10,1,15.0,1.0,1.0,2.0,199.5,False,False,False,False,False,False,False,True,False,False,False,False,False,False,True,False
53380,1,1.0,1,11.0,3.0,4,5,3,0,20.0,2.0,2.0,1.0,154.73,True,False,True,False,False,False,False,False,True,False,False,False,True,False,False,True
50532,1,0.0,1,31.0,3.0,3,2,2,1,24.0,1.0,1.0,1.0,127.94999999999999,False,True,False,False,False,True,False,False,True,False,False,True,False,False,False,True
54350,0,25.0,1,10.0,4.0,4,4,5,0,19.0,1.0,2.0,1.0,262.34,True,False,False,False,True,False,False,False,False,True,False,False,False,False,False,True
53683,0,13.0,1,32.0,4.0,4,3,5,0,22.0,1.0,2.0,6.0,234.2,False,False,False,False,False,True,False,False,True,False,False,False,False,False,False,False
50611,0,21.0,1,12.0,3.0,4,3,3,0,13.0,0.0,2.0,2.0,142.4,False,True,False,False,False,True,False,False,True,False,True,False,False,False,False,True
54916,0,19.0,3,18.0,3.0,4,1,5,0,15.0,1.0,2.0,2.0,301.5,True,False,False,False,False,True,False,False,False,True,False,False,False,False,True,False
50706,0,14.0,1,18.0,2.0,3,2,4,1,11.0,1.0,1.0,0.0,147.66,False,True,False,False,False,True,False,False,True,False,False,False,True,False,False,False
51262,0,0.0,1,6.0,3.0,3,5,1,0,13.0,3.0,7.0,6.0,128.67,False,True,False,False,False,False,False,False,True,False,False,True,False,False,False,True
51828,1,0.0,3,19.0,2.0,3,5,3,0,17.0,0.0,1.0,2.0,142.33,False,True,False,False,True,False,False,False,True,False,True,False,False,False,True,False
54983,0,8.0,1,9.0,4.0,4,3,4,0,12.0,2.0,2.0,3.0,165.33,False,False,False,False,False,True,False,False,True,False,True,False,False,False,False,True
53828,0,1.0,1,33.0,3.0,5,3,3,1,15.0,1.0,2.0,4.0,153.14,False,False,False,False,False,False,False,True,False,False,False,False,True,False,True,False
54814,0,24.0,1,9.0,4.0,4,5,3,0,15.0,14.0,15.0,8.0,304.24,False,False,False,False,False,True,False,False,True,True,False,False,False,False,True,False
54280,0,17.0,3,33.0,4.0,4,1,3,1,15.0,2.0,5.0,13.0,294.59,False,False,False,False,False,True,False,False,True,True,False,False,False,False,True,False
53184,0,18.0,2,7.0,3.0,5,3,6,0,12.0,2.0,2.0,3.0,184.85,True,False,False,False,False,True,False,False,False,False,True,False,False,False,False,True
50561,0,0.0,3,6.0,2.0,4,5,2,0,12.0,1.0,1.0,7.0,142.94,False,False,False,False,True,False,False,False,True,False,True,False,False,False,False,True
54370,0,20.0,1,7.0,4.0,4,5,9,0,17.0,1.0,2.0,3.0,218.96,True,False,False,False,True,False,False,False,True,False,False,False,False,False,True,False
52761,0,9.0,1,7.0,2.0,4,3,2,0,12.0,0.0,1.0,0.0,120.08000000000001,False,False,False,False,False,False,False,False,True,False,False,True,False,False,True,False
50551,0,4.0,3,14.0,2.0,4,3,4,0,15.0,3.0,5.0,2.0,123.28999999999999,False,True,False,False,False,True,False,False,True,False,False,True,False,False,False,False
53608,0,8.0,3,9.0,3.0,4,5,2,1,13.0,2.0,2.0,3.0,170.38,True,False,False,False,False,False,True,False,False,False,True,False,False,False,False,True
50223,0,20.0,3,10.0,3.0,3,3,4,0,19.0,0.0,1.0,0.0,129.76,False,False,False,False,False,False,False,False,True,False,True,False,False,False,False,True
53107,0,12.0,1,9.0,3.0,4,2,3,1,24.0,2.0,2.0,1.0,142.02,False,False,False,False,False,True,False,False,True,False,False,False,True,False,False,False
50002,1,9.0,1,8.0,3.0,4,3,7,1,15.0,0.0,1.0,0.0,120.9,False,True,False,False,False,False,False,True,True,False,False,True,False,False,False,True
50049,0,3.0,1,15.0,3.0,3,5,2,0,11.0,0.0,6.0,10.0,130.72,False,False,False,False,False,False,False,False,True,False,True,False,False,False,True,False
53024,0,17.0,1,14.0,3.0,4,5,10,0,17.0,2.0,2.0,3.0,224.85,True,False,False,False,False,True,False,False,False,False,False,False,False,False,False,False
55559,0,7.0,1,14.0,3.0,4,3,3,0,21.0,1.0,3.0,9.0,184.68,False,False,False,False,False,True,False,False,True,False,True,False,False,False,True,False
55144,0,8.0,1,9.0,4.0,4,1,3,0,12.0,5.0,5.0,12.0,191.87,True,False,True,False,False,False,False,False,False,False,True,False,False,False,False,True
55155,0,26.0,1,35.0,3.0,2,3,4,1,12.0,2.0,2.0,3.0,257.47,False,False,False,False,True,False,False,False,False,True,False,False,False,False,True,False
53581,0,28.0,1,7.0,3.0,4,3,9,0,18.0,2.0,2.0,3.0,230.02,False,False,False,False,False,True,False,False,False,False,False,False,False,False,True,False
50890,0,4.0,1,14.0,3.0,3,4,4,0,11.0,1.0,1.0,0.0,264.22,True,False,False,False,False,True,False,False,False,True,False,False,False,False,False,True
53578,0,16.0,1,33.0,3.0,4,5,5,1,18.0,1.0,2.0,1.0,256.91,False,False,False,False,True,False,False,False,False,False,False,False,False,False,False,False
54684,0,24.0,1,35.0,4.0,2,3,3,1,12.0,1.0,4.0,9.0,157.21,True,False,False,False,True,False,False,False,True,False,False,False,True,False,True,False
51871,1,0.0,3,9.0,3.0,3,3,10,0,14.0,1.0,2.0,0.0,145.77,False,True,False,False,False,True,False,False,False,False,True,False,False,False,False,True
55553,0,9.0,3,14.0,3.0,4,1,3,1,12.0,2.0,2.0,10.0,177.04,True,False,False,False,False,True,False,False,False,False,True,False,False,False,True,False
53076,1,1.0,1,11.0,3.0,4,2,20,1,24.0,2.0,2.0,1.0,147.85,False,False,True,False,False,False,False,False,True,False,False,False,True,False,False,True
54749,0,24.0,1,9.0,4.0,4,3,7,0,15.0,1.0,2.0,4.0,301.39,True,False,False,False,True,False,False,False,True,True,False,False,False,False,True,False
54514,0,11.0,1,13.0,3.0,2,5,6,1,14.0,7.0,7.0,8.0,184.74,True,False,False,False,True,False,False,False,True,False,True,False,False,False,True,False
51207,0,21.0,1,16.0,3.0,4,4,5,0,15.0,3.0,12.0,9.0,296.65,True,False,False,False,False,True,False,False,True,False,False,False,False,True,True,False
52141,0,10.0,3,16.0,2.0,4,1,3,1,14.0,1.0,1.0,0.0,166.94,True,False,False,False,False,True,False,False,False,False,True,False,False,False,True,False
53084,0,8.0,3,11.0,4.0,4,3,11,0,16.0,2.0,2.0,3.0,190.38,False,False,False,False,False,False,True,False,False,False,True,False,False,False,False,False
52645,0,13.0,1,7.0,2.0,3,1,5,0,17.0,0.0,1.0,3.0,165.13,True,False,False,False,False,True,False,False,False,False,True,False,False,False,True,False
52140,0,7.0,1,9.0,2.0,3,1,1,0,17.0,1.0,1.0,4.0,177.56,False,False,False,False,False,True,False,False,True,False,True,False,False,False,False,True
55376,0,9.0,1,9.0,4.0,5,1,2,1,15.0,2.0,2.0,5.0,174.3,False,False,False,False,True,False,False,False,True,False,False,False,True,False,False,True
50408,0,20.0,3,20.0,2.0,3,5,3,0,12.0,0.0,1.0,7.0,149.6,True,False,False,False,False,False,True,False,True,False,True,False,False,False,False,True
52522,0,22.0,1,28.0,3.0,3,4,4,0,16.0,1.0,1.0,2.0,264.13,True,False,False,False,False,False,False,True,False,True,False,False,False,False,True,False
50924,0,7.0,3,9.0,2.0,5,5,4,0,18.0,2.0,3.0,12.0,147.59,False,True,False,False,False,False,False,True,True,False,True,False,False,False,False,True
53890,0,10.0,1,33.0,4.0,4,3,8,0,15.0,2.0,2.0,3.0,178.47,True,False,False,False,False,True,False,False,True,False,True,False,False,False,True,False
54494,0,17.0,1,14.0,3.0,4,5,10,0,17.0,2.0,2.0,3.0,224.85,True,False,False,False,False,True,False,False,False,False,False,False,False,False,True,False
51148,0,11.0,1,12.0,2.0,4,3,2,0,11.0,0.0,1.0,4.0,137.02,False,True,False,False,False,False,False,True,False,False,False,False,True,False,True,False
52691,0,8.0,1,22.0,2.0,4,4,1,1,11.0,0.0,1.0,2.0,147.88,False,True,False,False,False,False,False,True,False,False,True,False,False,False,True,False
52934,0,14.0,1,31.0,4.0,4,2,3,0,18.0,3.0,5.0,8.0,158.19,True,False,True,False,False,False,False,False,True,False,True,False,False,False,True,False
52374,0,9.0,1,11.0,2.0,1,3,3,1,12.0,0.0,1.0,3.0,121.27000000000001,False,True,False,False,False,False,False,False,True,False,False,True,False,False,True,False
54181,0,1.0,1,18.0,4.0,2,3,2,0,19.0,1.0,2.0,4.0,165.11,False,False,False,False,False,False,False,True,False,False,True,False,False,False,True,False
50268,0,27.0,1,11.0,2.0,3,5,5,0,15.0,1.0,1.0,2.0,294.06,True,False,False,False,True,False,False,False,True,False,False,False,False,True,False,False
55412,0,4.0,3,22.0,4.0,5,5,4,0,12.0,2.0,2.0,8.0,196.4,True,False,False,False,False,False,True,False,True,False,False,False,False,False,True,False
50269,0,7.0,3,10.0,3.0,3,3,10,0,15.0,1.0,1.0,2.0,165.38,False,False,False,False,False,False,True,False,False,False,True,False,False,False,False,False
52252,0,7.0,1,14.0,2.0,1,3,1,0,17.0,1.0,1.0,0.0,125.85,False,True,True,False,False,False,False,False,False,False,False,True,False,False,True,False
50414,0,14.0,2,6.0,2.0,4,3,2,0,12.0,1.0,2.0,10.0,291.89,True,False,False,False,False,False,False,True,True,False,False,False,False,True,False,False
51073,0,0.0,3,15.0,3.0,3,5,2,0,11.0,0.0,1.0,2.0,127.28,False,True,False,False,False,True,False,False,True,False,False,True,False,False,False,True
50975,0,18.0,1,6.0,3.0,3,4,2,0,12.0,6.0,7.0,7.0,174.41,True,False,True,False,False,False,False,False,True,False,False,False,False,False,True,False
51607,0,11.0,3,8.0,2.0,4,1,4,0,18.0,1.0,7.0,5.0,152.49,False,False,False,False,False,True,False,False,True,False,True,False,False,False,True,False
50405,0,11.0,1,6.0,2.0,2,2,1,0,13.0,1.0,1.0,8.0,176.25,True,False,False,False,False,True,False,False,False,False,True,False,False,False,False,True
54247,0,1.0,3,9.0,4.0,4,5,5,0,14.0,2.0,2.0,1.0,148.22,False,True,True,False,False,False,False,False,True,False,False,False,True,False,True,False
50052,0,6.0,1,14.0,2.0,3,2,1,0,14.0,0.0,1.0,2.0,125.0,False,True,False,False,False,True,False,False,True,False,False,True,False,False,False,True
52366,0,20.0,1,7.0,3.0,3,1,8,0,12.0,1.0,1.0,2.0,134.2,False,True,True,False,False,False,False,False,True,False,False,True,False,False,True,False
54955,0,8.0,1,10.0,3.0,4,1,2,0,18.0,2.0,2.0,5.0,202.56,False,False,False,False,False,True,False,False,True,False,True,False,False,False,False,True
51795,0,12.0,1,14.0,2.0,3,3,2,0,11.0,1.0,1.0,7.0,137.55,False,False,False,False,False,True,False,False,False,False,False,False,True,False,True,False
51564,0,18.0,3,12.0,2.0,4,1,7,0,12.0,5.0,12.0,8.0,188.65,False,False,False,False,True,False,False,False,False,False,False,False,False,False,False,True
55056,0,5.0,1,18.0,4.0,4,5,3,1,13.0,2.0,2.0,2.0,193.33,True,False,False,False,True,False,False,False,True,False,True,False,False,False,True,False
55510,0,1.0,1,8.0,3.0,5,3,3,1,14.0,1.0,2.0,1.0,154.33,True,False,False,False,False,True,False,False,False,False,False,False,True,False,True,False
54933,0,30.0,1,16.0,4.0,4,3,4,0,20.0,2.0,2.0,4.0,154.42,False,False,False,False,True,False,False,False,False,False,False,False,True,False,True,False
52258,0,0.0,1,10.0,3.0,3,1,2,1,20.0,2.0,2.0,2.0,128.75,False,True,False,False,False,True,False,False,True,False,False,True,False,False,False,True
52856,0,24.0,1,18.0,3.0,4,4,5,0,16.0,3.0,5.0,5.0,324.26,True,False,False,False,False,True,False,False,False,False,False,False,False,True,False,True
50666,0,6.0,1,11.0,2.0,4,2,5,0,15.0,0.0,1.0,2.0,171.19,True,False,False,False,False,True,False,False,True,False,False,False,False,False,True,False
50464,0,23.0,1,8.0,3.0,3,3,6,0,16.0,1.0,1.0,3.0,276.39,True,False,False,False,True,False,False,False,True,True,False,False,False,False,False,False
50178,0,1.0,1,22.0,3.0,2,5,1,0,19.0,0.0,1.0,7.0,156.61,True,False,False,False,True,False,False,False,True,False,True,False,False,False,False,True
50793,0,7.0,3,8.0,2.0,3,5,1,1,12.0,1.0,1.0,2.0,145.38,False,True,False,False,False,False,True,False,False,False,True,False,False,False,False,True
51121,0,9.0,2,16.0,2.0,3,1,1,0,14.0,1.0,2.0,1.0,121.44999999999999,False,False,False,False,False,False,False,False,True,False,False,True,False,False,True,False
52894,0,14.0,1,26.0,3.0,4,2,10,1,16.0,2.0,4.0,8.0,152.41,True,False,False,False,True,False,False,False,True,False,True,False,False,False,False,False
51372,1,0.0,1,22.0,3.0,5,5,2,1,22.0,0.0,6.0,7.0,139.19,False,False,False,False,False,True,False,False,False,False,False,False,True,False,False,True
53632,0,4.0,1,13.0,3.0,5,2,2,0,13.0,6.0,7.0,8.0,171.27,True,False,True,False,False,False,False,False,False,False,True,False,False,False,False,False
54235,0,10.0,1,13.0,3.0,2,1,5,0,13.0,1.0,2.0,1.0,155.38,True,False,False,False,False,True,False,False,False,False,False,False,True,False,True,False
51839,0,17.0,2,6.0,2.0,4,3,5,0,11.0,1.0,1.0,2.0,159.85,True,False,False,False,False,True,False,False,False,False,True,False,False,False,False,True
52219,0,9.0,1,12.0,3.0,5,3,2,0,14.0,1.0,1.0,7.0,127.41,False,True,False,False,False,True,False,False,True,False,False,True,False,False,True,False
53246,0,3.0,3,17.0,3.0,4,4,3,0,15.0,1.0,3.0,3.0,147.97,False,True,False,False,False,False,True,False,True,False,False,False,True,False,True,False
52205,0,9.0,1,21.0,3.0,5,1,1,1,18.0,1.0,1.0,3.0,121.68,False,True,False,False,False,True,False,False,False,False,False,True,False,False,True,False
54691,0,1.0,1,7.0,4.0,4,5,3,0,12.0,1.0,2.0,8.0,199.12,True,False,False,False,False,True,False,False,False,False,False,False,False,False,True,False
51245,1,0.0,3,19.0,2.0,3,3,4,1,11.0,2.0,2.0,2.0,198.54,True,False,False,False,False,False,True,False,False,False,True,False,False,False,False,True
52955,1,1.0,1,9.0,4.0,4,3,4,0,12.0,2.0,2.0,1.0,159.85,True,False,False,False,False,True,False,False,True,False,False,False,True,False,False,True
53328,0,6.0,1,7.0,4.0,4,2,2,0,13.0,1.0,2.0,3.0,148.14,False,False,False,False,False,True,False,False,True,False,False,False,True,False,True,False
52882,0,1.0,1,16.0,3.0,4,4,3,0,17.0,2.0,2.0,4.0,147.79,False,True,False,False,True,False,False,False,False,False,False,False,True,False,False,True
50973,0,9.0,1,27.0,2.0,4,5,1,0,14.0,0.0,1.0,0.0,122.96000000000001,False,True,True,False,False,False,False,False,True,False,False,True,False,False,True,False
53812,0,10.0,3,7.0,4.0,4,3,8,0,14.0,2.0,2.0,1.0,193.15,True,False,False,False,False,True,False,False,False,False,True,False,False,False,False,True
54541,0,1.0,3,17.0,4.0,4,3,3,1,13.0,1.0,2.0,4.0,167.6,True,False,False,False,False,False,True,False,False,False,True,False,False,False,True,False
50144,0,18.0,1,26.0,3.0,3,2,1,1,14.0,0.0,2.0,10.0,234.95999999999998,True,False,False,False,True,False,False,False,True,True,False,False,False,False,False,False
53964,1,1.0,1,15.0,4.0,4,5,3,1,18.0,1.0,2.0,1.0,148.98,False,True,False,False,True,False,False,False,False,False,False,False,True,False,True,False
53770,0,13.0,1,13.0,3.0,4,4,6,0,19.0,1.0,3.0,3.0,208.76,True,False,False,False,False,True,False,False,False,False,False,False,False,False,False,True
50746,0,8.0,3,23.0,3.0,3,5,4,1,15.0,1.0,1.0,7.0,189.66,True,False,False,False,False,True,False,False,True,False,True,False,False,False,False,False
52222,0,0.0,3,27.0,3.0,1,1,2,0,17.0,2.0,2.0,2.0,126.78,False,True,False,False,False,False,True,False,True,False,False,True,False,False,False,True
51028,0,0.0,1,11.0,3.0,3,1,2,0,18.0,1.0,2.0,2.0,131.17,False,True,False,False,False,False,False,False,True,False,False,True,False,False,False,True
51985,0,22.0,1,6.0,2.0,3,5,3,0,16.0,0.0,1.0,2.0,135.8,False,True,True,False,False,False,False,False,False,False,False,False,True,False,True,False
51946,0,5.0,1,10.0,3.0,4,3,2,0,12.0,5.0,6.0,8.0,161.62,True,False,False,False,False,True,False,False,False,False,True,False,False,False,True,False
50632,0,5.0,1,35.0,3.0,3,3,10,0,12.0,5.0,7.0,7.0,140.25,False,False,False,False,True,False,False,False,False,False,False,False,True,False,False,True
52717,0,29.0,3,17.0,2.0,4,5,5,0,16.0,0.0,1.0,0.0,153.8,True,False,False,False,False,False,True,False,False,False,True,False,False,False,True,False
51392,0,7.0,3,29.0,3.0,3,3,1,0,20.0,0.0,8.0,7.0,145.68,False,False,False,False,False,False,True,False,True,False,True,False,False,False,False,True
52297,0,14.0,3,16.0,2.0,5,4,2,0,13.0,3.0,11.0,9.0,161.51,False,False,False,False,True,False,False,False,True,False,True,False,False,False,False,True
50125,0,18.0,1,13.0,3.0,2,3,5,0,17.0,0.0,1.0,2.0,164.34,False,False,False,False,False,True,False,False,True,False,True,False,False,False,False,False
52080,0,0.0,1,14.0,3.0,5,5,2,0,15.0,0.0,1.0,1.0,124.50999999999999,False,True,False,False,False,True,False,False,True,False,False,True,False,False,True,False
54173,0,5.0,1,33.0,3.0,4,3,3,0,18.0,4.0,5.0,4.0,154.11,True,False,False,False,False,True,False,False,True,False,False,False,True,False,True,False
54795,0,1.0,3,10.0,4.0,4,5,3,1,19.0,1.0,2.0,4.0,166.94,True,False,False,False,False,False,False,True,True,False,True,False,False,False,True,False
53058,0,24.0,1,17.0,4.0,5,2,8,0,16.0,1.0,2.0,3.0,229.96,True,False,False,True,False,False,False,False,True,False,False,False,False,False,False,True
52960,0,10.0,1,13.0,3.0,4,2,2,0,12.0,5.0,11.0,12.0,157.1,True,False,False,False,False,True,False,False,True,False,False,False,True,False,False,False
52809,0,4.0,1,11.0,3.0,3,5,1,0,19.0,1.0,1.0,7.0,199.36,False,False,False,False,True,False,False,False,True,False,True,False,False,False,False,True
53247,0,27.0,1,13.0,3.0,4,2,4,0,18.0,2.0,3.0,3.0,149.5,False,True,False,False,False,True,False,False,True,False,True,False,False,False,False,True
51025,0,0.0,1,25.0,3.0,4,5,2,0,11.0,0.0,1.0,7.0,140.66,False,True,False,False,False,False,False,True,True,False,False,False,True,False,True,False
54351,0,26.0,1,7.0,4.0,5,3,2,0,15.0,8.0,12.0,10.0,324.99,True,False,False,False,False,True,False,False,True,False,False,False,False,True,True,False
53132,0,16.0,1,12.0,4.0,4,3,6,0,18.0,3.0,3.0,1.0,145.93,False,False,False,False,False,False,False,True,True,False,False,False,True,False,False,False
55012,0,30.0,1,11.0,4.0,4,5,6,0,14.0,5.0,5.0,3.0,324.43,True,False,False,True,False,False,False,False,False,False,False,False,False,True,True,False
51429,0,11.0,1,12.0,3.0,5,1,8,1,12.0,0.0,1.0,9.0,153.29,False,False,False,False,True,False,False,False,False,False,True,False,False,False,True,False
53988,1,1.0,2,27.0,4.0,4,4,2,1,12.0,1.0,2.0,5.0,146.48,False,True,False,False,True,False,False,False,False,False,False,False,True,False,True,False
54109,0,12.0,1,13.0,4.0,5,3,4,0,12.0,3.0,8.0,8.0,178.21,False,False,False,False,False,True,False,False,True,False,True,False,False,False,True,False
53168,0,24.0,2,10.0,3.0,4,4,3,0,15.0,7.0,11.0,8.0,307.0,False,False,False,False,True,False,False,False,True,False,False,False,False,True,False,False
52433,0,9.0,3,13.0,2.0,3,3,1,1,25.0,3.0,5.0,7.0,123.08000000000001,False,True,True,False,False,False,False,False,True,False,False,True,False,False,True,False
55254,0,16.0,1,9.0,3.0,4,1,4,1,15.0,5.0,14.0,3.0,226.24,False,False,False,False,False,True,False,False,True,False,False,False,False,False,True,False
51764,0,0.0,1,29.0,3.0,3,1,2,0,22.0,0.0,1.0,2.0,128.86,False,True,False,False,False,True,False,False,False,False,False,True,False,False,True,False
51409,0,30.0,3,31.0,4.0,3,5,8,0,11.0,6.0,7.0,9.0,176.37,True,False,False,False,False,True,False,False,False,False,False,False,False,False,False,True
53747,1,1.0,3,7.0,4.0,4,3,5,0,16.0,2.0,2.0,3.0,154.09,False,False,True,False,False,False,False,False,True,False,False,False,True,False,False,False
53036,0,1.0,1,33.0,3.0,4,2,3,0,13.0,2.0,2.0,3.0,154.04,True,False,False,False,False,True,False,False,True,False,False,False,True,False,True,False
51051,0,12.0,1,18.0,3.0,3,4,5,0,21.0,1.0,1.0,0.0,152.95,True,False,False,False,True,False,False,False,True,False,True,False,False,False,True,False
51408,0,23.0,1,13.0,2.0,4,3,6,1,12.0,1.0,13.0,8.0,287.4,True,False,False,False,True,False,False,False,False,False,False,False,False,True,True,False
53699,0,28.0,1,7.0,3.0,4,2,8,0,15.0,6.0,13.0,8.0,298.28,True,False,False,False,True,False,False,False,False,True,False,False,False,False,False,True
53323,0,16.0,1,9.0,3.0,4,2,7,1,15.0,1.0,3.0,3.0,150.15,False,False,False,False,True,False,False,False,True,False,False,False,True,False,False,True
51558,0,0.0,3,26.0,2.0,3,3,2,0,14.0,1.0,1.0,7.0,199.81,False,False,False,False,False,True,False,False,False,False,True,False,False,False,False,True
50708,0,10.0,1,31.0,2.0,4,2,8,0,13.0,0.0,1.0,3.0,157.31,True,False,False,False,True,False,False,False,False,False,True,False,False,False,True,False
51009,0,16.0,1,33.0,2.0,1,4,6,0,12.0,1.0,1.0,2.0,148.76,False,True,True,False,False,False,False,False,True,False,False,False,True,False,True,False
50015,1,9.0,3,15.0,3.0,4,2,2,0,16.0,0.0,4.0,7.0,196.19,True,False,False,False,True,False,False,False,True,False,False,False,False,False,False,True
55296,0,20.0,3,8.0,3.0,2,5,3,0,15.0,1.0,2.0,13.0,300.67,True,False,False,False,False,True,False,False,True,True,False,False,False,False,False,True
51334,0,8.0,1,6.0,3.0,5,1,2,0,12.0,0.0,1.0,1.0,129.77,False,True,False,False,False,True,False,False,False,False,False,True,False,False,True,False
53843,0,1.0,1,12.0,4.0,4,1,3,0,19.0,2.0,3.0,3.0,156.17,True,False,False,False,True,False,False,False,True,False,False,False,True,False,False,True
53829,0,24.0,1,27.0,3.0,4,3,4,1,16.0,4.0,2.0,14.0,237.45,False,False,False,False,True,False,False,False,True,True,False,False,False,False,True,False
50883,1,0.0,1,20.0,2.0,3,2,1,1,12.0,2.0,7.0,7.0,175.53,False,False,False,False,False,False,False,True,False,False,False,False,False,False,False,True
53667,0,30.0,1,30.0,4.0,4,4,6,1,13.0,12.0,2.0,10.0,259.02,True,False,False,False,False,True,False,False,True,True,False,False,False,False,False,False
53309,0,1.0,1,9.0,4.0,2,5,9,0,14.0,2.0,2.0,2.0,159.24,True,False,False,False,True,False,False,False,True,False,False,False,True,False,False,True
53773,0,1.0,1,27.0,4.0,4,3,2,0,15.0,2.0,2.0,3.0,147.72,False,True,False,False,False,True,False,False,True,False,True,False,False,False,False,True
52424,0,17.0,1,34.0,2.0,3,5,4,0,13.0,1.0,14.0,14.5,263.28,True,False,False,False,False,True,False,False,True,True,False,False,False,False,True,False
53284,0,10.0,1,7.0,3.0,4,4,2,0,16.0,1.0,2.0,6.0,177.28,True,False,False,False,False,False,False,True,False,False,True,False,False,False,False,False
52250,0,21.0,1,7.0,3.0,4,1,7,0,12.0,1.0,1.0,0.0,282.65,True,False,False,False,False,True,False,False,True,False,False,False,False,True,False,True
52467,0,9.0,3,7.0,3.0,3,3,7,0,13.0,1.0,1.0,0.0,168.15,True,False,False,False,False,True,False,False,False,False,True,False,False,False,False,True
50234,0,9.0,3,6.0,2.0,3,2,5,0,15.0,1.0,1.0,0.0,166.53,False,False,False,False,True,False,False,False,False,False,True,False,False,False,False,True
52600,0,22.0,3,17.0,3.0,3,1,4,0,12.0,0.0,1.0,4.0,145.07,False,True,False,False,False,False,True,False,False,False,True,False,False,False,False,True
50375,0,6.0,3,14.0,2.0,3,3,1,0,12.0,1.0,1.0,2.0,171.04,True,False,False,False,False,False,True,False,True,False,True,False,False,False,True,False
53342,0,21.0,3,9.0,3.0,4,2,2,1,23.0,6.0,8.0,8.0,170.37,True,False,False,False,False,False,True,False,False,False,True,False,False,False,False,False
55148,0,25.0,3,9.0,3.0,4,4,4,0,12.0,4.0,4.0,3.0,230.96,False,False,False,False,False,False,True,False,True,False,False,False,False,False,True,False
50476,0,5.0,1,10.0,3.0,4,3,2,0,12.0,1.0,6.0,8.0,161.62,True,False,False,False,False,True,False,False,False,False,True,False,False,False,False,False
55629,0,23.0,3,9.0,4.0,5,4,4,0,15.0,2.0,2.0,9.0,178.9,False,False,False,False,True,False,False,False,True,False,True,False,False,False,True,False
53417,0,5.0,1,7.0,4.0,4,5,3,0,13.0,2.0,2.0,4.0,166.48,False,False,False,False,False,True,False,False,False,False,True,False,False,False,False,False
53526,0,9.0,2,15.0,4.0,4,3,3,0,18.0,1.0,2.0,5.0,168.23,True,False,True,False,False,False,False,False,True,False,False,False,True,False,False,True
54024,1,10.0,3,17.0,4.0,4,4,7,0,22.0,1.0,2.0,8.0,198.14,True,False,False,False,False,True,False,False,False,False,False,False,False,False,True,False
55039,0,16.0,2,9.0,4.0,2,5,9,0,17.0,2.0,2.0,4.0,187.72,False,False,False,False,True,False,False,False,True,False,True,False,False,False,True,False
54917,0,6.0,1,36.0,4.0,4,3,11,0,13.0,7.0,8.0,8.0,165.25,False,False,False,False,True,False,False,False,False,False,False,False,True,False,False,True
52903,0,1.0,3,27.0,3.0,4,3,3,0,15.0,2.0,2.0,3.0,224.81,False,False,False,False,False,True,False,False,False,False,True,False,False,False,False,True
54975,0,14.0,1,21.0,3.0,5,3,3,0,15.0,4.0,5.0,10.0,321.26,True,False,False,False,True,False,False,False,True,False,False,False,False,True,False,True
53248,0,9.0,1,9.0,4.0,4,5,4,0,12.0,1.0,2.0,1.0,175.93,False,False,False,False,False,True,False,False,False,False,True,False,False,False,True,False
54268,1,1.0,3,12.0,3.0,5,3,3,1,12.0,1.0,2.0,4.0,182.44,True,False,False,False,False,False,True,False,True,False,True,False,False,False,False,True
51591,0,4.0,1,9.0,3.0,3,3,10,0,12.0,2.0,2.0,2.0,236.75,False,False,False,False,True,False,False,False,True,False,False,False,False,False,True,False
55374,1,1.0,3,14.0,4.0,4,1,3,1,22.0,2.0,2.0,3.0,147.75,False,True,False,False,False,True,False,False,True,False,False,False,True,False,True,False
50748,0,6.0,3,31.0,2.0,3,3,2,0,12.0,0.0,1.0,1.0,145.39,False,False,False,False,True,False,False,False,False,False,True,False,False,False,False,False
51920,0,7.0,1,6.0,3.0,1,1,3,0,16.0,1.0,1.0,3.0,132.8,False,True,False,False,False,True,False,False,False,False,False,True,False,False,False,True
52659,1,0.0,2,14.0,2.0,4,5,5,1,15.0,2.0,2.0,0.0,123.35,False,True,False,False,False,False,False,True,True,False,False,True,False,False,True,False
50867,0,5.0,3,8.0,2.0,3,4,1,1,13.0,0.0,1.0,2.0,140.78,False,True,False,False,False,False,True,False,True,False,True,False,False,False,False,False
53921,0,1.0,1,36.0,4.0,4,5,3,0,14.0,2.0,2.0,3.0,164.07,True,False,False,False,True,False,False,False,True,False,False,False,True,False,True,False
52668,0,19.0,1,8.0,2.0,3,1,4,0,14.0,0.0,4.0,7.0,185.78,True,False,False,False,False,True,False,False,True,False,False,False,False,False,True,False
50048,0,9.0,1,9.0,1.0,3,4,5,0,12.0,4.0,7.0,2.0,120.88,False,False,False,False,False,False,False,False,True,False,False,True,False,False,False,True
52036,0,4.0,1,18.0,2.0,3,1,1,1,11.0,6.0,8.0,5.0,158.55,True,False,False,False,True,False,False,False,False,False,True,False,False,False,True,False
50443,0,7.0,3,8.0,2.0,3,2,2,0,22.0,0.0,1.0,4.0,162.74,True,False,False,False,False,False,False,True,True,False,True,False,False,False,False,True
52508,1,0.0,3,16.0,2.0,4,5,10,0,17.0,0.0,6.0,0.0,203.06,True,False,False,False,True,False,False,False,True,False,False,False,False,False,True,False
52502,0,13.0,1,21.0,3.0,4,3,2,0,13.0,6.0,14.0,12.0,204.35,True,False,False,False,False,True,False,False,False,False,False,False,False,False,True,False
50467,1,0.0,3,22.0,3.0,3,5,6,0,15.0,1.0,1.0,2.0,153.24,True,False,False,False,False,False,True,False,False,False,True,False,False,False,False,True
51030,0,20.0,2,32.0,3.0,3,3,4,0,15.0,1.0,1.0,0.0,296.58,True,False,False,False,False,True,False,False,False,False,False,False,False,True,True,False
52918,0,3.0,3,7.0,3.0,4,2,3,0,15.0,5.0,5.0,2.0,204.18,False,False,False,False,True,False,False,False,False,False,False,False,False,False,False,False
54592,0,28.0,1,6.0,3.0,4,3,9,0,12.0,1.0,2.0,1.0,162.8,True,False,False,False,False,True,False,False,False,False,True,False,False,False,False,True
50858,0,11.0,1,14.0,2.0,1,3,2,0,11.0,0.0,1.0,3.0,126.1,False,False,False,False,False,True,False,False,True,False,False,True,False,False,True,False
54256,0,28.0,1,9.0,3.0,4,3,11,0,13.0,1.0,2.0,4.0,260.49,True,False,False,True,False,False,False,False,False,False,False,False,False,False,True,False
50644,0,13.0,3,32.0,3.0,3,5,2,0,14.0,5.0,7.0,5.0,183.96,True,False,False,False,False,False,True,False,True,False,True,False,False,False,False,False
52274,1,7.0,1,21.0,3.0,3,1,2,0,11.0,0.0,1.0,5.0,179.78,True,False,False,False,True,False,False,False,False,False,False,False,False,False,True,False
54470,0,5.0,1,12.0,3.0,4,1,2,1,13.0,2.0,2.0,4.0,173.21,True,False,True,False,False,False,False,False,True,False,False,False,True,False,True,False
53602,1,1.0,3,31.0,4.0,6,2,3,1,15.0,2.0,2.0,1.0,136.18,False,False,False,False,False,True,False,False,True,False,False,False,True,False,False,True
53684,0,1.0,3,25.0,4.0,2,3,4,0,12.0,1.0,2.0,3.0,187.32,True,False,False,False,False,True,False,False,True,False,True,False,False,False,False,False
53540,1,7.0,3,16.0,3.0,6,3,10,0,14.0,2.0,2.0,4.0,178.46,True,False,False,False,False,False,True,False,False,False,True,False,False,False,False,True
54567,0,26.0,1,10.0,3.0,5,3,4,1,15.0,2.0,2.0,5.0,204.69,True,False,False,False,True,False,False,False,True,False,False,False,False,False,True,False
54754,0,10.0,1,7.0,3.0,4,4,2,0,16.0,2.0,2.0,6.0,177.28,True,False,False,False,False,False,False,True,False,False,True,False,False,False,True,False
53566,0,18.0,1,36.0,3.0,4,2,3,0,26.0,2.0,2.0,14.5,170.41,True,False,False,False,False,False,False,True,True,False,True,False,False,False,False,True
54735,0,8.0,1,7.0,4.0,2,1,4,0,17.0,2.0,2.0,4.0,157.8,True,False,False,False,False,True,False,False,False,False,False,False,True,False,False,True
50694,0,4.0,3,26.0,3.0,1,2,1,0,12.0,1.0,2.0,2.0,127.91,False,False,False,False,False,True,False,False,True,False,False,True,False,False,False,False
53845,0,21.0,2,33.0,4.0,4,3,5,0,15.0,2.0,2.0,1.0,321.58,True,False,False,False,False,True,False,False,False,False,False,False,False,True,True,False
54159,0,23.0,3,9.0,4.0,5,4,4,0,15.0,2.0,2.0,9.0,178.9,False,False,False,False,True,False,False,False,True,False,True,False,False,False,True,False
51919,1,0.0,3,14.0,2.0,4,5,7,0,17.0,0.0,1.0,2.0,153.26,True,False,True,False,False,False,False,False,True,False,True,False,False,False,False,True
54492,0,1.0,3,7.0,4.0,4,4,2,1,14.0,1.0,2.0,5.0,188.49,False,False,False,False,False,False,True,False,True,False,True,False,False,False,True,False
50315,1,0.0,1,26.0,3.0,3,3,4,0,12.0,1.0,1.0,0.0,198.24,False,False,False,False,False,True,False,False,True,False,False,False,False,False,False,False
54846,0,1.0,3,7.0,3.0,5,5,3,0,13.0,1.0,2.0,8.0,167.94,False,False,False,False,True,False,False,False,True,False,True,False,False,False,False,True
52753,0,0.0,1,7.0,2.0,4,3,2,0,12.0,1.0,1.0,2.0,146.17,False,True,False,False,False,True,False,False,True,False,True,False,False,False,False,True
51910,0,18.0,3,8.0,2.0,5,3,1,0,13.0,1.0,3.0,1.0,166.32,True,False,True,False,False,False,False,False,True,False,True,False,False,False,False,True
51816,0,0.0,3,14.0,2.0,3,1,1,0,13.0,1.0,2.0,1.0,124.0,False,False,False,False,False,False,False,False,True,False,False,True,False,False,True,False
55175,0,5.0,1,15.0,4.0,4,4,5,0,12.0,1.0,2.0,1.0,289.22,True,False,False,False,False,True,False,False,False,True,False,False,False,False,False,True
52171,0,2.0,1,14.0,3.0,4,1,2,1,15.0,1.0,1.0,2.0,150.56,True,False,False,False,True,False,False,False,True,False,True,False,False,False,True,False
53366,0,5.0,3,14.0,3.0,5,3,5,0,16.0,4.0,6.0,3.0,148.29,False,True,False,False,False,True,False,False,True,False,False,False,True,False,False,False
50527,0,20.0,3,8.0,2.0,3,2,1,1,22.0,5.0,7.0,7.0,145.37,False,True,False,False,False,False,True,False,False,False,True,False,False,False,False,False
52103,0,7.0,3,6.0,3.0,1,1,1,0,11.0,0.0,1.0,9.0,197.25,True,False,False,False,False,False,True,False,True,False,True,False,False,False,True,False
53114,0,4.0,3,29.0,4.0,4,5,2,0,12.0,3.0,8.0,9.0,209.12,False,False,False,False,False,False,False,True,False,False,False,False,False,False,False,False
53470,1,15.0,1,11.0,3.0,4,3,11,1,13.0,2.0,3.0,8.0,149.61,True,False,False,False,False,True,False,False,True,False,False,False,True,False,False,False
50499,0,3.0,1,11.0,3.0,4,2,10,0,12.0,0.0,1.0,3.0,137.61,False,False,False,False,False,True,False,False,True,False,False,False,True,False,True,False
51846,0,5.0,1,15.0,3.0,3,1,2,1,12.0,1.0,1.0,5.0,163.22,True,False,False,False,False,True,False,False,False,False,True,False,False,False,True,False
51462,0,7.0,1,11.0,2.0,4,5,3,0,12.0,2.0,5.0,3.0,216.31,True,False,False,False,True,False,False,False,False,False,False,False,False,False,False,True
55397,1,1.0,3,20.0,4.0,5,5,7,1,14.0,2.0,3.0,3.0,186.34,True,False,False,False,False,False,True,False,True,False,True,False,False,False,True,False
51998,0,10.0,3,25.0,2.0,3,4,2,1,13.0,0.0,1.0,9.0,176.42,False,False,False,False,True,False,False,False,True,False,False,False,False,False,False,True
52312,1,20.0,1,13.0,2.0,4,5,8,1,14.0,1.0,5.0,9.0,200.08,True,False,False,False,True,False,False,False,False,False,False,False,False,False,True,False
51154,0,9.0,1,16.0,2.0,3,5,8,1,13.0,1.0,5.0,7.0,183.21,True,False,False,False,False,True,False,False,True,False,False,False,False,False,True,False
54152,1,14.0,3,35.0,3.0,5,5,6,1,14.0,1.0,2.0,1.0,233.54000000000002,True,False,False,False,False,False,True,False,True,False,False,False,False,False,True,False
54070,1,1.0,2,29.0,3.0,5,4,3,0,13.0,2.0,2.0,1.0,153.63,False,False,False,False,False,False,False,True,False,False,False,False,True,False,True,False
53409,0,19.0,1,30.0,3.0,4,5,3,1,16.0,2.0,2.0,9.0,161.33,False,False,False,False,False,True,False,False,True,False,True,False,False,False,False,False
54453,0,5.0,3,12.0,3.0,4,4,3,0,12.0,1.0,3.0,3.0,152.89,False,False,False,False,False,False,True,False,False,False,False,False,True,False,True,False
54886,1,1.0,1,21.0,3.0,5,4,3,1,25.0,2.0,2.0,3.0,162.43,True,False,False,False,False,False,False,True,True,False,False,False,True,False,True,False
51696,0,15.0,2,8.0,3.0,3,3,1,1,11.0,1.0,1.0,0.0,126.96000000000001,False,True,True,False,False,False,False,False,True,False,False,True,False,False,True,False
55359,0,7.0,3,23.0,3.0,4,1,3,1,26.0,1.0,2.0,3.0,178.68,False,False,False,False,False,True,False,False,False,False,True,False,False,False,True,False
55352,0,5.0,3,12.0,4.0,4,1,3,0,12.0,1.0,2.0,3.0,179.76,True,False,False,False,False,True,False,False,False,False,True,False,False,False,True,False
53227,0,31.0,3,23.0,3.0,4,5,10,0,15.0,2.0,3.0,3.0,179.05,True,False,False,False,False,False,True,False,True,False,True,False,False,False,False,True
53764,0,2.0,1,36.0,4.0,6,4,3,0,15.0,2.0,2.0,8.0,190.49,True,False,False,False,False,True,False,False,True,False,True,False,False,False,False,False
50369,0,17.0,2,6.0,2.0,4,3,5,0,11.0,1.0,1.0,2.0,159.85,True,False,False,False,False,True,False,False,False,False,True,False,False,False,False,True
55135,0,1.0,3,9.0,3.0,6,1,5,0,21.0,1.0,2.0,1.0,175.71,False,False,False,False,False,True,False,False,True,False,True,False,False,False,False,True
53226,0,15.0,2,17.0,4.0,5,2,5,0,15.0,13.0,13.0,7.0,316.41,True,False,False,False,False,False,False,True,True,False,False,False,False,True,True,False
54516,0,1.0,3,7.0,3.0,4,3,3,0,18.0,1.0,8.0,8.0,177.96,True,False,False,False,False,True,False,False,True,False,True,False,False,False,True,False
51684,0,3.0,3,11.0,1.0,4,3,2,0,13.0,1.0,1.0,2.0,161.18,True,False,False,False,False,False,True,False,False,False,True,False,False,False,True,False
53332,0,6.0,3,12.0,3.0,4,4,3,0,15.0,3.0,6.0,4.0,190.24,False,False,False,False,False,True,False,False,True,False,True,False,False,False,False,False
51007,0,7.0,1,16.0,3.0,4,3,2,0,14.0,2.0,7.0,7.0,150.63,False,False,True,False,False,False,False,False,True,False,True,False,False,False,True,False
51527,0,9.0,1,33.0,3.0,3,4,3,0,15.0,0.0,1.0,2.0,123.11000000000001,False,True,False,False,False,False,False,False,False,False,False,True,False,False,False,True
50617,0,15.0,3,11.0,2.0,3,3,7,0,13.0,1.0,1.0,0.0,283.03,True,False,False,False,False,False,True,False,True,False,False,False,False,True,False,False
52928,0,26.0,3,9.0,4.0,5,3,3,1,15.0,8.0,16.0,13.0,315.68,False,False,False,False,False,True,False,False,True,False,False,False,False,True,False,True
52178,0,10.0,1,31.0,2.0,4,1,8,0,13.0,1.0,1.0,3.0,157.31,True,False,False,False,True,False,False,False,False,False,True,False,False,False,True,False
54228,0,19.0,1,14.0,3.0,4,5,4,0,18.0,1.0,2.0,3.0,222.24,True,False,False,False,False,True,False,False,True,False,False,False,False,False,True,False
52415,0,9.0,1,7.0,3.0,4,3,2,0,14.0,0.0,1.0,0.0,115.63,True,False,False,False,False,True,False,False,True,False,False,False,True,False,True,False
50173,0,8.0,3,22.0,3.0,3,4,1,0,15.0,3.0,6.0,9.0,180.2,True,False,False,False,False,False,True,False,True,False,False,False,False,False,False,False
54093,0,5.0,1,9.0,3.0,6,1,3,1,12.0,2.0,2.0,1.0,136.29,False,True,False,False,True,False,False,False,False,False,False,False,True,False,True,False
52690,0,10.0,1,13.0,3.0,3,5,6,1,22.0,0.0,1.0,4.0,142.84,False,True,False,False,True,False,False,False,True,False,True,False,False,False,True,False
50699,0,2.0,1,16.0,3.0,3,4,1,0,14.0,1.0,1.0,1.0,132.91,False,False,False,False,False,True,False,False,False,False,False,True,False,False,True,False
53577,0,4.0,1,7.0,4.0,4,4,2,1,22.0,2.0,6.0,8.0,160.79,True,False,False,False,True,False,False,False,True,False,False,False,True,False,False,False
52834,1,1.0,1,14.0,4.0,6,3,3,1,25.0,2.0,2.0,7.0,185.74,False,False,False,False,False,True,False,False,True,False,True,False,False,False,False,True
53833,0,19.0,1,12.0,3.0,6,5,3,1,15.0,2.0,2.0,5.0,182.69,True,False,False,False,True,False,False,False,False,False,True,False,False,False,False,True
51059,0,9.0,1,9.0,3.0,1,5,7,0,20.0,1.0,1.0,4.0,168.42,True,False,False,False,False,True,False,False,True,False,True,False,False,False,True,False
52172,0,11.0,2,6.0,3.0,1,3,2,0,13.0,3.0,5.0,0.0,128.44,False,True,False,False,False,False,False,True,True,False,False,True,False,False,True,False
51533,0,28.0,1,20.0,3.0,1,4,9,0,11.0,1.0,2.0,14.5,287.22,True,False,False,False,True,False,False,False,True,False,False,False,False,True,False,True
54907,0,15.0,1,14.0,3.0,6,3,3,0,23.0,6.0,6.0,11.0,324.73,False,False,False,False,False,True,False,False,False,False,False,False,False,True,True,False
52737,0,11.0,3,7.0,3.0,4,5,5,0,14.0,1.0,1.0,0.0,128.58,False,True,False,False,False,True,False,False,True,False,False,True,False,False,False,True
53491,1,1.0,1,5.0,3.0,5,4,3,0,16.0,1.0,2.0,1.0,150.96,False,False,False,False,True,False,False,False,True,False,False,False,True,False,True,False
53628,0,13.0,1,20.0,4.0,5,4,8,1,15.0,14.0,16.0,3.0,296.23,True,False,False,False,True,False,False,False,False,True,False,False,False,False,True,False
52829,1,1.0,1,16.0,4.0,5,3,2,1,18.0,1.0,2.0,1.0,158.88,True,False,False,False,True,False,False,False,True,False,False,False,True,False,False,False
54328,0,4.0,3,12.0,3.0,4,1,4,0,13.0,2.0,8.0,3.0,219.19,True,False,False,False,False,True,False,False,False,False,False,False,False,False,True,False
52160,0,13.0,1,20.0,2.0,4,3,2,0,15.0,3.0,4.0,9.0,296.26,True,False,False,False,True,False,False,False,True,False,False,False,False,True,False,True
51742,0,16.0,1,14.0,3.0,3,3,5,1,14.0,1.0,1.0,2.0,145.22,False,True,False,False,False,False,False,True,False,False,True,False,False,False,True,False
55470,0,1.0,3,17.0,3.0,4,1,3,0,14.0,2.0,2.0,3.0,171.84,True,False,False,False,True,False,False,False,True,False,True,False,False,False,False,True
55467,0,5.0,3,14.0,4.0,4,5,4,0,15.0,3.0,3.0,3.0,221.37,False,False,False,False,False,False,True,False,False,False,False,False,False,False,True,False
50545,1,2.0,1,14.0,3.0,3,5,8,1,21.0,1.0,2.0,2.0,124.03999999999999,False,True,False,False,False,False,False,False,True,False,False,True,False,False,False,False
51304,0,9.0,3,6.0,3.0,4,4,1,0,14.0,0.0,2.0,2.0,122.69,False,True,False,False,False,False,False,False,True,False,False,True,False,False,True,False
54501,0,11.0,1,12.0,4.0,4,1,9,0,17.0,2.0,2.0,5.0,188.47,True,False,False,False,True,False,False,False,True,False,True,False,False,False,True,False
51972,0,5.0,1,14.0,3.0,1,3,6,0,12.0,1.0,1.0,3.0,151.75,True,False,False,False,True,False,False,False,False,False,True,False,False,False,True,False
50007,1,9.0,3,11.0,2.0,3,2,4,0,14.0,0.0,1.0,0.0,120.86000000000001,False,True,False,True,False,False,False,False,True,False,True,False,False,False,False,False
55545,0,8.0,3,8.0,3.0,4,1,3,0,22.0,3.0,3.0,3.0,223.88,True,False,False,False,False,False,True,False,True,False,False,False,False,False,False,True
53745,0,23.0,1,14.0,3.0,4,4,5,0,15.0,1.0,2.0,3.0,229.66,True,False,False,False,False,True,False,False,True,False,False,False,False,False,True,False
54490,0,21.0,1,12.0,3.0,4,3,6,0,15.0,2.0,2.0,2.0,308.0,True,False,False,False,False,True,False,False,True,False,False,False,False,True,True,False
55564,0,13.0,3,22.0,4.0,4,5,2,0,13.0,5.0,2.0,11.0,258.41,True,False,False,False,False,False,True,False,True,True,False,False,False,False,False,True
53353,1,1.0,3,9.0,3.0,5,3,3,0,14.0,1.0,2.0,3.0,145.44,False,True,False,False,True,False,False,False,False,False,False,False,True,False,False,True
53853,1,1.0,3,17.0,3.0,5,5,11,0,18.0,5.0,7.0,3.0,228.06,True,False,False,False,True,False,False,False,True,False,False,False,False,False,True,False
53312,0,10.0,3,7.0,3.0,4,2,3,1,15.0,3.0,5.0,12.0,187.01,True,False,False,False,False,True,False,False,True,False,True,False,False,False,False,False
52516,0,0.0,1,14.0,2.0,3,1,3,0,13.0,0.0,1.0,2.0,125.80000000000001,False,False,False,False,False,False,False,False,True,False,False,True,False,False,False,True
55395,0,21.0,3,9.0,3.0,4,4,9,0,12.0,1.0,2.0,1.0,174.78,False,False,False,False,False,False,True,False,True,False,True,False,False,False,True,False
55427,0,15.0,1,16.0,4.0,4,5,3,0,21.0,1.0,2.0,5.0,147.89,False,True,False,False,False,True,False,False,True,False,False,False,True,False,True,False
52705,0,7.0,3,9.0,3.0,4,1,4,1,12.0,0.0,1.0,1.0,181.03,True,False,False,False,True,False,False,False,False,False,True,False,False,False,True,False
52916,0,31.0,1,10.0,4.0,5,2,5,0,18.0,1.0,2.0,1.0,146.77,False,True,False,False,False,True,False,False,True,False,False,False,True,False,False,False
54954,0,2.0,1,22.0,3.0,4,3,3,0,17.0,1.0,3.0,3.0,147.07,False,True,False,False,False,True,False,False,True,False,False,False,True,False,True,False
53882,0,5.0,3,12.0,4.0,4,1,3,0,12.0,1.0,2.0,3.0,179.76,True,False,False,False,False,True,False,False,False,False,True,False,False,False,True,False
51356,0,8.0,1,14.0,2.0,1,4,1,0,13.0,1.0,1.0,3.0,124.25999999999999,False,True,False,False,False,False,False,False,True,False,False,True,False,False,True,False
51754,0,25.0,1,10.0,1.0,3,1,3,0,13.0,1.0,1.0,4.0,265.55,True,False,False,False,False,True,False,False,False,True,False,False,False,False,True,False
52084,0,12.0,1,6.0,3.0,4,1,2,0,16.0,9.0,11.0,3.0,227.42000000000002,True,False,False,False,False,True,False,False,False,True,False,False,False,False,True,False
55322,0,12.0,1,9.0,3.0,5,3,5,1,20.0,1.0,2.0,3.0,202.56,True,False,False,False,True,False,False,False,False,False,False,False,False,False,True,False
55044,0,7.0,1,16.0,3.0,4,1,2,0,14.0,1.0,5.0,11.0,152.81,True,False,False,False,True,False,False,False,True,False,False,False,True,False,True,False
55100,1,1.0,1,14.0,4.0,4,3,3,0,19.0,1.0,2.0,2.0,173.83,True,False,False,False,False,True,False,False,True,False,True,False,False,False,True,False
53939,0,1.0,1,15.0,4.0,4,1,3,0,12.0,2.0,2.0,5.0,159.45,True,False,False,False,True,False,False,False,False,False,False,False,True,False,False,True
51300,0,8.0,1,15.0,2.0,3,3,2,0,19.0,0.0,1.0,8.0,150.98,True,False,False,False,True,False,False,False,True,False,True,False,False,False,False,True
52136,0,6.0,1,11.0,2.0,4,1,5,0,15.0,1.0,1.0,2.0,171.19,True,False,False,False,False,True,False,False,True,False,False,False,False,False,True,False
53881,0,6.0,1,9.0,3.0,4,4,2,0,14.0,1.0,2.0,7.0,179.7,True,False,False,False,True,False,False,False,True,False,True,False,False,False,True,False
52043,0,9.0,3,26.0,2.0,3,1,2,0,15.0,0.0,1.0,2.0,121.57,False,False,False,True,False,False,False,False,False,False,False,True,False,False,True,False
51111,0,19.0,3,8.0,3.0,3,1,5,1,12.0,0.0,1.0,3.0,203.68,True,False,False,False,False,True,False,False,True,False,False,False,False,False,True,False
53644,1,8.0,1,10.0,3.0,4,5,6,0,13.0,2.0,2.0,3.0,148.62,False,True,False,False,False,True,False,False,True,False,False,False,True,False,False,False
54974,1,3.0,1,9.0,3.0,4,1,9,0,12.0,11.0,2.0,6.0,246.69,False,False,False,False,False,True,False,False,True,True,False,False,False,False,True,False
52596,0,2.0,1,7.0,3.0,1,3,9,1,12.0,1.0,1.0,2.0,162.94,False,False,False,False,False,True,False,False,True,False,True,False,False,False,False,True
51705,0,9.0,3,9.0,2.0,4,1,5,0,11.0,0.0,1.0,12.0,196.99,False,False,False,False,True,False,False,False,True,False,False,False,False,False,True,False
52385,1,0.0,2,15.0,3.0,3,3,2,0,15.0,2.0,2.0,2.0,127.41999999999999,False,True,True,False,False,False,False,False,False,False,False,True,False,False,True,False
53191,0,6.0,1,16.0,4.0,4,2,3,1,13.0,2.0,2.0,6.0,188.22,True,False,False,False,False,True,False,False,False,False,True,False,False,False,False,False
54685,0,8.0,1,16.0,3.0,5,4,3,0,15.0,5.0,8.0,3.0,211.21,True,False,False,False,True,False,False,False,False,False,False,False,False,False,False,True
51790,0,21.0,3,8.0,2.0,3,1,3,0,14.0,6.0,6.0,7.0,140.51,False,True,False,False,False,False,True,False,False,False,True,False,False,False,True,False
54272,1,1.0,1,14.0,4.0,6,3,3,1,25.0,2.0,2.0,7.0,185.74,False,False,False,False,False,True,False,False,True,False,True,False,False,False,False,True
55522,0,1.0,1,13.0,4.0,2,1,2,0,19.0,3.0,8.0,8.0,150.44,False,False,False,False,False,False,False,True,True,False,False,False,True,False,True,False
55367,0,1.0,1,14.0,4.0,4,1,3,0,21.0,1.0,6.0,8.0,150.7,False,False,False,False,True,False,False,False,True,False,False,False,True,False,False,True
53464,0,10.0,1,19.0,3.0,5,2,2,0,12.0,6.0,8.0,3.0,213.58,True,False,False,False,True,False,False,False,False,False,False,False,False,False,False,True
55257,0,14.0,2,13.0,3.0,4,1,3,1,22.0,1.0,8.0,8.0,289.37,True,False,False,False,True,False,False,False,True,True,False,False,False,False,False,True
52566,0,9.0,3,8.0,2.0,3,1,4,0,15.0,6.0,6.0,7.0,145.02,False,True,False,False,False,True,False,False,False,False,True,False,False,False,False,True
51317,0,29.0,1,6.0,2.0,3,3,2,0,21.0,0.0,1.0,9.0,163.06,False,False,False,False,False,True,False,False,True,False,True,False,False,False,True,False
54399,0,6.0,3,11.0,3.0,4,4,4,0,12.0,2.0,2.0,3.0,164.31,True,False,False,False,False,True,False,False,False,False,False,False,True,False,True,False
54945,0,12.0,1,24.0,4.0,5,3,2,0,19.0,2.0,2.0,3.0,213.23,True,False,False,False,False,True,False,False,False,False,False,False,False,False,True,False
55081,0,8.0,1,26.0,3.0,4,4,6,0,14.0,1.0,6.0,11.0,169.44,False,False,False,False,True,False,False,False,False,False,True,False,False,False,True,False
50243,0,23.0,1,16.0,3.0,4,2,7,0,15.0,0.0,1.0,3.0,204.96,True,False,False,True,False,False,False,False,True,False,False,False,False,False,False,True
51833,0,0.0,1,6.0,3.0,4,4,2,0,13.0,0.0,1.0,0.0,128.36,False,True,False,False,False,True,False,False,False,False,False,True,False,False,False,True
50044,0,11.0,3,6.0,2.0,4,2,5,0,22.0,1.0,1.0,1.0,186.86,True,False,False,False,False,True,False,False,False,False,True,False,False,False,False,True
53195,1,9.0,3,33.0,4.0,4,5,4,0,15.0,1.0,2.0,1.0,167.86,False,False,False,False,False,True,False,False,False,False,True,False,False,False,False,False
50752,0,0.0,3,27.0,3.0,1,2,2,0,17.0,0.0,2.0,2.0,126.78,False,True,False,False,False,False,True,False,True,False,False,True,False,False,False,True
51034,0,10.0,1,25.0,2.0,3,3,4,0,17.0,0.0,1.0,2.0,157.68,True,False,False,False,False,True,False,False,True,False,True,False,False,False,True,False
52735,0,4.0,1,7.0,2.0,5,5,2,0,21.0,6.0,8.0,7.0,150.03,False,False,False,False,False,True,False,False,True,False,True,False,False,False,True,False
50868,0,12.0,1,31.0,3.0,3,3,4,0,21.0,0.0,1.0,5.0,209.2,False,False,False,False,False,True,False,False,True,False,False,False,False,False,False,False
51883,0,0.0,1,16.0,2.0,3,5,2,0,21.0,0.0,1.0,7.0,187.93,False,False,False,False,False,True,False,False,True,False,False,False,False,False,True,False
54221,0,6.0,1,7.0,3.0,4,1,3,1,23.0,6.0,8.0,9.0,186.62,True,False,False,False,True,False,False,False,True,False,True,False,False,False,True,False
51024,0,12.0,1,16.0,3.0,3,5,3,0,13.0,4.0,7.0,7.0,153.77,True,False,False,False,True,False,False,False,True,False,True,False,False,False,True,False
52167,0,22.0,3,14.0,2.0,4,4,7,0,17.0,1.0,2.0,3.0,231.2,True,False,False,True,False,False,False,False,True,True,False,False,False,False,True,False
50327,0,15.0,1,30.0,2.0,3,5,2,1,21.0,4.0,5.0,8.0,174.06,True,False,False,False,True,False,False,False,True,False,False,False,False,False,False,False
51254,0,15.0,3,18.0,3.0,3,1,4,1,12.0,0.0,1.0,0.0,150.87,True,False,False,False,False,False,True,False,True,False,True,False,False,False,True,False
50091,0,14.0,3,12.0,3.0,3,2,4,1,18.0,0.0,2.0,0.0,235.91000000000003,True,False,False,False,False,True,False,False,False,False,False,False,False,False,False,True
54730,0,10.0,3,15.0,4.0,5,5,3,0,16.0,1.0,2.0,10.0,200.87,False,False,False,False,False,True,False,False,True,False,False,False,False,False,False,True
51120,0,3.0,1,8.0,3.0,4,5,1,0,16.0,0.0,1.0,7.0,149.68,False,False,True,False,False,False,False,False,False,False,False,False,True,False,False,True
52229,0,6.0,1,15.0,3.0,3,1,1,0,13.0,0.0,4.0,10.0,127.81,False,True,False,False,False,False,False,False,True,False,False,True,False,False,True,False
52708,0,18.0,1,7.0,2.0,3,3,5,0,12.0,0.0,1.0,3.0,153.99,False,False,False,False,True,False,False,False,True,False,True,False,False,False,False,True
53179,0,16.0,1,9.0,3.0,4,2,3,0,14.0,3.0,3.0,3.0,165.89,True,False,False,False,False,True,False,False,False,False,True,False,False,False,False,False
50477,0,13.0,1,22.0,2.0,4,3,7,0,14.0,1.0,1.0,0.0,150.94,False,False,False,False,True,False,False,False,True,False,True,False,False,False,False,True
52041,1,0.0,3,6.0,2.0,4,3,6,0,11.0,5.0,11.0,14.5,206.08999999999997,True,False,False,False,False,True,False,False,True,False,False,False,False,False,True,False
50399,0,23.0,1,34.0,3.0,2,3,2,1,11.0,3.0,3.0,8.0,132.21,False,True,False,False,False,False,False,False,True,False,False,True,False,False,False,False
53453,1,1.0,1,9.0,3.0,4,5,8,1,15.0,2.0,2.0,3.0,145.42,False,False,False,False,False,True,False,False,True,False,False,False,True,False,False,False
52855,0,1.0,1,10.0,4.0,5,3,3,1,16.0,1.0,2.0,2.0,150.66,False,False,False,False,True,False,False,False,True,False,False,False,True,False,True,False
52786,0,9.0,1,10.0,3.0,3,4,8,0,13.0,0.0,1.0,2.0,151.31,False,False,False,False,False,True,False,False,False,False,True,False,False,False,True,False
50017,1,0.0,1,12.0,3.0,4,2,2,1,18.0,1.0,1.0,0.0,129.26,False,False,False,False,False,True,False,False,False,False,False,True,False,False,False,True
51269,0,0.0,3,15.0,2.0,3,1,2,0,14.0,0.0,1.0,7.0,141.05,False,True,False,False,False,False,True,False,True,False,True,False,False,False,False,True
55483,0,20.0,1,9.0,3.0,4,1,5,0,15.0,1.0,5.0,3.0,210.78,True,False,False,False,False,True,False,False,True,False,False,False,False,False,True,False
50504,0,10.0,3,22.0,3.0,4,3,5,0,19.0,1.0,1.0,0.0,163.34,True,False,False,False,False,False,True,False,True,False,True,False,False,False,True,False
53866,0,13.0,1,19.0,4.0,4,4,6,0,22.0,2.0,2.0,1.0,177.95,True,False,False,False,True,False,False,False,True,False,True,False,False,False,True,False
53946,1,1.0,3,23.0,4.0,4,5,4,1,21.0,1.0,2.0,3.0,210.64,True,False,False,False,False,True,False,False,False,False,False,False,False,False,False,True
53032,0,12.0,1,22.0,4.0,5,2,2,1,15.0,2.0,2.0,10.0,240.10000000000002,True,False,False,False,False,True,False,False,True,False,False,False,False,False,True,False
50595,0,20.0,3,10.0,2.0,3,2,2,1,17.0,1.0,1.0,7.0,141.63,False,True,False,False,False,True,False,False,False,False,True,False,False,False,False,True
54689,1,14.0,3,15.0,3.0,4,3,5,1,15.0,1.0,2.0,4.0,192.96,False,False,False,True,False,False,False,False,True,False,True,False,False,False,True,False
53127,1,1.0,1,17.0,3.0,6,2,9,0,14.0,1.0,2.0,4.0,159.08,True,False,False,False,True,False,False,False,True,False,False,False,True,False,True,False
51862,0,0.0,1,10.0,3.0,1,5,3,0,16.0,0.0,1.0,2.0,128.19,False,True,False,False,False,False,False,False,True,False,False,True,False,False,True,False
51343,0,0.0,1,10.0,2.0,1,4,2,1,20.0,1.0,1.0,3.0,161.42,True,False,False,False,False,True,False,False,True,False,True,False,False,False,True,False
53876,0,17.0,1,22.0,4.0,5,3,3,0,15.0,5.0,7.0,12.0,301.03,True,False,False,False,False,True,False,False,True,True,False,False,False,False,True,False
51714,1,3.0,3,28.0,3.0,4,3,3,1,12.0,1.0,1.0,0.0,163.8,True,False,False,False,False,False,True,False,True,False,True,False,False,False,True,False
55560,0,17.0,1,18.0,2.0,4,3,3,0,18.0,2.0,2.0,10.0,200.1,True,False,False,False,False,True,False,False,True,False,False,False,False,False,True,False
55146,1,1.0,1,29.0,4.0,4,3,3,1,16.0,6.0,7.0,8.0,186.79,True,False,False,False,True,False,False,False,True,False,True,False,False,False,True,False
52168,0,7.0,1,8.0,3.0,3,3,3,0,11.0,1.0,1.0,2.0,140.33,False,False,False,False,False,True,False,False,True,False,True,False,False,False,False,True
51567,0,6.0,1,14.0,2.0,4,4,7,0,21.0,0.0,1.0,1.0,126.22,False,True,False,False,False,False,False,False,False,False,False,True,False,False,True,False
54310,0,1.0,1,10.0,4.0,4,4,3,0,15.0,2.0,2.0,1.0,139.83,False,True,False,False,True,False,False,False,False,False,False,False,True,False,False,True
55595,0,26.0,3,36.0,3.0,4,1,4,0,16.0,2.0,2.0,1.0,159.82,False,False,False,False,False,True,False,False,True,False,False,False,True,False,True,False
54428,0,1.0,1,12.0,3.0,2,5,3,0,13.0,2.0,2.0,6.0,165.0,False,False,False,False,False,True,False,False,True,False,True,False,False,False,True,False
51606,0,5.0,1,13.0,3.0,1,4,2,0,20.0,0.0,1.0,3.0,127.94,False,False,False,False,False,True,False,False,True,False,False,True,False,False,True,False
54741,0,9.0,3,15.0,4.0,4,1,3,0,17.0,2.0,2.0,3.0,150.72,True,False,False,False,False,True,False,False,False,False,False,False,True,False,True,False
55028,0,24.0,1,9.0,2.0,4,5,4,0,15.0,1.0,3.0,3.0,303.56,False,False,False,False,True,False,False,False,False,True,False,False,False,False,True,False
50626,0,17.0,3,34.0,2.0,1,2,4,1,18.0,1.0,2.0,11.0,233.2,True,False,False,False,True,False,False,False,False,True,False,False,False,False,False,False
53533,1,1.0,1,19.0,4.0,4,2,3,1,12.0,2.0,2.0,1.0,150.15,True,False,False,False,False,True,False,False,False,False,False,False,True,False,False,False
55580,0,16.0,1,25.0,3.0,4,5,8,1,18.0,2.0,2.0,3.0,179.1,True,False,False,False,False,True,False,False,True,False,True,False,False,False,True,False
50053,1,0.0,1,8.0,2.0,4,2,2,0,22.0,0.0,1.0,0.0,111.02000000000001,True,False,False,False,False,True,False,False,True,False,False,False,True,False,False,True
50120,0,18.0,1,6.0,3.0,2,2,1,0,15.0,1.0,1.0,7.0,292.02,True,False,False,False,False,False,False,True,True,False,False,False,False,True,False,False
50969,0,15.0,1,8.0,2.0,3,1,3,1,14.0,12.0,13.0,9.0,201.24,False,False,False,False,False,True,False,False,True,False,False,False,False,False,True,False
55526,1,1.0,3,31.0,3.0,2,5,3,0,18.0,1.0,2.0,1.0,135.91,False,False,True,False,False,False,False,False,True,False,False,False,True,False,False,True
50370,0,7.0,3,14.0,2.0,3,3,2,1,18.0,1.0,1.0,6.0,125.78999999999999,False,True,True,False,False,False,False,False,False,False,False,True,False,False,True,False
55435,0,5.0,3,36.0,4.0,5,1,3,0,15.0,1.0,6.0,8.0,179.68,True,False,False,False,False,False,True,False,False,False,True,False,False,False,True,False
54362,0,23.0,1,25.0,4.0,4,1,3,1,16.0,1.0,2.0,8.0,193.04,False,False,False,False,False,True,False,False,True,False,True,False,False,False,True,False
50383,0,2.0,3,9.0,3.0,3,3,2,0,14.0,0.0,1.0,2.0,155.61,True,False,False,False,True,False,False,False,False,False,True,False,False,False,False,False
51020,0,4.0,3,8.0,2.0,3,5,8,0,13.0,0.0,1.0,3.0,153.32,False,False,False,False,False,False,False,True,True,False,True,False,False,False,False,True
55278,0,8.0,1,8.0,3.0,4,1,11,0,18.0,1.0,3.0,2.0,179.84,True,False,False,False,False,True,False,False,True,False,True,False,False,False,True,False
54283,1,20.0,1,21.0,4.0,4,4,11,1,19.0,4.0,5.0,4.0,174.63,True,False,False,False,False,True,False,False,False,False,False,False,True,False,True,False
51731,1,9.0,1,10.0,2.0,3,1,10,1,23.0,1.0,1.0,0.0,122.85,False,False,True,False,False,False,False,False,True,False,False,True,False,False,False,True
54460,0,25.0,1,9.0,3.0,6,4,7,0,19.0,1.0,2.0,3.0,179.82,True,False,False,False,True,False,False,False,True,False,True,False,False,False,True,False
55406,0,1.0,2,17.0,3.0,4,1,2,0,15.0,1.0,3.0,2.0,146.45,False,False,False,False,True,False,False,False,True,False,False,False,True,False,True,False
53040,0,3.0,3,9.0,4.0,4,3,3,0,15.0,2.0,2.0,3.0,171.49,False,False,False,False,False,True,False,False,True,False,True,False,False,False,False,False
52819,1,1.0,3,16.0,3.0,5,5,9,0,24.0,1.0,2.0,4.0,159.07,True,False,False,False,False,True,False,False,True,False,True,False,False,False,False,True
52236,0,27.0,1,7.0,2.0,3,3,8,0,17.0,0.0,1.0,4.0,205.02,False,False,False,False,False,True,False,False,False,False,False,False,False,False,True,False
54038,0,10.0,2,9.0,4.0,5,1,3,0,22.0,2.0,2.0,9.0,163.86,False,False,False,False,False,False,False,True,True,False,True,False,False,False,False,True
51941,1,20.0,1,8.0,2.0,3,4,8,1,15.0,7.0,13.0,8.0,292.46,True,False,False,False,False,True,False,False,True,False,False,False,False,True,False,True
52519,0,9.0,1,11.0,2.0,3,5,5,0,12.0,1.0,1.0,2.0,180.08,True,False,False,False,False,True,False,False,False,False,False,False,False,False,True,False
52443,0,9.0,1,27.0,2.0,4,5,1,0,14.0,0.0,1.0,0.0,122.96000000000001,False,True,True,False,False,False,False,False,True,False,False,True,False,False,True,False
52318,0,9.0,1,7.0,3.0,3,1,2,0,15.0,1.0,1.0,0.0,116.11000000000001,False,False,False,False,False,True,False,False,False,False,False,False,True,False,False,True
51635,0,1.0,1,14.0,3.0,3,1,2,0,21.0,1.0,1.0,2.0,133.1,False,True,False,False,False,True,False,False,False,False,False,True,False,False,False,True
54091,0,12.0,2,7.0,3.0,4,4,2,1,12.0,2.0,2.0,3.0,154.91,False,False,False,False,False,False,False,True,True,False,False,False,True,False,True,False
53537,0,9.0,1,9.0,3.0,5,4,4,0,19.0,7.0,7.0,3.0,227.74,True,False,False,False,False,True,False,False,True,False,False,False,False,False,True,False
51509,0,30.0,1,30.0,2.0,1,1,4,1,16.0,1.0,1.0,4.0,194.39,True,False,False,False,False,True,False,False,True,False,False,False,False,False,True,False
51200,0,2.0,1,35.0,3.0,5,3,9,0,17.0,1.0,1.0,6.0,163.84,True,False,False,False,False,True,False,False,True,False,True,False,False,False,True,False
52791,0,14.0,1,34.0,2.0,4,4,1,0,23.0,1.0,2.0,10.0,235.7,True,False,False,False,False,True,False,False,False,True,False,False,False,False,True,False
50272,0,16.0,1,14.0,3.0,3,3,5,1,14.0,0.0,1.0,2.0,145.22,False,True,False,False,False,False,False,True,False,False,True,False,False,False,True,False
52554,0,7.0,1,11.0,2.0,4,1,2,0,14.0,0.0,4.0,13.0,139.86,False,True,False,False,True,False,False,False,True,False,True,False,False,False,True,False
50371,1,0.0,3,8.0,3.0,3,5,1,0,11.0,0.0,1.0,2.0,130.41,False,True,False,False,False,False,True,False,True,False,False,True,False,False,True,False
55445,0,13.0,1,17.0,4.0,4,3,9,0,22.0,3.0,2.0,3.0,259.64,True,False,False,False,True,False,False,False,True,False,False,False,False,False,False,True
52016,0,0.0,1,14.0,3.0,3,3,2,0,19.0,0.0,1.0,0.0,123.18,False,True,False,False,False,True,False,False,False,False,False,True,False,False,False,True
55542,0,2.0,1,23.0,3.0,4,3,3,0,15.0,1.0,2.0,5.0,146.44,False,False,False,False,True,False,False,False,True,False,False,False,True,False,False,True
50673,1,0.0,1,14.0,2.0,3,3,2,0,20.0,1.0,1.0,0.0,123.77000000000001,False,True,False,False,False,False,False,False,True,False,False,True,False,False,True,False
52547,1,0.0,1,14.0,3.0,4,3,2,1,11.0,1.0,1.0,2.0,139.89,False,True,False,False,True,False,False,False,True,False,False,False,True,False,False,True
54812,0,21.0,3,9.0,3.0,4,1,2,1,23.0,4.0,8.0,8.0,170.37,True,False,False,False,False,False,True,False,False,False,True,False,False,False,True,False
52915,0,5.0,1,7.0,3.0,6,3,2,0,13.0,2.0,2.0,5.0,168.45,False,False,False,False,True,False,False,False,True,False,True,False,False,False,False,False
55016,0,11.0,1,8.0,3.0,5,1,3,0,14.0,1.0,4.0,12.0,189.74,True,False,False,False,False,True,False,False,False,False,True,False,False,False,True,False
51474,0,0.0,1,14.0,3.0,3,1,1,0,14.0,2.0,2.0,1.0,125.22999999999999,False,True,True,False,False,False,False,False,True,False,False,True,False,False,True,False
53243,0,30.0,1,16.0,3.0,4,2,9,0,12.0,1.0,2.0,2.0,236.02999999999997,True,False,False,False,True,False,False,False,True,True,False,False,False,False,False,False
52947,0,16.0,1,9.0,3.0,5,5,2,1,12.0,5.0,8.0,9.0,150.93,True,False,False,False,True,False,False,False,False,False,False,False,True,False,True,False
50361,0,9.0,1,12.0,3.0,4,3,1,0,12.0,1.0,1.0,3.0,121.87,False,True,False,False,False,False,False,False,False,False,False,True,False,False,True,False
54681,0,22.0,3,9.0,3.0,2,4,5,0,13.0,1.0,3.0,3.0,206.2,True,False,False,False,False,False,True,False,True,False,True,False,False,False,True,False
51697,0,5.0,1,14.0,3.0,3,4,2,0,13.0,0.0,1.0,7.0,123.69999999999999,False,True,False,False,False,False,False,False,False,False,False,True,False,False,True,False
53171,1,1.0,3,19.0,4.0,5,5,3,0,19.0,2.0,2.0,1.0,145.33,False,False,False,False,False,True,False,False,True,False,False,False,True,False,False,False
53724,1,1.0,1,7.0,4.0,2,4,3,0,12.0,4.0,5.0,8.0,199.46,False,False,False,False,False,True,False,False,False,False,False,False,False,False,False,True
50434,0,5.0,1,30.0,3.0,3,2,2,0,15.0,2.0,4.0,7.0,153.09,False,False,False,False,False,True,False,False,True,False,True,False,False,False,False,False
51636,0,22.0,1,16.0,2.0,3,5,10,1,11.0,1.0,1.0,2.0,286.65,False,False,False,False,False,True,False,False,False,False,False,False,False,True,False,True
52847,0,1.0,1,14.0,3.0,5,3,4,0,18.0,2.0,2.0,1.0,186.32,True,False,False,False,True,False,False,False,True,False,True,False,False,False,False,False
51128,0,7.0,1,8.0,3.0,1,1,1,1,14.0,0.0,1.0,2.0,129.32,False,True,False,False,False,False,False,False,True,False,False,True,False,False,True,False
50533,0,2.0,1,14.0,3.0,4,2,7,0,14.0,1.0,1.0,3.0,125.32,False,True,False,False,False,False,False,False,False,False,False,True,False,False,True,False
51382,1,13.0,3,9.0,3.0,4,3,2,1,14.0,1.0,1.0,2.0,126.83000000000001,False,True,False,False,False,False,True,False,True,False,False,True,False,False,True,False
53322,0,18.0,1,15.0,4.0,2,2,4,1,25.0,2.0,2.0,3.0,153.18,True,False,False,False,False,True,False,False,True,False,False,False,True,False,False,False
51560,1,0.0,1,14.0,2.0,3,5,6,1,11.0,0.0,1.0,4.0,126.57,False,True,True,False,False,False,False,False,False,False,False,True,False,False,False,True
52911,0,10.0,1,12.0,4.0,4,4,10,0,17.0,1.0,4.0,8.0,184.14,True,False,False,False,False,True,False,False,True,False,True,False,False,False,False,True
51983,0,5.0,1,6.0,3.0,3,1,1,0,12.0,1.0,1.0,2.0,123.13999999999999,False,False,False,False,False,True,False,False,True,False,False,True,False,False,True,False
52833,1,1.0,3,12.0,3.0,5,3,3,1,12.0,2.0,2.0,4.0,182.44,True,False,False,False,False,False,True,False,True,False,True,False,False,False,False,True
54769,1,19.0,3,9.0,3.0,4,1,6,0,17.0,2.0,8.0,4.0,176.6,True,False,False,False,True,False,False,False,True,False,True,False,False,False,False,True
51596,1,0.0,1,16.0,3.0,3,3,7,0,11.0,0.0,1.0,0.0,200.48,False,False,False,False,True,False,False,False,True,False,False,False,False,False,True,False
54577,0,12.0,1,9.0,3.0,4,1,3,1,24.0,2.0,2.0,1.0,142.02,False,False,False,False,False,True,False,False,True,False,False,False,True,False,True,False
53534,0,1.0,1,10.0,3.0,2,2,3,0,23.0,2.0,2.0,8.0,169.2,True,False,False,False,True,False,False,False,True,False,False,False,True,False,False,False
54530,0,5.0,1,16.0,3.0,5,4,2,1,17.0,3.0,3.0,3.0,151.57,True,False,False,False,False,True,False,False,True,False,False,False,True,False,False,True
54227,0,10.0,1,18.0,4.0,5,4,3,0,14.0,2.0,2.0,4.0,189.99,False,False,False,False,False,True,False,False,True,False,True,False,False,False,False,True
52279,0,9.0,1,7.0,2.0,3,5,3,0,11.0,1.0,1.0,2.0,120.80000000000001,False,True,False,True,False,False,False,False,True,False,False,True,False,False,False,True
53920,0,14.0,1,15.0,4.0,4,5,4,1,17.0,1.0,2.0,1.0,190.16,True,False,False,False,False,True,False,False,False,False,True,False,False,False,True,False
52883,1,1.0,1,30.0,3.0,5,3,5,1,14.0,2.0,2.0,2.0,184.16,True,False,False,False,False,True,False,False,True,False,True,False,False,False,False,False
52455,0,7.0,3,35.0,2.0,3,4,4,0,12.0,1.0,1.0,3.0,192.5,True,False,True,False,False,False,False,False,True,False,False,False,False,False,True,False
50847,0,24.0,1,17.0,2.0,4,4,4,0,16.0,0.0,1.0,3.0,231.42000000000002,True,False,False,True,False,False,False,False,False,True,False,False,False,False,False,True
52054,0,9.0,3,14.0,2.0,3,1,5,0,13.0,1.0,1.0,7.0,150.79,False,False,True,False,False,False,False,False,True,False,True,False,False,False,True,False
54318,0,31.0,1,16.0,4.0,5,4,6,1,21.0,2.0,2.0,1.0,158.46,True,False,False,False,True,False,False,False,False,False,False,False,True,False,True,False
50929,0,33.0,1,6.0,3.0,1,3,1,0,24.0,1.0,2.0,8.0,149.0,False,True,False,False,False,True,False,False,True,False,True,False,False,False,False,False
50123,0,7.0,1,8.0,2.0,4,5,7,0,13.0,0.0,5.0,9.0,159.57,True,False,False,False,False,True,False,False,True,False,True,False,False,False,False,False
53361,0,1.0,1,11.0,4.0,4,3,3,0,20.0,2.0,2.0,1.0,148.18,False,True,False,False,False,True,False,False,False,False,False,False,True,False,False,True
54306,0,4.0,1,12.0,3.0,4,5,7,0,15.0,1.0,3.0,14.5,157.04,True,False,True,False,False,False,False,False,False,False,False,False,True,False,True,False
53734,0,27.0,1,9.0,3.0,2,4,6,0,13.0,1.0,9.0,9.0,290.98,True,False,False,False,True,False,False,False,True,True,False,False,False,False,False,True
51876,0,0.0,1,6.0,3.0,3,5,2,0,11.0,0.0,1.0,7.0,174.12,True,False,False,False,False,True,False,False,False,False,False,False,False,False,True,False
53924,0,4.0,1,23.0,3.0,4,1,3,0,13.0,1.0,2.0,9.0,153.62,True,False,False,False,False,True,False,False,True,False,False,False,True,False,True,False
52183,0,13.0,1,15.0,2.0,3,3,10,0,17.0,1.0,2.0,13.0,234.99,False,False,False,False,True,False,False,False,False,False,False,False,False,False,False,True
54125,0,26.0,3,36.5,3.0,4,1,4,0,16.0,2.0,2.0,1.0,159.82,False,False,False,False,False,True,False,False,True,False,False,False,True,False,True,False
52857,0,15.0,1,21.0,3.0,4,3,6,0,13.0,2.0,2.0,9.0,149.51,False,True,False,False,False,True,False,False,True,False,False,False,True,False,True,False
53375,0,14.0,3,17.0,4.0,5,4,4,0,13.0,2.0,2.0,3.0,222.05,True,False,False,False,False,False,True,False,True,False,False,False,False,False,True,False
54148,0,14.0,1,9.0,4.0,4,3,4,0,15.0,2.0,2.0,3.0,145.01,False,True,False,False,True,False,False,False,False,False,False,False,True,False,True,False
53262,0,1.0,1,7.0,4.0,6,2,5,0,15.0,3.0,3.0,1.0,168.64,False,False,False,False,False,True,False,False,False,False,False,False,True,False,True,False
55025,1,5.0,1,12.0,4.0,5,5,8,0,18.0,1.0,2.0,1.0,146.07,False,False,False,False,False,True,False,False,True,False,False,False,True,False,True,False
54856,1,1.0,3,7.0,3.0,5,3,7,0,12.0,6.0,12.0,3.0,231.08999999999997,True,False,False,False,False,True,False,False,True,False,False,False,False,False,True,False
52175,1,0.0,3,15.0,3.0,3,5,4,1,17.0,0.0,1.0,3.0,182.24,True,False,False,False,False,False,True,False,False,False,True,False,False,False,False,True
50842,1,20.0,1,13.0,2.0,4,5,8,1,14.0,4.0,5.0,9.0,200.08,True,False,False,False,True,False,False,False,False,False,False,False,False,False,False,False
55342,0,23.0,1,13.0,3.0,5,3,4,1,20.0,1.0,3.0,13.0,264.66,True,False,False,False,False,True,False,False,False,True,False,False,False,False,True,False
51212,0,28.0,1,8.0,3.0,4,1,9,0,20.0,0.0,1.0,4.0,126.62,False,True,True,False,False,False,False,False,True,False,False,True,False,False,True,False
51367,1,0.0,3,15.0,2.0,4,5,8,0,23.0,0.0,1.0,3.0,134.07,False,True,False,False,False,True,False,False,True,False,False,True,False,False,False,True
55416,1,1.0,3,23.0,4.0,4,5,4,1,21.0,2.0,2.0,3.0,210.64,True,False,False,False,False,True,False,False,False,False,False,False,False,False,False,True
54110,0,16.0,1,25.0,3.0,4,5,8,1,18.0,1.0,2.0,3.0,179.1,True,False,False,False,False,True,False,False,True,False,True,False,False,False,True,False
51643,0,8.0,3,22.0,3.0,3,4,1,0,15.0,3.0,6.0,9.0,180.2,True,False,False,False,False,False,True,False,True,False,False,False,False,False,True,False
54207,0,8.0,3,30.0,4.0,4,3,2,0,21.0,1.0,9.0,8.0,170.68,False,False,False,False,False,False,True,False,True,False,True,False,False,False,False,True
52893,0,8.0,1,17.0,3.0,4,3,3,1,18.0,3.0,3.0,1.0,163.15,False,False,False,False,True,False,False,False,True,False,False,False,True,False,True,False
55489,0,1.0,3,30.0,3.0,5,3,3,0,22.0,4.0,6.0,9.0,160.4,True,False,False,False,True,False,False,False,False,False,True,False,False,False,True,False
51848,0,26.0,3,6.0,2.0,3,5,8,0,20.0,4.0,8.0,10.0,183.81,True,False,False,False,True,False,False,False,False,False,True,False,False,False,False,True
50152,0,2.0,1,28.0,3.0,2,4,8,0,18.0,5.0,6.0,3.0,219.95999999999998,True,False,False,False,False,True,False,False,False,False,False,False,False,False,True,False
53199,0,9.0,1,13.0,3.0,6,2,3,0,14.0,12.0,12.0,9.0,191.46,True,False,False,False,False,True,False,False,True,False,True,False,False,False,False,True
51011,0,19.0,3,6.0,2.0,1,5,2,0,15.0,1.0,1.0,12.0,275.67,True,False,False,False,False,True,False,False,True,True,False,False,False,False,False,True
53330,0,23.0,1,7.0,3.0,4,5,4,0,17.0,2.0,2.0,3.0,160.8,True,False,True,False,False,False,False,False,False,False,False,False,True,False,False,False
52434,0,15.0,1,8.0,3.0,4,4,5,0,14.0,0.0,1.0,0.0,148.41,False,True,False,False,True,False,False,False,True,False,False,False,True,False,True,False
54063,0,13.0,1,16.0,3.0,4,5,3,0,26.0,5.0,8.0,10.0,176.51,True,False,False,False,True,False,False,False,True,False,True,False,False,False,True,False
54596,1,1.0,1,22.0,3.0,4,3,9,1,13.0,1.0,8.0,8.0,261.1,True,False,False,False,True,False,False,False,True,False,False,False,False,False,True,False
52404,1,0.0,3,30.0,2.0,4,4,1,1,23.0,4.0,10.0,10.0,145.99,False,True,False,False,True,False,False,False,False,False,True,False,False,False,False,True
55193,1,3.0,1,9.0,3.0,5,5,4,1,24.0,1.0,2.0,1.0,161.46,False,False,False,False,False,True,False,False,False,False,False,False,True,False,False,True
53987,0,4.0,1,17.0,4.0,4,3,11,0,15.0,1.0,2.0,3.0,221.67,True,False,False,False,True,False,False,False,False,False,False,False,False,False,False,True
51503,0,30.0,1,15.0,3.0,4,4,5,1,20.0,1.0,1.0,0.0,133.46,False,True,False,False,False,False,False,False,False,False,False,True,False,False,True,False
53271,0,9.0,3,15.0,4.0,4,2,3,0,17.0,1.0,2.0,3.0,150.72,True,False,False,False,False,True,False,False,False,False,False,False,True,False,False,False
53855,0,14.0,1,23.0,3.0,4,1,8,1,16.0,2.0,4.0,4.0,204.45,True,False,False,False,False,True,False,False,False,False,False,False,False,False,False,True
52859,0,12.0,3,7.0,3.0,5,2,6,0,23.0,2.0,2.0,3.0,211.86,True,False,False,False,False,True,False,False,False,False,True,False,False,False,False,True
52571,0,18.0,1,34.0,2.0,4,4,2,0,11.0,1.0,8.0,6.0,267.04,True,False,False,True,False,False,False,False,False,True,False,False,False,False,False,True
53133,0,10.0,3,17.0,3.0,4,2,3,0,15.0,2.0,10.0,3.0,224.8,False,False,False,False,True,False,False,False,True,False,False,False,False,False,False,True
54520,0,10.0,3,10.0,3.0,5,1,6,0,12.0,1.0,2.0,3.0,221.99,False,False,False,False,True,False,False,False,True,False,False,False,False,False,True,False
55050,0,1.0,1,21.0,3.0,4,5,3,1,15.0,6.0,7.0,9.0,147.35,False,True,False,False,False,True,False,False,True,False,False,False,True,False,True,False
52559,1,9.0,3,13.0,3.0,3,1,2,1,21.0,1.0,1.0,2.0,122.75,False,True,False,False,False,True,False,False,True,False,False,True,False,False,True,False
54186,0,27.0,1,12.0,3.0,4,3,6,0,15.0,2.0,5.0,9.0,315.94,True,False,False,False,False,False,False,True,False,False,False,False,False,True,True,False
54131,0,10.0,1,11.0,4.0,4,4,9,0,14.0,2.0,2.0,3.0,176.31,False,False,False,False,False,True,False,False,False,False,True,False,False,False,True,False
51165,0,11.0,2,14.0,3.0,3,4,6,0,13.0,3.0,3.0,8.0,125.91999999999999,False,False,False,False,False,False,False,True,True,False,False,True,False,False,True,False
52908,1,1.0,1,7.0,3.0,4,3,2,0,15.0,1.0,2.0,6.0,145.58,False,True,True,False,False,False,False,False,True,False,False,False,True,False,False,True
51680,0,18.0,1,14.0,3.0,3,1,10,0,14.0,8.0,9.0,8.0,136.97,False,True,False,False,False,False,False,True,True,False,True,False,False,False,True,False
54777,0,25.0,3,33.0,4.0,4,3,4,0,15.0,1.0,5.0,14.5,288.07,True,False,False,False,False,False,True,False,False,True,False,False,False,False,True,False
52306,0,14.0,3,7.0,3.0,3,5,1,0,17.0,0.0,1.0,7.0,141.03,False,False,False,False,False,False,True,False,False,False,True,False,False,False,True,False
54090,0,17.0,1,18.0,2.0,4,3,3,0,18.0,2.0,2.0,10.0,200.1,True,False,False,False,False,True,False,False,True,False,False,False,False,False,True,False
53230,0,24.0,3,15.0,3.0,4,4,9,0,16.0,2.0,3.0,3.0,163.75,True,False,False,False,False,False,True,False,True,False,False,False,True,False,False,False
51360,1,9.0,1,30.0,2.0,4,3,6,1,14.0,0.0,1.0,3.0,120.28,False,True,False,False,False,True,False,False,True,False,False,True,False,False,False,True
53137,0,15.0,3,17.0,3.0,4,2,9,0,15.0,1.0,2.0,11.0,187.3,False,False,False,False,False,True,False,False,True,False,True,False,False,False,False,True
54088,0,28.0,1,16.0,4.0,4,3,5,0,12.0,1.0,3.0,4.0,153.97,True,False,False,False,False,True,False,False,False,False,True,False,False,False,True,False
55330,0,1.0,1,15.0,3.0,2,3,9,0,18.0,1.0,2.0,3.0,160.17,True,False,False,False,True,False,False,False,False,False,False,False,True,False,True,False
54731,0,26.0,1,26.0,3.0,4,1,2,0,19.0,2.0,2.0,3.0,167.58,False,False,False,False,True,False,False,False,True,False,False,False,True,False,True,False
53874,0,10.0,1,10.0,4.0,2,5,8,0,21.0,2.0,2.0,5.0,193.42,True,False,False,False,False,True,False,False,True,False,True,False,False,False,True,False
54928,0,11.0,1,10.0,3.0,4,4,5,0,16.0,2.0,2.0,2.0,166.07,True,False,False,False,False,False,False,True,False,False,True,False,False,False,False,True
51978,0,15.0,1,14.0,2.0,3,1,6,1,14.0,1.0,2.0,2.0,125.15,False,False,False,False,False,False,False,False,True,False,False,True,False,False,False,True
52480,0,8.0,1,13.0,3.0,4,1,2,0,18.0,1.0,1.0,1.0,126.9,False,True,False,False,False,True,False,False,True,False,False,True,False,False,True,False
54864,0,12.0,3,17.0,3.0,4,1,3,1,14.0,2.0,2.0,4.0,181.66,False,False,True,False,False,False,False,False,False,False,True,False,False,False,False,True
54185,1,1.0,1,13.0,3.0,4,5,4,0,12.0,1.0,2.0,4.0,154.6,True,False,False,False,True,False,False,False,True,False,False,False,True,False,False,True
55468,0,2.0,1,8.0,4.0,4,5,3,0,26.0,2.0,2.0,3.0,160.91,True,False,False,False,True,False,False,False,False,False,False,False,True,False,True,False
51751,1,0.0,1,9.0,3.0,3,5,6,0,13.0,1.0,1.0,2.0,140.31,False,True,False,False,True,False,False,False,True,False,False,False,True,False,True,False
51250,0,30.0,3,27.0,3.0,3,1,5,1,13.0,1.0,1.0,0.0,278.75,True,False,False,False,False,True,False,False,False,True,False,False,False,False,True,False
50850,0,0.0,3,8.0,2.0,5,2,4,0,20.0,1.0,1.0,0.0,150.71,False,False,False,False,False,True,False,False,True,False,True,False,False,False,False,True
52216,0,8.0,3,23.0,3.0,3,5,4,1,15.0,0.0,1.0,7.0,189.66,True,False,False,False,False,True,False,False,True,False,True,False,False,False,True,False
54946,0,14.0,1,27.0,4.0,4,1,6,0,21.0,4.0,12.0,3.0,228.22,True,False,False,True,False,False,False,False,True,False,False,False,False,False,True,False
54776,0,1.0,1,10.0,3.0,4,1,3,0,12.0,1.0,2.0,1.0,142.06,False,False,False,False,True,False,False,False,True,False,False,False,True,False,True,False
50640,0,1.0,3,16.0,3.0,3,4,2,0,22.0,1.0,1.0,0.0,110.52000000000001,True,False,False,False,True,False,False,False,True,False,False,False,True,False,False,False
53877,1,1.0,3,19.0,3.0,4,1,5,1,25.0,4.0,7.0,8.0,170.81,False,False,False,False,False,False,False,True,True,False,True,False,False,False,False,True
51313,0,12.0,1,15.0,2.0,3,1,3,0,15.0,0.0,1.0,3.0,294.31,False,False,False,False,False,True,False,False,True,False,False,False,False,True,False,True
50810,0,9.0,1,6.0,2.0,3,4,2,0,18.0,1.0,2.0,1.0,120.96000000000001,False,True,False,False,False,False,False,False,False,False,False,True,False,False,False,True
50757,0,5.0,1,8.0,2.0,3,3,5,1,14.0,1.0,1.0,7.0,149.98,False,False,False,False,False,True,False,False,False,False,True,False,False,False,False,True
50541,0,20.0,3,8.0,3.0,4,2,2,1,18.0,1.0,1.0,2.0,132.94,False,True,False,False,False,True,False,False,False,False,False,True,False,False,False,True
50522,0,26.0,3,14.0,3.0,3,2,6,0,14.0,0.0,2.0,3.0,218.36,True,False,False,False,False,False,True,False,True,True,False,False,False,False,False,False
51158,0,6.0,1,14.0,3.0,1,5,7,0,19.0,6.0,7.0,6.0,131.43,False,True,False,False,False,True,False,False,True,False,False,True,False,False,True,False
52851,0,1.0,1,26.0,4.0,4,2,3,0,25.0,1.0,3.0,3.0,148.23,False,True,False,False,True,False,False,False,True,False,False,False,True,False,False,False
50241,0,19.0,1,13.0,1.0,3,3,3,0,14.0,0.0,1.0,0.0,152.58,False,False,False,False,True,False,False,False,False,False,True,False,False,False,False,False
53017,0,13.0,1,6.0,3.0,5,2,3,0,15.0,10.0,14.0,4.0,317.72,False,False,False,False,True,False,False,False,True,False,False,False,False,True,False,False
50822,1,3.0,3,31.0,2.0,4,4,3,1,12.0,0.0,1.0,0.0,190.94,True,False,False,False,False,False,True,False,True,False,False,False,False,False,False,True
53156,0,20.0,1,25.0,3.0,4,3,7,0,12.0,2.0,2.0,3.0,230.27,False,False,False,False,True,False,False,False,False,False,False,False,False,False,False,False
53551,1,1.0,1,10.0,3.0,5,2,2,1,12.0,1.0,2.0,1.0,153.53,False,False,False,False,False,True,False,False,True,False,False,False,True,False,False,False
50521,1,0.0,3,6.0,3.0,4,3,7,1,19.0,0.0,1.0,2.0,128.0,False,True,False,False,False,False,False,False,False,False,False,True,False,False,True,False
52593,0,4.0,3,11.0,2.0,3,3,2,0,19.0,1.0,1.0,2.0,183.46,True,False,True,False,False,False,False,False,True,False,True,False,False,False,True,False
52530,0,27.0,1,28.0,3.0,3,3,4,0,25.0,1.0,4.0,7.0,274.26,True,False,False,False,True,False,False,False,False,True,False,False,False,False,True,False
51115,0,4.0,1,30.0,1.0,3,1,3,0,20.0,1.0,1.0,4.0,152.38,False,False,True,False,False,False,False,False,False,False,True,False,False,False,False,True
53489,1,1.0,1,32.0,3.0,5,4,6,1,21.0,1.0,3.0,3.0,148.13,False,True,False,False,True,False,False,False,True,False,False,False,True,False,False,True
53346,0,7.0,2,10.0,3.0,4,4,5,1,12.0,1.0,2.0,4.0,147.77,False,True,False,False,False,False,False,True,True,False,False,False,True,False,True,False
55011,0,6.0,3,9.0,4.0,4,5,3,0,13.0,2.0,2.0,1.0,153.27,False,False,False,False,False,True,False,False,False,False,False,False,True,False,True,False
51526,0,4.0,1,18.0,3.0,3,1,9,1,23.0,1.0,1.0,2.0,139.29,False,True,False,False,True,False,False,False,False,False,False,False,True,False,True,False
50894,0,9.0,1,10.0,2.0,4,2,2,0,16.0,1.0,1.0,8.0,158.1,True,False,False,False,False,True,False,False,True,False,True,False,False,False,False,True
52497,0,1.0,1,33.0,2.0,5,5,1,0,21.0,1.0,1.0,0.0,148.77,False,True,False,False,True,False,False,False,False,False,True,False,False,False,True,False
52212,0,13.0,3,8.0,3.0,3,4,6,0,12.0,1.0,1.0,0.0,143.27,False,False,False,False,True,False,False,False,True,False,True,False,False,False,True,False
55549,0,6.0,1,22.0,3.0,4,1,7,0,19.0,1.0,2.0,3.0,191.67,False,False,False,False,True,False,False,False,False,False,True,False,False,False,True,False
50328,0,18.0,3,8.0,3.0,3,4,1,0,19.0,3.0,3.0,7.0,148.05,False,True,False,False,False,False,False,True,True,False,True,False,False,False,False,False
50559,1,0.0,3,14.0,2.0,4,4,2,1,18.0,0.0,1.0,0.0,124.13,False,True,False,False,False,False,True,False,True,False,False,True,False,False,False,False
53559,0,2.0,1,26.0,4.0,5,5,3,0,13.0,2.0,4.0,4.0,156.96,True,False,False,False,True,False,False,False,True,False,False,False,True,False,False,False
54213,0,18.0,3,7.0,4.0,4,5,7,1,22.0,2.0,2.0,4.0,179.54,True,False,False,False,False,False,True,False,False,False,True,False,False,False,True,False
55160,0,16.0,2,17.0,3.0,4,5,2,0,15.0,1.0,2.0,10.0,292.99,True,False,False,False,False,False,False,True,False,True,False,False,False,False,True,False
50871,0,16.0,1,12.0,3.0,4,3,2,1,14.0,1.0,1.0,8.0,140.81,False,True,False,False,True,False,False,False,False,False,True,False,False,False,False,True
54111,0,15.0,1,7.0,4.0,4,1,5,0,23.0,1.0,2.0,1.0,152.82,True,False,False,False,False,True,False,False,True,False,False,False,True,False,True,False
50392,0,0.0,1,10.0,3.0,2,5,3,0,16.0,0.0,1.0,2.0,128.19,False,True,False,False,False,False,False,False,True,False,False,True,False,False,False,False
53379,1,1.0,3,28.0,3.0,5,4,3,1,14.0,1.0,2.0,1.0,146.21,False,True,False,False,False,False,False,True,True,False,False,False,True,False,False,True
50205,0,20.0,1,11.0,2.0,3,3,5,0,11.0,1.0,1.0,1.0,283.0,True,False,False,False,False,True,False,False,True,False,False,False,False,True,False,False
51829,0,8.0,1,31.0,2.0,4,1,5,0,14.0,1.0,1.0,2.0,136.81,False,True,False,False,False,False,False,True,True,False,True,False,False,False,False,True
50565,1,0.0,1,10.0,3.0,3,5,2,0,19.0,1.0,1.0,0.0,129.73,False,True,True,False,False,False,False,False,True,False,False,True,False,False,False,True
52738,0,8.0,3,13.0,2.0,3,1,2,1,11.0,1.0,1.0,9.0,152.04,True,False,False,False,False,True,False,False,False,False,True,False,False,False,True,False
53717,0,6.0,3,14.0,4.0,4,2,6,0,13.0,2.0,2.0,3.0,217.04,True,False,False,False,False,False,True,False,True,False,True,False,False,False,False,False
54456,0,16.0,3,33.0,4.0,4,4,7,0,15.0,4.0,2.0,9.0,260.25,False,False,False,False,False,False,True,False,False,True,False,False,False,False,True,False
52407,0,9.0,3,19.0,3.0,3,4,2,0,13.0,0.0,1.0,0.0,120.33000000000001,False,False,False,False,False,True,False,False,False,False,False,True,False,False,True,False
55626,0,10.0,1,30.0,3.0,2,1,6,0,18.0,1.0,2.0,4.0,150.71,False,False,False,False,True,False,False,False,True,False,True,False,False,False,True,False
52824,1,14.0,3,10.0,3.0,5,3,3,1,15.0,1.0,2.0,3.0,151.83,True,False,False,False,False,False,True,False,True,False,False,False,True,False,False,False
53916,0,19.0,1,35.0,3.0,5,4,3,0,15.0,4.0,9.0,7.0,292.04,True,False,False,True,False,False,False,False,False,True,False,False,False,False,False,True
52387,0,1.0,3,11.0,2.0,3,5,1,0,18.0,0.0,1.0,3.0,184.63,True,False,False,False,True,False,False,False,True,False,True,False,False,False,False,True
53434,0,31.0,1,9.0,4.0,5,2,5,1,14.0,1.0,5.0,4.0,262.26,True,False,False,False,False,True,False,False,False,True,False,False,False,False,False,True
50321,0,28.0,3,24.0,2.0,3,4,4,0,23.0,1.0,7.0,7.0,268.35,True,False,False,False,False,True,False,False,False,True,False,False,False,False,False,True
54029,1,1.0,3,16.0,3.0,4,1,3,0,14.0,1.0,2.0,1.0,135.81,False,True,False,False,True,False,False,False,True,False,False,False,True,False,False,True
50111,0,16.0,3,22.0,3.0,3,2,6,1,22.0,0.0,2.0,9.0,260.64,True,False,False,False,False,False,True,False,False,True,False,False,False,False,False,False
54797,1,1.0,1,32.0,4.0,4,4,3,1,20.0,7.0,8.0,9.0,145.22,False,False,False,False,False,True,False,False,False,False,False,False,True,False,True,False
51338,0,12.0,3,30.0,2.0,4,1,1,0,11.0,1.0,9.0,3.0,220.31,True,False,False,False,False,False,True,False,False,True,False,False,False,False,True,False
52818,1,1.0,1,31.0,3.0,5,3,7,1,15.0,1.0,2.0,4.0,145.28,False,True,False,False,False,True,False,False,True,False,False,False,True,False,False,True
52354,0,27.0,1,7.0,2.0,3,1,7,0,19.0,1.0,12.0,7.0,273.28,True,False,False,False,True,False,False,False,False,True,False,False,False,False,False,True
51344,0,22.0,3,8.0,3.0,4,4,3,0,14.0,1.0,1.0,8.0,153.9,False,False,False,False,True,False,False,False,True,False,True,False,False,False,True,False
54189,0,18.0,1,14.0,3.0,5,1,5,0,15.0,1.0,6.0,3.0,227.48,True,False,False,False,True,False,False,False,False,False,False,False,False,False,True,False
53612,0,2.0,1,7.0,3.0,4,3,2,1,12.0,1.0,2.0,3.0,146.54,False,False,False,False,True,False,False,False,True,False,False,False,True,False,False,True
52029,1,0.0,3,14.0,2.0,4,4,2,1,18.0,0.0,1.0,0.0,124.13,False,True,False,False,False,False,True,False,True,False,False,True,False,False,True,False
55307,0,8.0,1,17.0,3.0,2,1,3,0,14.0,4.0,8.0,3.0,172.24,False,False,False,False,False,True,False,False,True,False,True,False,False,False,True,False
50977,0,5.0,1,11.0,3.0,4,4,4,0,12.0,1.0,2.0,5.0,158.78,True,False,False,False,False,True,False,False,False,False,True,False,False,False,True,False
52095,1,15.0,3,8.0,2.0,5,1,2,0,15.0,3.0,6.0,9.0,298.45,True,False,False,False,False,False,True,False,False,False,False,False,False,True,True,False
50497,0,9.0,3,6.0,2.0,3,2,2,1,14.0,2.0,4.0,11.0,162.01,True,False,False,False,False,True,False,False,True,False,True,False,False,False,False,False
50922,0,17.0,1,26.0,2.0,3,4,2,0,13.0,1.0,1.0,3.0,134.2,False,True,False,False,False,True,False,False,True,False,False,True,False,False,False,True
50798,0,17.0,1,10.0,3.0,1,5,2,0,14.0,1.0,14.0,13.0,291.9,True,False,False,False,False,True,False,False,True,False,False,False,False,True,True,False
50348,0,10.0,1,6.0,3.0,3,4,7,0,12.0,3.0,4.0,3.0,164.47,True,False,False,False,False,True,False,False,False,False,True,False,False,False,False,False
50148,0,9.0,1,15.0,3.0,3,2,2,0,23.0,1.0,1.0,4.0,120.69999999999999,False,True,False,False,False,False,False,False,True,False,False,True,False,False,False,False
50143,0,0.0,1,11.0,2.0,2,5,2,0,12.0,1.0,1.0,5.0,140.0,False,False,False,False,False,True,False,False,True,False,True,False,False,False,True,False
51118,0,13.0,3,13.0,2.0,3,4,2,0,15.0,1.0,12.0,8.0,298.33,True,False,False,False,True,False,False,False,True,False,False,False,False,True,False,True
50070,0,18.0,1,8.0,3.0,4,2,10,0,23.0,1.0,11.0,8.0,267.92,False,False,False,False,True,False,False,False,True,True,False,False,False,False,False,False
55382,0,19.0,1,8.0,4.0,5,3,5,0,24.0,5.0,2.0,5.0,232.48000000000002,False,False,False,False,False,True,False,False,True,False,False,False,False,False,True,False
50567,0,13.0,1,15.0,2.0,3,4,9,1,14.0,0.0,1.0,0.0,136.17,False,False,False,False,True,False,False,False,True,False,False,False,True,False,True,False
53189,0,1.0,1,13.0,4.0,4,3,2,0,21.0,3.0,3.0,3.0,152.73,True,False,False,False,True,False,False,False,True,False,False,False,True,False,False,False
54839,0,22.0,1,27.0,3.0,4,3,6,0,18.0,2.0,2.0,1.0,147.59,False,True,False,False,True,False,False,False,True,False,False,False,True,False,True,False
50045,0,5.0,1,12.0,3.0,3,3,4,0,20.0,0.0,1.0,4.0,130.38,False,True,False,False,False,True,False,False,True,False,False,True,False,False,False,True
54942,0,1.0,1,7.0,3.0,5,5,3,0,17.0,2.0,2.0,4.0,164.55,True,False,False,False,True,False,False,False,True,False,False,False,True,False,True,False
55392,0,20.0,1,20.0,3.0,4,4,8,0,15.0,2.0,2.0,10.0,180.62,True,False,False,False,False,True,False,False,True,False,True,False,False,False,False,True
50344,0,25.0,1,12.0,3.0,3,5,4,1,12.0,2.0,6.0,9.0,155.77,True,False,True,False,False,False,False,False,True,False,True,False,False,False,True,False
51737,0,13.0,1,8.0,3.0,4,3,7,0,22.0,1.0,1.0,0.0,134.48,False,True,False,False,False,False,False,False,False,False,True,False,False,False,True,False
51717,0,9.0,1,29.0,2.0,3,1,10,0,16.0,0.0,1.0,2.0,122.00999999999999,False,True,False,False,False,True,False,False,True,False,False,True,False,False,False,True
53414,0,20.0,1,14.0,4.0,4,3,8,0,14.0,1.0,2.0,8.0,233.45,True,False,False,False,True,False,False,False,True,False,False,False,False,False,True,False
53176,0,1.0,1,13.0,4.0,5,3,2,0,13.0,2.0,2.0,4.0,146.87,False,True,False,False,True,False,False,False,False,False,False,False,True,False,True,False
53208,0,1.0,3,15.0,3.0,3,4,2,0,23.0,1.0,2.0,3.0,173.51,True,False,False,False,False,True,False,False,True,False,True,False,False,False,False,False
54055,0,2.0,3,7.0,3.0,5,1,3,1,13.0,1.0,2.0,8.0,193.34,False,False,False,False,False,True,False,False,True,False,True,False,False,False,True,False
51281,0,4.0,1,16.0,2.0,3,3,5,0,20.0,3.0,4.0,3.0,210.31,False,False,False,False,True,False,False,False,False,False,False,False,False,False,True,False
50107,0,15.0,1,10.0,2.0,3,2,2,0,15.0,0.0,11.0,14.5,292.32,True,False,False,True,False,False,False,False,True,False,False,False,False,True,False,False
50035,0,9.0,3,8.0,3.0,3,3,7,0,18.0,1.0,1.0,2.0,122.31,False,False,False,False,False,False,True,False,False,False,False,True,False,False,False,False
53261,0,26.0,1,26.0,3.0,4,2,2,0,19.0,2.0,2.0,3.0,167.58,False,False,False,False,True,False,False,False,True,False,False,False,True,False,False,False
50657,0,0.0,1,6.0,2.0,4,5,2,0,16.0,0.0,1.0,3.0,139.55,False,True,False,False,True,False,False,False,True,False,False,False,True,False,False,False
54033,0,8.0,3,11.0,4.0,4,1,4,1,14.0,1.0,2.0,3.0,222.13,True,False,False,False,False,True,False,False,True,False,False,False,False,False,True,False
53244,0,14.0,1,9.0,3.0,5,2,2,1,21.0,3.0,3.0,4.0,148.42,False,True,False,False,True,False,False,False,False,False,False,False,True,False,False,True
55125,0,8.0,3,22.0,4.0,4,5,3,0,13.0,5.0,10.0,7.0,186.25,True,False,False,False,True,False,False,False,False,False,True,False,False,False,False,True
53370,0,5.0,3,27.0,3.0,4,3,3,0,14.0,2.0,2.0,1.0,194.32,False,False,False,False,False,False,True,False,False,False,True,False,False,False,False,False
53354,1,1.0,1,25.0,4.0,4,2,3,0,20.0,2.0,2.0,1.0,151.93,True,False,False,False,False,False,False,True,False,False,False,False,True,False,False,True
51986,0,0.0,1,10.0,2.0,4,1,1,0,17.0,0.0,3.0,4.0,131.62,False,False,False,False,False,True,False,False,True,False,False,True,False,False,True,False
50088,0,0.0,3,26.0,2.0,3,3,2,0,14.0,1.0,1.0,7.0,199.81,False,False,False,False,False,True,False,False,False,False,True,False,False,False,False,True
53106,1,1.0,3,13.0,3.0,6,3,2,0,17.0,2.0,2.0,1.0,148.51,False,False,False,False,False,False,True,False,False,False,False,False,True,False,True,False
55514,1,1.0,1,23.0,3.0,6,5,3,1,24.0,1.0,4.0,1.0,148.07,False,False,True,False,False,False,False,False,True,False,False,False,True,False,True,False
50419,0,17.0,1,30.0,2.0,5,3,3,0,14.0,0.0,1.0,4.0,137.08,False,False,False,False,True,False,False,False,True,False,False,False,True,False,False,True
54853,0,6.0,1,10.0,4.0,4,5,3,0,13.0,2.0,7.0,4.0,192.25,True,False,False,False,True,False,False,False,False,False,True,False,False,False,True,False
53068,0,10.0,1,9.0,4.0,4,3,6,0,14.0,2.0,3.0,3.0,150.43,True,False,False,False,False,True,False,False,False,False,False,False,True,False,False,False
53803,1,2.0,1,9.0,3.0,4,4,6,0,12.0,1.0,2.0,5.0,173.55,True,False,False,False,True,False,False,False,True,False,True,False,False,False,True,False
52629,0,9.0,1,7.0,2.0,3,1,2,0,11.0,0.0,1.0,3.0,120.44,False,True,False,False,False,True,False,False,True,False,False,True,False,False,True,False
55181,0,21.0,1,8.0,4.0,4,1,9,0,13.0,2.0,2.0,3.0,159.2,True,False,True,False,False,False,False,False,True,False,False,False,True,False,True,False
50050,0,18.0,3,10.0,1.0,3,5,5,1,11.0,0.0,1.0,3.0,150.06,True,False,False,False,False,True,False,False,False,False,True,False,False,False,True,False
55221,1,1.0,1,16.0,3.0,4,5,4,1,12.0,1.0,2.0,1.0,156.72,False,False,False,False,True,False,False,False,True,False,False,False,True,False,False,True
55209,0,8.0,3,10.0,3.0,6,5,5,0,19.0,3.0,4.0,13.0,172.59,True,False,False,False,False,False,False,True,True,False,True,False,False,False,False,True
52888,0,16.0,1,28.0,3.0,4,3,4,0,17.0,1.0,2.0,3.0,177.65,False,False,False,False,True,False,False,False,False,False,True,False,False,False,True,False
54915,0,7.0,3,15.0,3.0,5,1,2,0,20.0,1.0,3.0,3.0,148.42,False,False,False,False,False,True,False,False,False,False,False,False,True,False,False,True
50926,0,15.0,1,15.0,3.0,3,1,2,0,13.0,4.0,5.0,8.0,136.73,False,False,False,False,True,False,False,False,False,False,False,False,True,False,False,True
54309,0,15.0,1,16.0,4.0,4,5,4,0,22.0,1.0,2.0,5.0,147.38,False,True,False,False,False,True,False,False,True,False,False,False,True,False,True,False
50787,1,0.0,3,30.0,3.0,5,2,2,1,14.0,1.0,1.0,0.0,111.18,False,False,False,False,False,True,False,False,True,False,False,False,True,False,False,True
51694,0,15.0,1,29.0,2.0,3,1,3,0,14.0,0.0,2.0,0.0,259.92,True,False,False,False,False,True,False,False,False,True,False,False,False,False,False,True
52863,0,10.0,1,10.0,2.0,4,4,6,0,13.0,5.0,8.0,3.0,145.88,False,False,False,False,True,False,False,False,True,False,False,False,True,False,False,True
53298,1,13.0,3,18.0,3.0,4,2,3,0,19.0,1.0,8.0,8.0,201.54,True,False,False,False,False,False,True,False,False,False,False,False,False,False,False,False
53822,0,8.0,1,17.0,4.0,5,3,3,0,15.0,3.0,8.0,8.0,175.63,False,False,True,False,False,False,False,False,True,False,True,False,False,False,True,False
52636,1,0.0,1,15.0,3.0,3,5,5,0,17.0,0.0,1.0,7.0,153.46,False,False,False,False,False,True,False,False,True,False,True,False,False,False,True,False
50963,0,9.0,3,13.0,2.0,3,3,1,1,25.0,0.0,5.0,7.0,123.08000000000001,False,True,True,False,False,False,False,False,True,False,False,True,False,False,True,False
51373,0,15.0,3,14.0,2.0,3,4,1,0,11.0,2.0,4.0,2.0,168.25,True,False,False,False,False,False,True,False,True,False,True,False,False,False,True,False
55032,1,1.0,1,24.0,4.0,4,4,3,0,14.0,2.0,2.0,1.0,147.1,False,True,False,False,False,True,False,False,False,False,False,False,True,False,True,False
51508,0,1.0,1,27.0,3.0,3,1,2,0,11.0,0.0,1.0,2.0,127.13,False,True,False,False,False,False,False,False,True,False,False,True,False,False,True,False
53940,1,1.0,3,16.0,3.0,6,4,3,0,14.0,2.0,3.0,3.0,152.6,True,False,False,False,False,False,True,False,False,False,False,False,True,False,False,True
53680,0,11.0,1,11.0,3.0,4,3,9,1,16.0,2.0,2.0,4.0,154.96,True,False,False,False,False,True,False,False,True,False,False,False,True,False,False,False
53880,0,7.0,3,9.0,4.0,4,1,3,0,15.0,2.0,2.0,5.0,180.05,True,False,False,False,True,False,False,False,True,False,True,False,False,False,True,False
51160,0,12.0,1,16.0,3.0,3,3,8,0,21.0,2.0,2.0,2.0,234.64,True,False,False,False,True,False,False,False,True,False,False,False,False,False,False,True
50671,0,10.0,3,16.0,2.0,4,2,3,1,14.0,0.0,1.0,0.0,166.94,True,False,False,False,False,True,False,False,False,False,True,False,False,False,True,False
54031,0,10.0,3,17.0,4.0,5,3,3,1,14.0,2.0,2.0,8.0,181.73,True,False,True,False,False,False,False,False,False,False,True,False,False,False,True,False
53260,0,10.0,3,15.0,4.0,5,5,3,0,16.0,1.0,2.0,10.0,200.87,False,False,False,False,False,True,False,False,True,False,False,False,False,False,False,True
54586,0,24.0,1,36.0,3.0,5,3,2,0,15.0,16.0,16.0,8.0,295.46,True,False,False,False,False,True,False,False,True,True,False,False,False,False,True,False
53863,0,3.0,3,17.0,3.0,5,3,11,0,12.0,2.0,2.0,5.0,183.69,True,False,False,False,True,False,False,False,True,False,True,False,False,False,False,True
50932,1,0.0,3,6.0,3.0,3,3,4,0,15.0,1.0,1.0,2.0,129.09,False,False,True,False,False,False,False,False,True,False,False,True,False,False,False,False
50028,0,9.0,3,12.0,2.0,3,3,3,1,20.0,0.0,4.0,5.0,123.06,False,True,False,False,False,False,True,False,True,False,True,False,False,False,False,False
51733,0,13.0,3,8.0,2.0,3,4,8,0,12.0,0.0,1.0,3.0,157.15,True,False,False,False,False,False,True,False,False,False,True,False,False,False,True,False
52102,0,5.0,1,35.0,3.0,3,3,10,0,12.0,6.0,7.0,7.0,140.25,False,False,False,False,True,False,False,False,False,False,False,False,True,False,False,True
52262,0,19.0,3,10.0,2.0,4,4,3,0,14.0,1.0,1.0,8.0,287.89,True,False,False,False,False,False,True,False,False,False,False,False,False,True,True,False
50676,1,0.0,1,14.0,2.0,4,4,2,0,15.0,0.0,1.0,0.0,125.96000000000001,False,False,False,False,False,False,False,False,True,False,False,True,False,False,True,False
53467,1,1.0,3,16.0,3.0,4,2,3,1,15.0,1.0,2.0,3.0,148.23,False,False,False,False,False,False,True,False,False,False,False,False,True,False,False,True
54813,0,11.0,3,26.0,3.0,4,4,3,1,14.0,1.0,2.0,10.0,201.42,False,False,False,False,True,False,False,False,True,False,False,False,False,False,False,True
51872,0,12.0,1,8.0,3.0,4,3,2,0,11.0,1.0,11.0,10.0,145.53,False,True,True,False,False,False,False,False,False,False,True,False,False,False,False,True
50119,0,13.0,1,30.0,3.0,3,2,2,0,17.0,2.0,4.0,7.0,133.19,False,True,True,False,False,False,False,False,True,False,True,False,False,False,True,False
52267,0,9.0,1,7.0,2.0,3,3,1,1,11.0,1.0,1.0,2.0,121.53999999999999,False,False,False,False,False,False,False,False,True,False,False,True,False,False,False,True
54503,0,5.0,1,14.0,3.0,4,1,3,1,15.0,5.0,5.0,11.0,196.43,True,False,False,False,True,False,False,False,False,False,False,False,False,False,False,True
52649,0,20.0,1,10.0,3.0,4,4,9,1,12.0,5.0,14.0,10.0,203.33,True,False,False,False,False,True,False,False,False,False,False,False,False,False,True,False
53626,0,6.0,3,15.0,3.0,2,2,3,0,16.0,1.0,2.0,9.0,187.09,True,False,False,False,True,False,False,False,True,False,True,False,False,False,False,False
52206,1,0.0,1,9.0,3.0,4,1,1,1,11.0,0.0,1.0,0.0,128.53,False,False,False,False,False,True,False,False,True,False,False,True,False,False,True,False
51569,0,11.0,3,9.0,3.0,3,3,1,0,12.0,1.0,5.0,13.0,206.08999999999997,True,False,False,False,False,True,False,False,True,False,False,False,False,False,True,False
54528,0,24.0,1,17.0,4.0,5,1,8,0,16.0,2.0,2.0,3.0,229.96,True,False,False,True,False,False,False,False,True,False,False,False,False,False,False,True
54222,0,12.0,1,36.0,3.0,4,1,3,0,12.0,7.0,10.0,10.0,149.06,False,False,False,False,False,True,False,False,False,False,True,False,False,False,False,True
50042,0,14.0,1,14.0,2.0,3,3,5,0,12.0,1.0,1.0,8.0,124.50999999999999,False,True,False,False,False,True,False,False,True,False,False,True,False,False,True,False
51062,1,0.0,3,18.0,2.0,3,1,4,1,24.0,3.0,6.0,7.0,145.81,False,False,False,False,False,False,False,True,True,False,True,False,False,False,False,True
52196,0,5.0,3,8.0,3.0,3,5,2,0,12.0,1.0,1.0,0.0,128.27,False,False,False,False,False,True,False,False,False,False,False,True,False,False,True,False
50647,0,27.0,3,8.0,2.0,4,3,7,0,11.0,6.0,7.0,0.0,206.86,True,False,False,False,False,True,False,False,False,False,False,False,False,False,False,False
55292,0,8.0,1,17.0,4.0,5,3,3,0,15.0,2.0,8.0,8.0,175.63,False,False,True,False,False,False,False,False,True,False,True,False,False,False,True,False
50884,0,27.0,1,6.0,2.0,3,2,7,0,19.0,1.0,12.0,7.0,273.28,True,False,False,False,True,False,False,False,False,True,False,False,False,False,False,True
51131,1,0.0,3,22.0,3.0,3,5,3,1,20.0,0.0,1.0,0.0,185.64,True,False,False,False,False,True,False,False,False,False,False,False,False,False,False,True
50475,0,9.0,2,19.0,2.0,3,4,4,0,13.0,1.0,1.0,4.0,121.43,False,True,False,False,False,False,False,True,True,False,False,True,False,False,False,False
53617,0,17.0,3,11.0,3.0,5,2,5,0,15.0,11.0,16.0,3.0,227.31,True,False,False,False,False,False,True,False,False,False,False,False,False,False,False,True
50560,0,13.0,3,16.0,3.0,4,4,3,0,12.0,1.0,1.0,0.0,197.05,True,False,False,False,False,False,True,False,True,False,False,False,False,False,True,False
53089,0,11.0,1,32.0,4.0,4,3,5,1,16.0,4.0,11.0,8.0,169.49,False,False,False,False,True,False,False,False,False,False,True,False,False,False,False,False
53396,0,13.0,3,9.0,3.0,2,3,2,0,19.0,2.0,2.0,8.0,203.8,True,False,False,False,False,True,False,False,True,False,False,False,False,False,False,True
50077,0,22.0,1,24.0,3.0,3,2,2,1,15.0,0.0,1.0,7.0,168.04,False,False,False,False,False,True,False,False,True,False,True,False,False,False,True,False
55415,0,23.0,3,18.0,4.0,4,1,5,0,13.0,1.0,2.0,5.0,170.07,True,False,False,False,False,False,True,False,False,False,True,False,False,False,False,True
55072,1,1.0,3,31.0,4.0,6,1,3,1,15.0,2.0,2.0,1.0,136.18,False,False,False,False,False,True,False,False,True,False,False,False,True,False,False,True
51017,0,9.0,1,13.0,2.0,4,4,2,0,12.0,0.0,1.0,1.0,121.41,False,True,False,False,False,False,False,False,True,False,False,True,False,False,True,False
54486,0,5.0,1,14.0,3.0,5,3,3,0,25.0,8.0,9.0,3.0,214.43,False,False,False,False,False,True,False,False,False,False,False,False,False,False,True,False
50057,0,9.0,1,33.0,3.0,3,4,3,0,15.0,1.0,1.0,2.0,123.11000000000001,False,True,False,False,False,False,False,False,False,False,False,True,False,False,False,True
53039,0,16.0,1,30.0,3.0,4,2,4,0,15.0,1.0,2.0,1.0,284.92,True,False,False,False,False,True,False,False,False,True,False,False,False,False,False,True
52730,0,7.0,3,7.0,2.0,3,1,2,0,21.0,2.0,2.0,1.0,198.88,True,False,False,False,False,False,True,False,True,False,False,False,False,False,False,True
52096,0,17.0,3,34.0,2.0,1,1,4,1,18.0,4.0,2.0,11.0,233.2,True,False,False,False,True,False,False,False,False,True,False,False,False,False,True,False
55544,0,10.0,1,16.0,4.0,2,4,3,0,23.0,2.0,2.0,3.0,153.1,False,False,False,False,False,True,False,False,True,False,False,False,True,False,True,False
55212,0,18.0,3,8.0,4.0,4,3,9,0,13.0,1.0,2.0,1.0,172.68,False,False,False,False,False,False,True,False,False,False,True,False,False,False,True,False
53799,0,9.0,1,7.0,4.0,5,5,3,0,20.0,1.0,2.0,3.0,149.5,False,True,False,False,True,False,False,False,True,False,False,False,True,False,False,True
53888,0,1.0,3,16.0,3.0,4,5,3,0,12.0,1.0,2.0,3.0,152.28,True,False,False,False,False,True,False,False,True,False,False,False,True,False,False,True
53646,0,29.0,1,9.0,3.0,6,3,6,0,15.0,6.0,10.0,12.0,316.87,True,False,False,False,True,False,False,False,False,False,False,False,False,True,False,False
55458,1,1.0,2,27.0,4.0,4,4,2,1,12.0,1.0,2.0,5.0,146.48,False,True,False,False,True,False,False,False,False,False,False,False,True,False,True,False
53986,0,15.0,3,11.0,3.0,4,3,2,1,14.0,1.0,14.0,3.0,229.47,True,False,False,False,False,False,True,False,False,False,False,False,False,False,True,False
54193,0,4.0,1,16.0,3.0,5,3,3,0,14.0,1.0,2.0,9.0,147.06,False,True,False,False,True,False,False,False,True,False,False,False,True,False,False,True
54357,0,9.0,1,9.0,3.0,4,4,7,0,12.0,1.0,2.0,3.0,169.25,False,False,False,False,True,False,False,False,False,False,True,False,False,False,False,True
51918,0,2.0,1,33.0,3.0,3,3,5,0,12.0,0.0,1.0,1.0,143.35,False,True,False,False,True,False,False,False,False,False,True,False,False,False,True,False
53896,1,1.0,1,9.0,4.0,4,4,3,0,13.0,2.0,2.0,1.0,138.93,False,True,False,False,False,True,False,False,True,False,False,False,True,False,False,True
51403,0,8.0,1,29.0,1.0,3,5,4,1,15.0,0.0,2.0,2.0,140.14,False,True,False,False,True,False,False,False,False,False,False,False,True,False,True,False
50279,0,14.0,3,6.0,2.0,2,5,2,0,16.0,1.0,1.0,7.0,183.92,True,False,False,False,False,False,True,False,True,False,False,False,False,False,False,False
51537,0,9.0,1,15.0,4.0,3,4,2,0,16.0,0.0,1.0,3.0,122.78999999999999,False,True,False,False,False,False,False,False,False,False,False,True,False,False,False,True
51336,0,2.0,1,34.0,3.0,4,5,2,0,14.0,0.0,1.0,4.0,137.85,False,True,False,False,True,False,False,False,False,False,False,False,True,False,False,True
52652,0,4.0,3,13.0,3.0,3,5,3,0,14.0,2.0,2.0,2.0,196.37,False,False,False,False,False,False,True,False,False,False,False,False,False,False,True,False
55034,0,10.0,1,13.0,3.0,6,3,3,0,15.0,2.0,2.0,8.0,152.41,True,False,False,False,False,True,False,False,True,False,False,False,True,False,True,False
52066,1,9.0,1,28.0,2.0,3,3,5,1,11.0,0.0,1.0,1.0,121.32,False,True,False,False,False,True,False,False,False,False,False,True,False,False,True,False
50427,0,12.0,2,9.0,2.0,2,4,10,0,15.0,3.0,3.0,6.0,163.89,True,False,False,False,False,False,False,True,False,False,True,False,False,False,False,False
55346,0,17.0,1,22.0,4.0,5,3,3,0,15.0,3.0,7.0,12.0,301.03,True,False,False,False,False,True,False,False,True,True,False,False,False,False,True,False
54108,0,5.0,3,9.0,3.0,4,3,2,0,20.0,2.0,2.0,3.0,155.67,True,False,False,False,False,True,False,False,True,False,False,False,True,False,True,False
51451,0,30.0,2,8.0,2.0,4,1,10,0,21.0,1.0,2.0,2.0,288.44,False,False,False,False,False,False,False,True,False,False,False,False,False,True,True,False
55425,0,29.0,1,9.0,3.0,5,5,10,0,15.0,2.0,2.0,1.0,315.38,True,False,False,False,True,False,False,False,True,False,False,False,False,True,True,False
53385,0,7.0,1,7.0,3.0,5,2,2,0,15.0,1.0,2.0,5.0,194.49,True,False,False,False,False,True,False,False,False,False,True,False,False,False,False,True
51547,0,22.0,1,24.0,3.0,3,1,2,1,15.0,0.0,1.0,7.0,168.04,False,False,False,False,False,True,False,False,True,False,True,False,False,False,True,False
53463,0,30.0,1,16.0,4.0,4,3,4,0,20.0,1.0,2.0,4.0,154.42,False,False,False,False,True,False,False,False,False,False,False,False,True,False,False,False
52256,0,9.0,1,7.0,2.0,3,3,2,0,22.0,1.0,1.0,1.0,112.22999999999999,True,False,False,False,False,True,False,False,True,False,False,False,True,False,True,False
52025,0,4.0,3,26.0,2.0,3,3,2,0,13.0,1.0,1.0,0.0,169.32,False,False,False,False,False,False,True,False,False,False,True,False,False,False,True,False
52555,0,30.0,1,7.0,3.0,5,1,4,0,20.0,1.0,1.0,0.0,208.82999999999998,True,False,False,False,True,False,False,False,True,False,False,False,False,False,True,False
51116,0,12.0,1,6.0,3.0,3,1,2,1,15.0,3.0,5.0,8.0,164.72,False,False,False,False,False,True,False,False,True,False,True,False,False,False,True,False
52684,1,0.0,3,15.0,2.0,3,1,2,0,13.0,0.0,1.0,0.0,110.81,True,False,False,False,True,False,False,False,True,False,False,False,True,False,False,True
54521,0,31.0,1,7.0,3.0,4,3,4,0,12.0,1.0,2.0,3.0,192.55,True,False,False,False,True,False,False,False,True,False,True,False,False,False,True,False
54087,1,17.0,3,31.0,4.0,4,5,8,1,14.0,3.0,3.0,3.0,229.48,True,False,False,False,False,True,False,False,True,False,False,False,False,False,False,True
55546,0,8.0,3,20.0,3.0,4,3,3,0,19.0,1.0,2.0,3.0,211.28,True,False,False,False,True,False,False,False,True,False,False,False,False,False,True,False
50067,0,9.0,1,15.0,2.0,3,4,2,0,16.0,1.0,1.0,3.0,122.78999999999999,False,True,False,False,False,False,False,False,False,False,False,True,False,False,False,True
54805,0,5.0,1,18.0,3.0,4,1,5,1,20.0,1.0,2.0,3.0,148.56,False,True,False,False,False,True,False,False,True,False,False,False,True,False,True,False
51682,1,9.0,1,14.0,3.0,5,5,2,1,11.0,0.0,1.0,7.0,121.19,False,True,False,False,False,False,False,True,True,False,False,True,False,False,True,False
52277,0,3.0,1,15.0,3.0,3,3,8,1,18.0,0.0,1.0,7.0,146.95,False,False,False,False,True,False,False,False,False,False,True,False,False,False,False,True
50759,0,6.0,1,15.0,3.0,3,2,1,0,13.0,1.0,4.0,10.0,127.81,False,True,False,False,False,False,False,False,True,False,False,True,False,False,False,False
50435,0,11.0,1,8.0,3.0,3,3,7,1,13.0,0.0,1.0,1.0,130.57,False,True,False,False,False,False,False,False,True,False,False,True,False,False,False,False
51638,0,4.0,3,11.0,3.0,3,4,2,0,11.0,0.0,2.0,2.0,127.88999999999999,False,False,False,False,False,False,True,False,False,False,False,True,False,False,True,False
51584,0,5.0,3,10.0,2.0,3,4,3,0,11.0,1.0,1.0,2.0,139.31,False,True,False,False,False,True,False,False,False,False,False,False,True,False,True,False
52618,0,11.0,1,12.0,2.0,4,3,2,0,11.0,1.0,1.0,4.0,137.02,False,True,False,False,False,False,False,True,False,False,False,False,True,False,True,False
50452,0,2.0,3,5.0,2.0,3,2,1,0,19.0,0.0,1.0,1.0,143.42,False,False,False,False,False,False,True,False,True,False,True,False,False,False,False,False
51575,1,0.0,1,14.0,2.0,4,1,2,1,13.0,0.0,1.0,1.0,123.88999999999999,False,True,False,False,False,False,False,False,True,False,False,True,False,False,False,True
53912,0,19.0,1,7.0,4.0,5,3,5,0,24.0,4.0,2.0,5.0,232.48000000000002,False,False,False,False,False,True,False,False,True,False,False,False,False,False,True,False
53413,0,12.0,1,17.0,4.0,4,3,2,0,18.0,1.0,2.0,3.0,151.84,False,False,False,False,True,False,False,False,True,False,False,False,True,False,False,False
51958,0,1.0,3,8.0,2.0,3,4,2,1,20.0,6.0,7.0,5.0,147.79,False,True,False,False,False,False,True,False,False,False,True,False,False,False,True,False
52868,1,1.0,1,9.0,3.0,5,2,3,0,23.0,1.0,2.0,1.0,136.02,False,True,False,False,False,True,False,False,True,False,False,False,True,False,False,True
54292,0,24.0,3,19.0,4.0,4,1,6,0,12.0,2.0,3.0,3.0,217.08,False,False,False,False,False,False,True,False,False,False,False,False,False,False,False,True
54036,0,9.0,1,23.0,3.0,5,4,2,1,12.0,2.0,2.0,3.0,172.88,True,False,False,False,False,False,False,True,False,False,True,False,False,False,True,False
54977,0,13.0,1,16.0,4.0,4,4,11,0,16.0,2.0,2.0,4.0,192.82,False,False,False,False,False,True,False,False,True,False,True,False,False,False,False,True
52109,0,9.0,3,16.0,2.0,3,3,2,1,19.0,0.0,1.0,0.0,122.19999999999999,False,True,False,False,False,True,False,False,False,False,False,True,False,False,True,False
51004,0,9.0,1,12.0,3.0,1,5,4,1,13.0,1.0,1.0,2.0,155.62,False,False,False,False,False,True,False,False,True,False,True,False,False,False,True,False
53512,0,23.0,3,15.0,3.0,5,4,8,0,18.0,2.0,2.0,4.0,256.2,True,False,False,True,False,False,False,False,True,True,False,False,False,False,False,False
52177,1,0.0,1,14.0,3.0,3,3,2,0,12.0,1.0,2.0,2.0,126.1,False,False,False,False,False,False,False,False,True,False,False,True,False,False,True,False
53776,1,1.0,1,10.0,3.0,4,3,3,0,13.0,7.0,8.0,8.0,165.84,False,False,False,False,False,True,False,False,False,False,False,False,True,False,False,True
54476,0,17.0,1,17.0,3.0,4,1,2,0,20.0,1.0,2.0,8.0,149.55,False,False,False,False,False,True,False,False,False,False,False,False,True,False,False,True
53591,0,10.0,1,10.0,3.0,4,4,3,0,13.0,2.0,2.0,8.0,161.92,False,False,True,False,False,False,False,False,True,False,False,False,True,False,False,False
53120,0,20.0,1,9.0,3.0,4,3,8,0,15.0,1.0,2.0,2.0,303.61,True,False,False,False,False,True,False,False,True,True,False,False,False,False,False,False
54496,0,14.0,3,7.0,3.0,6,1,4,1,23.0,2.0,2.0,3.0,199.57,True,False,False,False,True,False,False,False,True,False,True,False,False,False,True,False
53484,0,2.0,1,22.0,3.0,4,3,3,0,17.0,3.0,3.0,3.0,147.07,False,True,False,False,False,True,False,False,True,False,False,False,True,False,True,False
54371,1,1.0,3,11.0,3.0,6,1,3,0,12.0,7.0,10.0,3.0,229.0,True,False,False,False,True,False,False,False,True,False,False,False,False,False,True,False
51307,0,5.0,3,6.0,2.0,3,1,2,0,19.0,3.0,5.0,7.0,204.22,True,False,False,False,False,False,True,False,False,False,False,False,False,False,True,False
54859,0,9.0,3,25.0,3.0,4,3,3,0,17.0,2.0,2.0,1.0,171.01,True,False,False,False,True,False,False,False,False,False,True,False,False,False,True,False
54701,1,1.0,1,7.0,4.0,6,4,9,1,14.0,2.0,4.0,8.0,147.16,False,True,False,False,False,True,False,False,False,False,False,False,True,False,False,True
52831,1,1.0,2,13.0,4.0,4,5,6,1,23.0,2.0,2.0,3.0,145.73,False,True,False,False,False,False,False,True,True,False,False,False,True,False,True,False
52329,0,7.0,1,8.0,3.0,3,1,2,0,11.0,4.0,4.0,11.0,166.87,True,False,True,False,False,False,False,False,False,False,True,False,False,False,False,True
50062,0,13.0,1,10.0,2.0,3,3,2,0,14.0,1.0,9.0,9.0,290.33,True,False,False,False,True,False,False,False,False,False,False,False,False,True,False,False
52840,1,15.0,1,15.0,3.0,6,2,4,0,16.0,1.0,2.0,4.0,231.5,False,False,False,False,False,True,False,False,True,False,False,False,False,False,False,True
55619,0,9.0,1,8.0,4.0,6,1,3,0,13.0,2.0,2.0,2.0,154.77,True,False,False,False,False,True,False,False,False,False,False,False,True,False,True,False
50252,0,24.0,3,20.0,2.0,3,2,5,0,11.0,0.0,1.0,7.0,149.36,False,True,False,False,False,True,False,False,False,False,True,False,False,False,False,False
50407,0,5.0,1,9.0,2.0,3,2,4,0,15.0,3.0,7.0,3.0,211.58999999999997,True,False,False,False,False,True,False,False,False,False,False,False,False,False,False,True
52163,0,9.0,1,24.0,3.0,3,1,3,0,20.0,0.0,1.0,9.0,177.79,False,False,False,False,False,True,False,False,True,False,True,False,False,False,False,True
54053,0,19.0,1,7.0,3.0,4,3,6,0,13.0,2.0,2.0,4.0,178.99,False,False,False,False,True,False,False,False,True,False,True,False,False,False,False,True
52726,0,8.0,3,24.0,3.0,3,5,1,0,16.0,1.0,1.0,4.0,155.61,True,False,False,False,True,False,False,False,True,False,True,False,False,False,True,False
54768,1,13.0,3,18.0,3.0,4,1,3,0,19.0,1.0,8.0,8.0,201.54,True,False,False,False,False,False,True,False,False,False,False,False,False,False,True,False
53440,1,16.0,3,9.0,3.0,6,2,3,0,16.0,6.0,7.0,10.0,323.45,True,False,False,False,False,False,True,False,False,False,False,False,False,True,False,False
53285,0,3.0,1,30.0,3.0,2,3,3,0,25.0,2.0,2.0,8.0,152.0,True,False,False,False,False,True,False,False,True,False,False,False,True,False,False,False
53242,0,13.0,2,10.0,3.0,3,4,11,0,16.0,4.0,4.0,7.0,188.89,True,False,False,False,False,False,False,True,False,False,True,False,False,False,False,False
51450,0,10.0,1,8.0,3.0,4,1,6,0,14.0,1.0,1.0,0.0,151.63,False,False,False,False,False,True,False,False,True,False,True,False,False,False,True,False
52616,0,7.0,3,9.0,2.0,5,1,6,0,12.0,2.0,2.0,2.0,160.29,True,False,False,False,False,True,False,False,False,False,True,False,False,False,False,True
51485,0,3.0,2,15.0,2.0,3,1,1,1,19.0,4.0,4.0,7.0,163.47,True,False,False,False,False,False,False,True,True,False,True,False,False,False,True,False
55474,1,1.0,2,20.0,3.0,5,5,6,1,16.0,3.0,3.0,1.0,148.35,False,True,False,False,False,False,False,True,True,False,False,False,True,False,True,False
52505,0,12.0,1,10.0,2.0,3,3,1,0,13.0,3.0,3.0,8.0,150.42,False,False,False,False,True,False,False,False,False,False,True,False,False,False,False,True
54175,1,1.0,1,31.0,3.0,5,3,7,1,15.0,1.0,2.0,4.0,145.28,False,True,False,False,False,True,False,False,True,False,False,False,True,False,False,True
52946,0,1.0,1,7.0,4.0,4,3,2,0,13.0,2.0,2.0,3.0,173.98,True,False,False,False,False,True,False,False,False,False,True,False,False,False,False,False
54555,0,5.0,1,14.0,3.0,4,5,3,0,13.0,4.0,4.0,13.0,168.06,True,False,False,False,True,False,False,False,False,False,True,False,False,False,True,False
51369,0,9.0,1,21.0,3.0,3,1,2,0,14.0,1.0,1.0,0.0,112.32,True,False,False,False,False,True,False,False,True,False,False,False,True,False,False,True
51493,0,14.0,1,16.0,3.0,4,5,5,0,13.0,1.0,7.0,7.0,271.81,False,False,False,False,False,True,False,False,True,True,False,False,False,False,True,False
50358,1,0.0,3,19.0,2.0,3,5,3,0,17.0,0.0,1.0,2.0,142.33,False,True,False,False,True,False,False,False,True,False,True,False,False,False,True,False
51593,0,7.0,1,8.0,2.0,4,5,7,0,13.0,0.0,5.0,9.0,159.57,True,False,False,False,False,True,False,False,True,False,True,False,False,False,True,False
54120,0,13.0,1,31.0,3.0,4,1,9,0,14.0,2.0,2.0,8.0,166.08,True,False,False,False,False,True,False,False,True,False,True,False,False,False,False,True
52998,0,12.0,1,32.0,3.0,5,4,5,0,18.0,2.0,2.0,2.0,245.61,True,False,False,False,False,True,False,False,False,False,False,False,False,False,False,False
54338,1,1.0,1,9.0,3.0,5,1,3,0,23.0,2.0,2.0,1.0,136.02,False,True,False,False,False,True,False,False,True,False,False,False,True,False,False,True
53659,0,10.0,3,14.0,3.0,2,5,4,0,17.0,6.0,7.0,14.0,171.39,False,False,False,False,False,False,True,False,False,False,True,False,False,False,False,False
52612,0,9.0,1,15.0,3.0,3,5,2,0,20.0,0.0,1.0,4.0,122.88999999999999,False,True,False,False,False,True,False,False,True,False,False,True,False,False,True,False
51647,0,9.0,3,16.0,3.0,4,3,2,0,12.0,0.0,1.0,0.0,112.0,True,False,False,False,True,False,False,False,False,False,False,False,True,False,False,True
50784,0,6.0,3,16.0,2.0,1,3,1,1,14.0,1.0,1.0,8.0,183.8,True,False,False,False,False,False,True,False,True,False,False,False,False,False,True,False
53376,0,1.0,3,7.0,3.0,5,5,3,0,13.0,2.0,2.0,8.0,167.94,False,False,False,False,True,False,False,False,True,False,True,False,False,False,False,True
52005,0,1.0,3,11.0,3.0,3,1,2,0,14.0,0.0,1.0,2.0,149.08,False,True,False,False,True,False,False,False,True,False,True,False,False,False,False,True
50511,0,8.0,1,15.0,3.0,4,3,2,1,20.0,2.0,5.0,14.5,206.85000000000002,True,False,False,False,False,True,False,False,False,False,False,False,False,False,False,False
51505,0,9.0,3,8.0,3.0,3,3,7,0,18.0,0.0,1.0,2.0,122.31,False,False,False,False,False,False,True,False,False,False,False,True,False,False,True,False
51078,0,11.0,1,10.0,2.0,3,3,8,0,19.0,0.0,1.0,0.0,133.06,False,True,False,False,False,False,False,False,False,False,False,True,False,False,True,False
52328,0,11.0,1,14.0,2.0,1,3,2,0,11.0,0.0,1.0,3.0,126.1,False,False,False,False,False,True,False,False,True,False,False,True,False,False,True,False
53565,0,4.0,1,14.0,3.0,4,3,3,0,14.0,9.0,9.0,10.0,159.91,True,False,False,False,False,True,False,False,True,False,True,False,False,False,True,False
51599,0,15.0,1,23.0,2.0,1,5,4,1,13.0,1.0,1.0,2.0,165.45,True,False,False,False,False,True,False,False,False,False,True,False,False,False,False,True
51251,1,0.0,1,14.0,2.0,1,3,4,1,14.0,0.0,1.0,3.0,124.32,False,False,False,False,False,True,False,False,False,False,False,True,False,False,False,True
53740,0,4.0,3,23.0,4.0,4,3,10,0,16.0,1.0,3.0,3.0,178.01,True,False,False,False,False,True,False,False,True,False,True,False,False,False,False,False
52412,0,6.0,1,10.0,2.0,4,4,9,0,11.0,1.0,1.0,2.0,138.38,False,True,False,False,True,False,False,False,False,False,False,False,True,False,True,False
50122,0,6.0,1,11.0,3.0,4,2,2,0,13.0,0.0,1.0,2.0,129.11,False,True,False,False,False,True,False,False,False,False,False,True,False,False,False,False
54281,0,4.0,1,30.0,4.0,6,3,3,0,26.0,1.0,2.0,10.0,151.13,False,False,False,False,False,True,False,False,True,False,False,False,True,False,True,False
53903,0,8.0,1,26.0,3.0,5,1,3,0,13.0,4.0,9.0,8.0,154.29,True,False,False,False,False,True,False,False,False,False,False,False,True,False,True,False
52237,0,9.0,1,8.0,3.0,1,1,2,0,13.0,1.0,7.0,7.0,120.11000000000001,True,False,False,False,False,True,False,False,False,False,False,True,False,False,True,False
51929,0,7.0,3,14.0,3.0,3,5,6,0,17.0,1.0,1.0,2.0,165.0,True,False,False,False,False,True,False,False,False,False,True,False,False,False,True,False
52127,0,0.0,1,6.0,2.0,4,5,2,0,16.0,1.0,1.0,3.0,139.55,False,True,False,False,True,False,False,False,True,False,False,False,True,False,True,False
53872,0,23.0,1,13.0,3.0,5,3,4,1,20.0,1.0,3.0,13.0,264.66,True,False,False,False,False,True,False,False,False,True,False,False,False,False,True,False
50731,0,10.0,1,6.0,2.0,4,2,2,0,13.0,3.0,3.0,11.0,164.74,True,False,False,False,False,True,False,False,False,False,True,False,False,False,False,False
55010,1,7.0,3,16.0,3.0,6,3,10,0,14.0,1.0,2.0,4.0,178.46,True,False,False,False,False,False,True,False,False,False,True,False,False,False,False,True
55070,0,1.0,1,32.0,3.0,2,1,3,1,13.0,1.0,2.0,2.0,154.94,True,False,False,False,False,True,False,False,False,False,False,False,True,False,False,True
55270,0,8.0,3,36.0,3.0,4,4,5,0,13.0,2.0,2.0,3.0,217.5,True,False,False,True,False,False,False,False,True,False,False,False,False,False,True,False
53844,1,1.0,3,10.0,4.0,4,1,3,1,13.0,1.0,2.0,1.0,140.69,False,False,False,False,True,False,False,False,False,False,False,False,True,False,False,True
54626,0,20.0,1,25.0,3.0,4,3,7,0,12.0,1.0,2.0,3.0,230.27,False,False,False,False,True,False,False,False,False,False,False,False,False,False,True,False
50993,0,7.0,1,6.0,2.0,3,1,10,0,17.0,1.0,2.0,1.0,154.84,True,False,False,False,False,True,False,False,True,False,True,False,False,False,True,False
53233,0,12.0,1,7.0,3.0,4,3,6,1,15.0,1.0,2.0,1.0,203.61,True,False,False,False,False,True,False,False,False,False,False,False,False,False,False,True
50653,1,9.0,1,16.0,2.0,4,5,2,0,13.0,1.0,1.0,0.0,114.16,True,False,False,False,False,True,False,False,False,False,False,False,True,False,False,True
51069,0,11.0,1,14.0,2.0,4,4,2,0,22.0,1.0,3.0,3.0,124.4,False,False,False,False,False,False,False,False,False,False,False,True,False,False,False,True
54639,0,1.0,3,20.0,3.0,4,3,3,0,12.0,2.0,2.0,7.0,145.96,False,True,False,False,True,False,False,False,True,False,False,False,True,False,True,False
55302,0,4.0,1,14.0,3.0,5,4,3,0,13.0,2.0,2.0,2.0,146.41,False,True,False,False,True,False,False,False,True,False,False,False,True,False,True,False
53768,1,1.0,1,7.0,4.0,5,5,8,0,14.0,1.0,2.0,8.0,148.62,False,True,True,False,False,False,False,False,True,False,False,False,True,False,False,True
52983,0,5.0,3,12.0,3.0,4,4,3,0,12.0,1.0,3.0,3.0,152.89,False,False,False,False,False,False,True,False,False,False,False,False,True,False,True,False
50658,0,3.0,1,26.0,2.0,3,5,1,0,15.0,1.0,1.0,2.0,199.57,True,False,False,False,False,False,False,True,True,False,True,False,False,False,False,False
52430,0,7.0,3,7.0,3.0,4,3,2,1,14.0,7.0,8.0,6.0,170.83,True,False,True,False,False,False,False,False,True,False,False,False,False,False,True,False
50964,0,15.0,1,8.0,3.0,4,4,5,0,14.0,1.0,1.0,0.0,148.41,False,True,False,False,True,False,False,False,True,False,False,False,True,False,True,False
50805,0,1.0,1,8.0,2.0,4,2,2,1,12.0,2.0,2.0,2.0,138.67,False,False,False,False,False,True,False,False,True,False,False,False,True,False,False,False
52709,0,6.0,3,16.0,2.0,3,3,2,0,14.0,0.0,1.0,9.0,154.87,True,False,False,False,False,False,True,False,True,False,True,False,False,False,False,True
51327,0,11.0,3,16.0,3.0,3,1,2,0,11.0,0.0,1.0,9.0,153.43,True,False,False,False,False,True,False,False,False,False,True,False,False,False,True,False
52695,0,0.0,1,7.0,3.0,4,3,2,1,13.0,0.0,1.0,0.0,129.33,False,True,False,False,False,True,False,False,False,False,False,True,False,False,True,False
54028,0,2.0,3,10.0,4.0,4,4,3,0,20.0,2.0,2.0,1.0,153.56,True,False,False,False,True,False,False,False,False,False,False,False,True,False,True,False
52590,0,3.0,1,8.0,3.0,4,5,1,0,16.0,0.0,1.0,7.0,149.68,False,False,True,False,False,False,False,False,False,False,False,False,True,False,False,True
52767,0,20.0,1,7.0,3.0,3,4,1,0,18.0,0.0,5.0,3.0,219.57,False,False,False,False,True,False,False,False,False,False,False,False,False,False,True,False
50543,1,4.0,1,8.0,3.0,5,2,5,1,13.0,0.0,1.0,0.0,127.78,False,True,False,False,False,True,False,False,False,False,False,True,False,False,True,False
51726,0,0.0,3,16.0,3.0,3,3,2,1,12.0,0.0,1.0,3.0,142.6,False,True,False,False,False,False,True,False,False,False,True,False,False,False,True,False
55020,0,3.0,1,22.0,4.0,6,1,2,1,19.0,2.0,2.0,4.0,146.68,False,True,False,False,False,True,False,False,False,False,False,False,True,False,True,False
53143,0,19.0,3,9.0,4.0,4,4,2,0,20.0,4.0,4.0,8.0,173.05,True,False,False,False,False,False,False,True,True,False,True,False,False,False,False,False
53869,0,1.0,3,9.0,3.0,4,3,3,0,20.0,1.0,3.0,3.0,152.83,True,False,False,False,True,False,False,False,False,False,False,False,True,False,False,True
50781,0,2.0,1,6.0,2.0,4,2,4,0,14.0,1.0,1.0,7.0,261.24,True,False,False,False,False,True,False,False,False,True,False,False,False,False,True,False
53605,0,29.0,1,15.0,3.0,5,4,3,1,16.0,4.0,16.0,1.0,260.77,False,False,False,False,True,False,False,False,True,True,False,False,False,False,True,False
52553,0,28.0,1,28.0,3.0,4,4,6,0,12.0,1.0,1.0,2.0,135.37,False,True,True,False,False,False,False,False,True,False,False,True,False,False,True,False
51886,1,9.0,1,6.0,3.0,5,4,8,1,13.0,1.0,3.0,7.0,122.16,False,True,False,False,False,True,False,False,False,False,False,True,False,False,False,True
54716,0,3.0,3,17.0,3.0,4,4,3,0,15.0,3.0,3.0,3.0,147.97,False,True,False,False,False,False,True,False,True,False,False,False,True,False,True,False
55085,0,9.0,1,13.0,4.0,4,3,2,1,15.0,2.0,3.0,3.0,160.06,True,False,False,False,False,True,False,False,True,False,False,False,True,False,True,False
50625,1,15.0,3,8.0,2.0,5,2,2,0,15.0,5.0,6.0,9.0,298.45,True,False,False,False,False,False,True,False,False,False,False,False,False,True,False,False
52982,0,10.0,1,10.0,2.0,4,4,6,0,13.0,7.0,8.0,8.0,169.85,True,False,True,False,False,False,False,False,True,False,True,False,False,False,False,True
50902,0,5.0,3,13.0,3.0,3,2,5,0,12.0,1.0,1.0,3.0,192.04,True,False,False,False,False,False,True,False,True,False,True,False,False,False,False,False
51046,0,0.0,1,14.0,2.0,3,1,3,0,13.0,0.0,1.0,2.0,125.80000000000001,False,False,False,False,False,False,False,False,True,False,False,True,False,False,False,True
53802,1,17.0,1,9.0,4.0,5,1,2,0,17.0,2.0,2.0,3.0,226.69,True,False,False,True,False,False,False,False,False,False,False,False,False,False,True,False
54884,0,20.0,1,14.0,4.0,4,3,8,0,14.0,2.0,2.0,8.0,233.45,True,False,False,False,True,False,False,False,True,False,False,False,False,False,True,False
51404,0,4.0,1,13.0,2.0,3,1,4,0,22.0,0.0,1.0,7.0,159.15,True,False,False,False,False,True,False,False,True,False,True,False,False,False,True,False
51960,1,0.0,1,14.0,2.0,4,3,2,1,14.0,0.0,1.0,7.0,123.66,False,False,False,False,False,False,False,False,False,False,False,True,False,False,True,False
53071,0,1.0,3,17.0,4.0,4,3,3,1,13.0,1.0,2.0,4.0,167.6,True,False,False,False,False,False,True,False,False,False,True,False,False,False,True,False
50451,0,27.0,1,25.0,3.0,3,5,10,1,11.0,0.0,1.0,4.0,154.85,True,False,False,False,True,False,False,False,False,False,True,False,False,False,True,False
50878,0,8.0,1,24.0,2.0,3,2,3,0,11.0,0.0,2.0,2.0,193.62,False,False,False,False,False,True,False,False,True,False,False,False,False,False,False,True
54020,0,3.0,2,13.0,3.0,5,4,3,0,12.0,2.0,2.0,1.0,153.04,True,False,False,False,True,False,False,False,True,False,False,False,True,False,True,False
53706,0,8.0,1,7.0,4.0,4,5,7,0,15.0,2.0,2.0,4.0,154.96,False,False,False,False,False,False,False,True,True,False,False,False,True,False,True,False
52471,0,2.0,1,8.0,2.0,3,1,2,0,19.0,1.0,1.0,3.0,188.53,False,False,False,False,False,True,False,False,True,False,True,False,False,False,True,False
52993,0,2.0,1,23.0,4.0,3,5,2,0,20.0,1.0,2.0,8.0,181.61,True,False,False,False,True,False,False,False,True,False,True,False,False,False,False,True
53657,1,21.0,1,14.0,3.0,5,5,9,1,15.0,5.0,6.0,3.0,225.08,True,False,False,False,True,False,False,False,False,False,False,False,False,False,False,False
51878,0,20.0,3,20.0,2.0,3,5,3,0,12.0,1.0,1.0,7.0,149.6,True,False,False,False,False,False,True,False,True,False,True,False,False,False,False,True
52386,0,13.0,1,14.0,2.0,4,4,3,0,11.0,4.0,2.0,8.0,237.57,False,False,False,False,True,False,False,False,True,False,False,False,False,False,True,False
50995,0,11.0,3,20.0,3.0,3,4,1,0,11.0,5.0,7.0,7.0,199.24,True,False,False,False,False,True,False,False,True,False,True,False,False,False,True,False
53015,0,4.0,1,35.0,4.0,4,2,3,0,14.0,1.0,2.0,10.0,182.75,True,False,False,False,True,False,False,False,False,False,True,False,False,False,False,False
51232,0,14.0,3,14.0,2.0,3,4,6,0,21.0,1.0,1.0,4.0,143.93,False,True,False,False,False,False,True,False,False,False,True,False,False,False,True,False
55086,0,16.0,1,14.0,4.0,2,4,8,1,17.0,1.0,2.0,1.0,148.72,False,True,False,False,True,False,False,False,False,False,True,False,False,False,True,False
52601,1,0.0,3,22.0,3.0,3,5,3,1,20.0,1.0,1.0,0.0,185.64,True,False,False,False,False,True,False,False,False,False,False,False,False,False,False,True
52309,0,11.0,3,8.0,2.0,3,5,4,0,15.0,0.0,1.0,7.0,168.93,True,False,False,False,False,True,False,False,False,False,True,False,False,False,True,False
54700,0,24.0,3,15.0,3.0,4,4,9,0,16.0,1.0,3.0,3.0,163.75,True,False,False,False,False,False,True,False,True,False,False,False,True,False,True,False
50158,0,2.0,3,8.0,2.0,3,2,2,0,18.0,0.0,1.0,9.0,145.54,False,False,False,False,False,True,False,False,True,False,True,False,False,False,False,True
52157,0,11.0,3,8.0,2.0,3,4,8,0,16.0,1.0,1.0,0.0,173.51,True,False,False,False,False,False,True,False,True,False,False,False,False,False,False,True
50257,0,3.0,3,14.0,3.0,3,4,2,0,18.0,1.0,1.0,0.0,124.75999999999999,False,True,True,False,False,False,False,False,True,False,False,True,False,False,False,False
50583,0,20.0,1,22.0,3.0,1,3,2,1,19.0,0.0,2.0,7.0,150.67,False,False,False,False,True,False,False,False,True,False,True,False,False,False,True,False
54636,0,1.0,3,35.0,4.0,4,4,3,0,21.0,1.0,2.0,5.0,187.72,True,False,False,False,False,False,True,False,True,False,True,False,False,False,True,False
50899,0,9.0,1,6.0,2.0,3,5,3,0,22.0,1.0,1.0,0.0,120.66,False,True,False,False,False,True,False,False,False,False,False,True,False,False,False,False
52180,0,7.0,3,15.0,3.0,3,3,2,0,20.0,0.0,1.0,3.0,157.14,True,False,False,False,False,True,False,False,False,False,True,False,False,False,True,False
55293,0,14.0,3,21.0,3.0,4,5,3,0,16.0,1.0,2.0,3.0,171.39,True,False,False,False,False,True,False,False,False,False,True,False,False,False,True,False
50665,1,7.0,2,6.0,3.0,4,5,10,0,14.0,2.0,3.0,6.0,204.82,True,False,False,False,True,False,False,False,True,False,False,False,False,False,False,False
51952,0,7.0,1,14.0,3.0,4,1,2,0,16.0,1.0,1.0,3.0,125.53,False,False,False,False,False,True,False,False,False,False,False,True,False,False,False,True
51615,0,9.0,1,12.0,2.0,3,1,1,0,11.0,1.0,10.0,11.0,132.1,False,True,False,False,False,True,False,False,True,False,False,True,False,False,True,False
51690,0,8.0,1,11.0,3.0,3,4,1,0,13.0,1.0,1.0,13.0,180.95,True,False,True,False,False,False,False,False,True,False,False,False,False,False,False,True
52014,0,1.0,1,14.0,3.0,3,3,6,0,18.0,0.0,2.0,2.0,123.77000000000001,False,True,False,False,False,False,False,False,False,False,False,True,False,False,True,False
50564,1,9.0,3,27.0,2.0,4,4,2,1,13.0,0.0,1.0,0.0,121.21000000000001,False,True,False,False,False,False,False,True,True,False,False,True,False,False,False,True
50599,0,19.0,1,13.0,3.0,3,3,7,0,13.0,0.0,1.0,7.0,208.45,True,False,False,False,True,False,False,False,True,False,False,False,False,False,True,False
53621,0,25.0,1,13.0,3.0,5,3,2,0,15.0,8.0,8.0,8.0,153.38,False,False,False,False,True,False,False,False,False,False,False,False,True,False,False,True
55062,0,22.0,1,9.0,4.0,2,4,7,0,12.0,1.0,2.0,1.0,150.59,True,False,True,False,False,False,False,False,True,False,False,False,True,False,False,True
51750,0,1.0,1,23.0,3.0,3,5,2,0,12.0,0.0,1.0,8.0,145.58,False,True,False,False,True,False,False,False,True,False,True,False,False,False,True,False
54219,0,5.0,1,14.0,3.0,4,1,5,0,23.0,1.0,2.0,8.0,184.15,True,False,False,False,False,True,False,False,True,False,True,False,False,False,True,False
54843,0,6.0,1,7.0,4.0,5,4,8,0,21.0,1.0,2.0,3.0,148.32,False,False,False,False,False,True,False,False,False,False,False,False,True,False,True,False
53550,0,3.0,1,22.0,4.0,6,2,2,1,19.0,2.0,2.0,4.0,146.68,False,True,False,False,False,True,False,False,False,False,False,False,True,False,False,False
54487,0,13.0,1,14.0,3.0,5,1,3,0,15.0,7.0,14.0,4.0,317.72,False,False,False,False,True,False,False,False,True,False,False,False,False,True,True,False
51218,0,7.0,3,10.0,3.0,3,1,3,1,13.0,0.0,1.0,0.0,197.13,True,False,False,False,False,True,False,False,True,False,False,False,False,False,True,False
50819,0,19.0,2,6.0,2.0,3,5,7,0,12.0,3.0,5.0,7.0,134.23,False,True,False,False,False,True,False,False,False,False,False,True,False,False,False,True
54117,0,6.0,1,36.0,3.0,5,4,3,0,14.0,4.0,5.0,2.0,153.37,True,False,False,False,False,True,False,False,False,False,False,False,True,False,False,True
53541,0,6.0,3,9.0,4.0,4,5,3,0,13.0,1.0,2.0,1.0,153.27,False,False,False,False,False,True,False,False,False,False,False,False,True,False,True,False
50100,0,4.0,1,6.0,2.0,5,3,1,0,12.0,1.0,1.0,4.0,143.45,False,False,False,False,True,False,False,False,True,False,True,False,False,False,False,False
53149,0,14.0,3,35.0,3.0,6,5,5,0,16.0,2.0,2.0,2.0,234.32,False,False,False,False,False,False,False,True,True,False,False,False,False,False,True,False
50172,1,9.0,1,9.0,2.0,3,3,2,0,13.0,0.0,1.0,0.0,114.19999999999999,True,False,False,False,False,True,False,False,True,False,False,False,True,False,False,True
51758,0,19.0,1,24.0,2.0,3,3,3,0,14.0,1.0,1.0,8.0,148.1,False,True,False,False,True,False,False,False,False,False,True,False,False,False,True,False
50736,1,0.0,1,9.0,3.0,4,2,1,1,11.0,0.0,1.0,0.0,128.53,False,False,False,False,False,True,False,False,True,False,False,True,False,False,False,False
54408,0,8.0,1,9.0,3.0,5,5,8,0,14.0,1.0,6.0,10.0,184.57,True,False,False,False,False,True,False,False,True,False,True,False,False,False,True,False
54295,0,1.0,2,32.0,4.0,4,3,3,0,24.0,3.0,6.0,8.0,154.42,True,False,False,False,False,True,False,False,False,False,False,False,True,False,True,False
52803,0,9.0,1,8.0,3.0,3,3,3,0,14.0,0.0,1.0,2.0,120.00999999999999,True,False,False,False,False,False,False,False,False,False,False,True,False,False,True,False
50439,0,0.0,3,32.0,2.0,3,2,2,0,23.0,0.0,1.0,4.0,161.8,True,False,False,False,True,False,False,False,False,False,True,False,False,False,False,True
53200,0,7.0,1,13.0,2.0,4,2,5,0,24.0,5.0,5.0,8.0,202.25,False,False,False,False,False,True,False,False,True,False,True,False,False,False,True,False
52931,0,13.0,1,7.0,4.0,4,3,9,0,15.0,1.0,2.0,3.0,147.32,False,True,False,False,True,False,False,False,False,False,False,False,True,False,True,False
51893,1,5.0,1,25.0,3.0,1,3,7,1,12.0,0.0,2.0,2.0,127.59,False,False,False,False,False,False,False,False,True,False,False,True,False,False,True,False
52190,0,3.0,3,16.0,3.0,4,3,2,0,18.0,0.0,1.0,4.0,165.78,True,False,False,False,False,False,True,False,True,False,True,False,False,False,True,False
52452,1,0.0,3,7.0,3.0,4,5,2,0,11.0,1.0,6.0,7.0,197.14,True,False,False,False,False,True,False,False,True,False,True,False,False,False,True,False
54602,0,16.0,1,12.0,4.0,4,3,6,0,18.0,1.0,3.0,1.0,145.93,False,False,False,False,False,False,False,True,True,False,False,False,True,False,True,False
53501,0,20.0,3,10.0,3.0,4,3,5,0,15.0,2.0,5.0,10.0,299.65,True,False,False,False,False,False,True,False,True,True,False,False,False,False,False,False
50992,0,28.0,3,32.0,2.0,4,1,2,0,15.0,2.0,2.0,13.0,295.86,True,False,False,False,False,False,True,False,True,False,False,False,False,True,True,False
54340,0,12.0,1,16.0,4.0,4,1,3,0,13.0,2.0,3.0,2.0,147.88,False,True,False,False,False,True,False,False,False,False,False,False,True,False,False,True
54267,0,24.0,1,7.0,4.0,4,4,5,1,15.0,1.0,2.0,8.0,306.72,False,False,False,False,False,True,False,False,False,False,False,False,False,True,True,False
50356,1,9.0,3,18.0,3.0,4,5,2,0,18.0,1.0,1.0,0.0,120.33000000000001,False,False,False,False,False,True,False,False,True,False,False,True,False,False,False,False
52610,0,28.0,1,8.0,2.0,4,5,9,0,12.0,1.0,1.0,0.0,290.38,True,False,False,False,True,False,False,False,True,False,False,False,False,True,True,False
52604,0,9.0,1,10.0,3.0,4,5,2,0,13.0,0.0,1.0,0.0,121.09,False,True,False,True,False,False,False,False,False,False,False,True,False,False,True,False
51532,0,13.0,1,10.0,2.0,3,3,2,0,14.0,1.0,9.0,9.0,290.33,True,False,False,False,True,False,False,False,False,False,False,False,False,True,True,False
53192,0,4.0,1,10.0,4.0,4,3,3,0,21.0,2.0,2.0,1.0,145.83,False,False,False,False,True,False,False,False,False,False,False,False,True,False,True,False
53979,0,9.0,1,9.0,3.0,4,1,4,0,15.0,1.0,2.0,8.0,182.62,False,False,False,False,True,False,False,False,True,False,True,False,False,False,True,False
54177,0,6.0,1,12.0,4.0,2,4,2,1,13.0,2.0,2.0,6.0,157.98,True,False,False,False,False,True,False,False,True,False,False,False,True,False,True,False
52574,0,14.0,2,10.0,2.0,5,4,7,0,19.0,0.0,1.0,2.0,164.3,False,False,False,False,False,False,False,True,True,False,True,False,False,False,True,False
54762,0,14.0,1,23.0,3.0,5,3,8,0,15.0,1.0,2.0,1.0,175.94,False,False,False,False,True,False,False,False,True,False,True,False,False,False,False,True
52188,1,0.0,1,14.0,3.0,3,1,2,1,11.0,1.0,1.0,0.0,125.15,False,True,False,False,False,True,False,False,False,False,False,True,False,False,True,False
52445,0,18.0,1,7.0,3.0,3,4,2,0,12.0,3.0,7.0,7.0,174.41,True,False,True,False,False,False,False,False,True,False,False,False,False,False,True,False
51653,0,11.0,1,31.0,2.0,4,4,4,0,17.0,0.0,1.0,3.0,220.61,True,False,False,False,False,True,False,False,False,False,False,False,False,False,True,False
54558,0,1.0,3,11.0,4.0,5,1,3,1,12.0,1.0,2.0,4.0,169.87,True,False,False,False,False,True,False,False,False,False,True,False,False,False,False,True
55216,0,8.0,1,22.0,4.0,4,5,9,0,15.0,3.0,7.0,10.0,295.07,False,False,False,False,True,False,False,False,True,True,False,False,False,False,True,False
54082,0,12.0,3,7.0,3.0,5,5,6,0,15.0,1.0,2.0,1.0,153.58,True,False,False,False,False,True,False,False,True,False,False,False,True,False,False,True
52985,0,11.0,1,16.0,3.0,4,2,3,1,13.0,1.0,2.0,3.0,148.26,False,False,False,False,True,False,False,False,True,False,False,False,True,False,False,False
50795,0,30.0,1,24.0,3.0,3,2,7,0,12.0,1.0,5.0,4.0,205.12,True,False,False,False,True,False,False,False,True,False,False,False,False,False,False,True
52713,0,9.0,1,8.0,2.0,3,4,2,0,11.0,0.0,1.0,2.0,122.25999999999999,False,True,True,False,False,False,False,False,True,False,False,True,False,False,True,False
52352,1,12.0,1,34.0,3.0,4,5,4,0,20.0,0.0,1.0,3.0,142.84,False,False,False,False,False,True,False,False,True,False,True,False,False,False,False,True
52942,0,13.0,1,9.0,4.0,4,3,2,0,26.0,11.0,2.0,9.0,234.38,False,False,False,True,False,False,False,False,False,False,False,False,False,False,False,True
52153,0,11.0,3,16.0,3.0,4,3,1,1,14.0,1.0,2.0,7.0,187.4,True,False,False,False,False,False,True,False,True,False,False,False,False,False,True,False
54687,0,13.0,1,9.0,4.0,5,3,3,0,12.0,2.0,12.0,11.0,170.53,True,False,True,False,False,False,False,False,False,False,True,False,False,False,False,True
53613,0,18.0,1,11.0,4.0,2,5,3,0,15.0,2.0,15.0,14.0,316.9,True,False,False,False,False,True,False,False,True,False,False,False,False,True,True,False
52937,0,7.0,1,12.0,4.0,5,2,3,0,14.0,1.0,2.0,3.0,154.11,True,False,False,False,False,True,False,False,False,False,False,False,True,False,False,False
53691,0,26.0,1,15.0,3.0,4,5,11,0,14.0,2.0,2.0,5.0,154.5,True,False,False,False,False,False,False,True,False,False,False,False,True,False,False,False
53327,1,1.0,1,32.0,4.0,4,4,3,1,20.0,1.0,8.0,9.0,145.22,False,False,False,False,False,True,False,False,False,False,False,False,True,False,True,False
55035,0,4.0,1,14.0,3.0,4,3,3,0,14.0,5.0,9.0,10.0,159.91,True,False,False,False,False,True,False,False,True,False,True,False,False,False,True,False
53308,0,18.0,1,11.0,3.0,4,4,11,0,13.0,2.0,3.0,4.0,184.33,True,False,False,False,True,False,False,False,True,False,True,False,False,False,False,True
55597,0,1.0,3,12.0,3.0,4,5,3,1,12.0,2.0,2.0,3.0,148.8,False,True,False,False,True,False,False,False,True,False,False,False,True,False,False,True
53333,0,12.0,3,16.0,4.0,5,4,2,0,20.0,1.0,2.0,3.0,153.99,True,False,False,False,False,False,True,False,True,False,False,False,True,False,False,False
53625,0,1.0,1,7.0,3.0,4,4,3,0,19.0,2.0,3.0,2.0,145.96,False,True,False,False,True,False,False,False,False,False,False,False,True,False,False,True
50184,0,30.0,1,6.0,2.0,5,3,3,1,13.0,1.0,1.0,2.0,156.6,False,False,False,False,False,True,False,False,True,False,True,False,False,False,True,False
50076,0,0.0,1,6.0,2.0,4,5,6,0,19.0,0.0,2.0,0.0,142.98,False,False,True,False,False,False,False,False,True,False,True,False,False,False,False,False
53545,0,19.0,1,14.0,3.0,4,3,6,1,20.0,2.0,2.0,3.0,169.77,True,False,False,False,True,False,False,False,False,False,False,False,True,False,False,False
53460,0,1.0,1,7.0,4.0,5,3,3,0,14.0,2.0,2.0,4.0,145.07,False,False,False,False,True,False,False,False,False,False,False,False,True,False,True,False
52854,0,31.0,1,31.0,3.0,3,2,5,1,17.0,2.0,2.0,3.0,219.39,True,False,False,False,False,True,False,False,True,False,False,False,False,False,True,False
53337,0,27.0,3,15.0,4.0,4,2,7,0,15.0,1.0,2.0,3.0,243.36,True,False,False,False,False,False,True,False,True,True,False,False,False,False,False,False
52211,0,3.0,3,35.0,3.0,3,5,9,0,19.0,1.0,1.0,3.0,141.15,False,True,False,False,False,True,False,False,True,False,True,False,False,False,True,False
53886,0,23.0,1,7.0,3.0,4,3,6,0,15.0,1.0,2.0,1.0,278.79,True,False,False,False,False,True,False,False,True,True,False,False,False,False,False,True
54388,0,3.0,3,7.0,3.0,4,1,3,0,15.0,5.0,5.0,2.0,204.18,False,False,False,False,True,False,False,False,False,False,False,False,False,False,True,False
53141,0,5.0,3,9.0,4.0,4,2,6,1,14.0,2.0,2.0,6.0,190.82,True,False,False,False,False,True,False,False,True,False,True,False,False,False,False,True
51577,0,15.0,1,10.0,2.0,3,1,2,0,15.0,0.0,11.0,14.5,292.32,True,False,False,True,False,False,False,False,True,False,False,False,False,True,True,False
52139,0,9.0,1,21.0,2.0,3,3,2,0,16.0,0.0,2.0,2.0,122.07,False,True,False,False,False,True,False,False,True,False,False,True,False,False,True,False
54849,1,1.0,3,28.0,3.0,5,4,3,1,14.0,2.0,2.0,1.0,146.21,False,True,False,False,False,False,False,True,True,False,False,False,True,False,False,True
52234,0,8.0,3,14.0,3.0,4,1,5,1,11.0,3.0,4.0,12.0,203.77,False,False,False,False,False,False,True,False,False,False,False,False,False,False,True,False
53275,0,16.0,1,15.0,4.0,4,2,3,0,15.0,1.0,15.0,10.0,309.3,False,False,False,False,False,True,False,False,True,False,False,False,False,True,True,False
52356,0,28.0,1,7.0,2.0,1,1,3,0,13.0,0.0,2.0,0.0,247.32,True,False,False,False,True,False,False,False,True,True,False,False,False,False,True,False
54314,0,19.0,1,16.0,3.0,4,4,10,0,19.0,2.0,2.0,14.5,148.48,False,True,False,False,False,True,False,False,True,False,True,False,False,False,True,False
51206,0,16.0,1,12.0,2.0,4,3,8,0,15.0,3.0,6.0,14.0,293.92,True,False,False,False,True,False,False,False,False,False,False,False,False,True,True,False
51446,1,9.0,2,12.0,3.0,3,5,5,1,22.0,0.0,1.0,2.0,120.72999999999999,False,True,False,False,False,False,False,True,True,False,False,True,False,False,True,False
54666,0,1.0,1,13.0,4.0,4,1,3,1,14.0,1.0,2.0,3.0,81.0,True,False,False,False,False,True,False,False,False,False,False,False,True,False,True,False
50953,1,0.0,1,14.0,3.0,4,5,7,0,13.0,0.0,1.0,7.0,123.62,False,True,True,False,False,False,False,False,True,False,False,True,False,False,False,True
50961,1,0.0,1,9.0,2.0,3,3,2,0,12.0,6.0,7.0,7.0,140.84,False,False,False,False,False,True,False,False,False,False,False,False,True,False,False,True
55393,0,9.0,1,34.0,3.0,4,3,4,0,17.0,2.0,2.0,8.0,193.83,True,False,False,False,False,True,False,False,True,False,True,False,False,False,True,False
50538,1,9.0,3,8.0,2.0,4,3,2,0,13.0,0.0,1.0,2.0,120.44,False,True,False,False,False,False,False,False,False,False,False,True,False,False,False,True
55548,0,3.0,1,8.0,3.0,4,5,2,0,13.0,1.0,2.0,3.0,178.73,True,False,False,False,False,True,False,False,True,False,True,False,False,False,True,False
50104,0,8.0,3,6.0,3.0,3,3,2,0,14.0,1.0,1.0,8.0,187.89,False,False,False,False,False,False,True,False,False,False,False,False,False,False,False,True
55308,0,23.0,1,32.0,3.0,4,5,3,0,15.0,2.0,2.0,5.0,157.11,True,False,False,False,False,True,False,False,False,False,False,False,True,False,True,False
50807,0,3.0,1,15.0,3.0,3,3,8,1,18.0,1.0,1.0,7.0,146.95,False,False,False,False,True,False,False,False,False,False,True,False,False,False,False,True
51231,0,9.0,3,23.0,2.0,4,4,3,0,16.0,1.0,1.0,3.0,155.07,True,False,False,False,False,False,True,False,True,False,True,False,False,False,True,False
50211,0,13.0,3,6.0,2.0,5,2,3,1,22.0,1.0,1.0,2.0,174.57,True,False,False,False,True,False,False,False,True,False,True,False,False,False,False,False
52276,0,24.0,1,12.0,3.0,4,3,1,0,14.0,3.0,7.0,7.0,128.38,False,False,False,False,False,False,False,False,False,False,False,True,False,False,False,True
50022,1,20.0,1,29.0,3.0,3,2,2,0,12.0,11.0,15.0,6.0,203.12,True,False,False,False,True,False,False,False,False,False,False,False,False,False,False,False
53975,0,13.0,1,17.0,4.0,4,3,9,0,22.0,3.0,2.0,3.0,259.64,True,False,False,False,True,False,False,False,True,False,False,False,False,False,False,True
50639,0,9.0,3,16.0,2.0,3,3,2,1,19.0,0.0,1.0,0.0,122.19999999999999,False,True,False,False,False,True,False,False,False,False,False,True,False,False,False,False
54597,1,1.0,1,17.0,3.0,6,1,9,0,14.0,1.0,2.0,4.0,159.08,True,False,False,False,True,False,False,False,True,False,False,False,True,False,True,False
50146,0,28.0,1,6.0,2.0,3,5,1,1,14.0,1.0,4.0,13.0,290.45,True,False,False,False,True,False,False,False,True,False,False,False,False,True,False,True
51955,0,16.0,1,20.0,3.0,3,5,7,0,24.0,1.0,1.0,0.0,271.59,True,False,False,False,False,True,False,False,True,True,False,False,False,False,True,False
51495,0,9.0,1,9.0,3.0,3,4,2,0,14.0,1.0,1.0,0.0,114.83000000000001,True,False,False,False,True,False,False,False,False,False,False,False,True,False,False,True
54947,0,1.0,1,15.0,3.0,6,3,3,0,20.0,2.0,2.0,3.0,171.21,False,False,False,False,False,True,False,False,True,False,False,False,True,False,True,False
50462,0,0.0,1,15.0,3.0,4,4,2,0,11.0,1.0,1.0,0.0,126.94,False,False,False,False,False,True,False,False,True,False,False,True,False,False,True,False
54074,0,10.0,1,16.0,4.0,2,4,3,0,23.0,2.0,2.0,3.0,153.1,False,False,False,False,False,True,False,False,True,False,False,False,True,False,True,False
51435,1,9.0,3,15.0,3.0,4,1,2,0,16.0,3.0,4.0,7.0,196.19,True,False,False,False,True,False,False,False,True,False,False,False,False,False,False,True
52872,0,8.0,1,34.0,4.0,4,4,4,0,16.0,2.0,2.0,3.0,148.11,False,True,False,False,True,False,False,False,False,False,False,False,True,False,False,True
52161,0,9.0,1,6.0,3.0,4,4,2,1,11.0,1.0,2.0,2.0,120.69999999999999,False,True,False,True,False,False,False,False,False,False,False,True,False,False,False,True
51347,0,22.0,1,14.0,3.0,4,4,2,0,23.0,0.0,1.0,7.0,151.3,False,False,False,False,False,True,False,False,True,False,True,False,False,False,True,False
55600,0,10.0,3,10.0,4.0,5,1,2,0,20.0,1.0,4.0,5.0,201.44,True,False,False,False,True,False,False,False,False,False,False,False,False,False,True,False
54568,0,19.0,1,17.0,4.0,4,1,5,0,22.0,1.0,2.0,3.0,151.54,True,False,False,False,False,True,False,False,True,False,False,False,True,False,True,False
50387,0,9.0,1,15.0,2.0,4,4,3,1,11.0,1.0,1.0,2.0,188.47,True,False,False,False,True,False,False,False,True,False,True,False,False,False,True,False
53108,0,14.0,3,9.0,4.0,4,3,2,0,15.0,1.0,2.0,13.0,305.41,True,False,False,False,False,True,False,False,False,False,False,False,False,True,False,False
51211,0,12.0,1,25.0,2.0,3,1,9,0,14.0,1.0,2.0,2.0,139.02,False,True,False,False,False,False,False,True,True,False,True,False,False,False,True,False
52261,1,0.0,1,14.0,2.0,4,3,2,0,20.0,1.0,2.0,2.0,126.25,False,False,False,False,False,True,False,False,False,False,False,True,False,False,False,True
53193,0,27.0,3,7.0,3.0,4,5,9,0,21.0,7.0,9.0,11.0,208.81,True,False,False,False,True,False,False,False,False,False,True,False,False,False,False,True
52315,0,21.0,1,10.0,2.0,3,1,2,0,11.0,1.0,1.0,8.0,178.98,True,False,False,False,False,True,False,False,True,False,False,False,False,False,False,True
54165,0,1.0,1,9.0,3.0,4,4,11,0,13.0,2.0,3.0,3.0,159.68,True,False,False,False,True,False,False,False,True,False,False,False,True,False,True,False
53977,0,14.0,1,9.0,3.0,4,5,6,0,18.0,2.0,2.0,3.0,158.77,True,False,False,False,False,True,False,False,False,False,False,False,True,False,True,False
51167,1,0.0,1,16.0,2.0,3,5,2,0,15.0,0.0,1.0,8.0,142.13,False,True,False,False,True,False,False,False,True,False,True,False,False,False,False,True
53280,1,1.0,1,7.0,3.0,5,5,3,1,12.0,1.0,2.0,1.0,148.19,False,True,False,False,False,True,False,False,False,False,False,False,True,False,False,False
55344,0,10.0,1,10.0,4.0,2,5,8,0,21.0,1.0,2.0,5.0,193.42,True,False,False,False,False,True,False,False,True,False,True,False,False,False,True,False
50083,0,9.0,1,24.0,3.0,3,2,2,0,13.0,1.0,1.0,7.0,121.53,False,False,False,False,False,False,False,False,False,False,False,True,False,False,False,True
54482,0,5.0,3,14.0,4.0,4,1,6,0,13.0,1.0,2.0,8.0,200.47,True,False,False,False,False,False,True,False,True,False,True,False,False,False,True,False
50906,0,4.0,3,14.0,2.0,3,2,2,0,18.0,2.0,9.0,9.0,207.93,True,False,False,False,False,True,False,False,True,False,False,False,False,False,True,False
50168,0,4.0,3,11.0,3.0,3,4,2,0,11.0,0.0,2.0,2.0,127.88999999999999,False,False,False,False,False,False,True,False,False,False,False,True,False,False,True,False
54420,1,1.0,1,36.0,4.0,5,4,2,0,12.0,1.0,2.0,5.0,159.79,False,False,False,False,True,False,False,False,True,False,False,False,True,False,False,True
53220,0,12.0,1,7.0,3.0,3,2,2,0,14.0,2.0,2.0,9.0,201.25,True,False,False,False,False,True,False,False,False,False,True,False,False,False,False,True
52567,0,18.0,1,7.0,3.0,4,3,4,0,23.0,4.0,14.0,4.0,207.48000000000002,False,False,False,False,False,True,False,False,True,False,False,False,False,False,True,False
52156,0,19.0,3,9.0,2.0,3,3,4,0,12.0,1.0,4.0,9.0,274.65,True,False,False,False,False,False,True,False,True,True,False,False,False,False,True,False
53996,0,28.0,1,14.0,4.0,4,1,6,0,16.0,2.0,2.0,8.0,193.54,True,False,False,False,True,False,False,False,False,False,True,False,False,False,True,False
52878,0,29.0,1,21.0,4.0,3,4,10,0,15.0,1.0,3.0,14.5,312.22,True,False,False,False,True,False,False,False,True,False,False,False,False,True,False,True
52648,0,8.0,1,29.0,3.0,5,3,1,0,16.0,0.0,1.0,3.0,127.05000000000001,False,True,False,False,False,False,False,False,True,False,False,True,False,False,True,False
50705,1,0.0,3,15.0,3.0,3,5,1,1,17.0,0.0,1.0,3.0,182.24,True,False,False,False,False,False,True,False,False,False,True,False,False,False,False,True
52579,0,3.0,1,22.0,3.0,3,1,2,0,12.0,0.0,1.0,8.0,128.62,False,True,False,False,False,True,False,False,True,False,False,True,False,False,True,False
51428,0,28.0,3,6.0,3.0,3,1,4,0,14.0,0.0,1.0,0.0,202.39,True,False,False,False,False,True,False,False,True,False,False,False,False,False,True,False
54440,0,24.0,1,11.0,4.0,4,4,5,0,15.0,1.0,2.0,7.0,316.44,True,False,False,False,False,True,False,False,True,False,False,False,False,True,True,False
51698,0,21.0,3,35.0,3.0,3,3,4,0,21.0,0.0,1.0,3.0,225.04000000000002,True,False,False,False,True,False,False,False,False,False,False,False,False,False,True,False
50409,0,13.0,3,11.0,2.0,4,5,6,1,21.0,0.0,1.0,12.0,204.75,False,False,False,False,False,True,False,False,True,False,False,False,False,False,False,False
51936,0,6.0,1,13.0,2.0,3,3,1,0,11.0,1.0,3.0,3.0,216.91000000000003,True,False,False,False,True,False,False,False,True,False,False,False,False,False,True,False
51579,0,23.0,3,6.0,3.0,3,1,4,0,15.0,1.0,1.0,6.0,295.17,True,False,False,False,True,False,False,False,False,False,False,False,False,True,True,False
51940,0,2.0,1,29.0,3.0,1,3,2,0,24.0,1.0,1.0,7.0,127.0,False,True,False,False,False,True,False,False,True,False,False,True,False,False,True,False
54674,1,1.0,1,17.0,3.0,4,3,3,1,12.0,2.0,2.0,2.0,135.09,False,True,False,False,True,False,False,False,True,False,False,True,False,False,False,True
53984,0,17.0,1,16.0,3.0,4,3,6,0,14.0,1.0,2.0,3.0,149.38,False,False,False,False,False,True,False,False,True,False,False,False,True,False,False,True
52380,0,18.0,1,26.0,3.0,5,5,3,1,18.0,1.0,1.0,7.0,208.51,True,False,False,False,True,False,False,False,True,False,False,False,False,False,True,False
50672,1,0.0,1,10.0,2.0,3,2,2,1,15.0,5.0,5.0,6.0,136.91,False,True,True,False,False,False,False,False,True,False,False,False,True,False,False,False
50388,0,9.0,1,9.0,2.0,4,2,1,0,13.0,0.0,1.0,1.0,120.44999999999999,False,True,False,False,False,False,False,False,True,False,False,True,False,False,False,True
51057,0,22.0,1,12.0,2.0,4,3,3,1,19.0,1.0,2.0,12.0,239.66000000000003,True,False,False,False,False,True,False,False,False,True,False,False,False,False,True,False
50927,0,17.0,3,6.0,3.0,3,3,8,0,12.0,1.0,1.0,0.0,147.68,False,False,False,False,False,False,True,False,False,False,True,False,False,False,False,False
53854,0,11.0,1,17.0,4.0,4,4,3,0,12.0,2.0,8.0,8.0,164.36,True,False,False,False,True,False,False,False,False,False,False,False,True,False,True,False
53643,1,1.0,3,7.0,3.0,4,4,3,1,12.0,2.0,3.0,3.0,148.02,False,False,False,False,False,True,False,False,False,False,False,False,True,False,False,True
55515,1,20.0,1,31.0,4.0,4,1,3,0,17.0,1.0,2.0,1.0,150.87,True,False,False,False,False,True,False,False,True,False,False,False,True,False,False,True
54200,0,7.0,3,7.0,3.0,2,5,4,0,20.0,1.0,2.0,4.0,178.76,False,False,False,False,False,True,False,False,False,False,True,False,False,False,True,False
55614,0,10.0,3,18.0,4.0,5,1,6,0,14.0,2.0,2.0,1.0,191.52,True,False,False,False,False,False,True,False,False,False,True,False,False,False,True,False
54993,0,11.0,1,32.0,3.0,5,1,9,0,14.0,2.0,2.0,4.0,182.31,True,False,False,False,True,False,False,False,False,False,True,False,False,False,True,False
51483,0,12.0,3,10.0,2.0,4,3,5,0,14.0,5.0,5.0,9.0,159.02,True,False,False,False,False,True,False,False,False,False,True,False,False,False,True,False
52204,0,26.0,1,13.0,2.0,3,3,4,0,18.0,1.0,4.0,7.0,286.06,True,False,False,False,True,False,False,False,False,False,False,False,False,True,True,False
53807,0,29.0,3,33.0,3.0,5,1,3,0,15.0,3.0,3.0,14.0,320.86,True,False,False,False,False,False,True,False,True,False,False,False,False,True,True,False
51114,0,0.0,1,10.0,2.0,3,4,2,0,13.0,1.0,1.0,2.0,132.95,False,True,False,False,False,False,False,False,False,False,False,True,False,False,False,True
54824,1,1.0,1,25.0,4.0,4,1,3,0,20.0,2.0,2.0,1.0,151.93,True,False,False,False,False,False,False,True,False,False,False,False,True,False,False,True
50824,0,3.0,1,23.0,3.0,3,5,2,1,23.0,0.0,1.0,3.0,219.16000000000003,True,False,False,False,True,False,False,False,False,False,False,False,False,False,False,False
52549,0,26.0,1,30.0,2.0,1,1,4,0,15.0,0.0,1.0,2.0,170.05,True,False,False,False,True,False,False,False,True,False,False,False,False,False,True,False
54543,1,1.0,1,10.0,4.0,4,5,2,0,23.0,1.0,2.0,5.0,156.02,False,False,True,False,False,False,False,False,True,False,False,False,True,False,False,True
52640,0,14.0,1,11.0,2.0,1,4,4,0,12.0,0.0,1.0,2.0,168.7,True,False,False,False,False,True,False,False,True,False,True,False,False,False,False,True
50674,1,9.0,1,31.0,2.0,4,4,5,1,20.0,0.0,2.0,2.0,123.13,False,True,False,False,False,False,False,False,True,False,False,True,False,False,False,True
54308,0,15.0,1,17.0,4.0,5,5,6,0,15.0,3.0,8.0,8.0,296.81,False,False,False,False,False,True,False,False,True,True,False,False,False,False,True,False
53525,0,8.0,3,16.0,4.0,4,3,3,0,21.0,2.0,2.0,4.0,182.14,True,False,False,False,False,True,False,False,False,False,True,False,False,False,False,False
52545,0,9.0,1,32.0,3.0,3,3,7,0,14.0,1.0,1.0,2.0,153.47,True,False,False,False,False,True,False,False,True,False,True,False,False,False,True,False
54274,0,1.0,1,25.0,3.0,4,3,2,0,13.0,1.0,2.0,3.0,152.74,True,False,False,False,False,True,False,False,True,False,False,False,True,False,True,False
51669,1,0.0,1,8.0,2.0,5,1,6,1,13.0,1.0,2.0,2.0,134.64,False,True,False,False,False,False,False,False,True,False,False,True,False,False,True,False
52313,0,13.0,1,14.0,2.0,3,4,4,0,22.0,1.0,1.0,3.0,123.87,False,True,False,False,False,True,False,False,True,False,False,True,False,False,True,False
54960,0,16.0,1,9.0,3.0,4,5,2,0,15.0,6.0,14.0,8.0,301.65,True,False,False,False,True,False,False,False,True,True,False,False,False,False,True,False
50147,1,10.0,1,35.0,2.0,3,4,2,1,12.0,5.0,9.0,3.0,218.49,False,False,False,False,False,True,False,False,True,False,False,False,False,False,False,False
51661,0,16.0,1,14.0,2.0,3,1,1,0,19.0,0.0,1.0,7.0,124.55000000000001,False,False,False,False,False,True,False,False,False,False,False,True,False,False,False,True
55340,0,8.0,1,10.0,4.0,4,4,3,0,13.0,2.0,8.0,10.0,179.33,True,False,False,False,False,True,False,False,False,False,True,False,False,False,True,False
53562,1,1.0,1,24.0,4.0,4,4,3,0,14.0,1.0,2.0,1.0,147.1,False,True,False,False,False,True,False,False,False,False,False,False,True,False,False,False
53400,1,1.0,1,16.0,3.0,5,5,2,1,23.0,2.0,2.0,3.0,148.21,False,False,False,False,True,False,False,False,True,False,False,False,True,False,False,True
55608,0,10.0,3,22.0,3.0,6,1,3,0,25.0,6.0,12.0,12.0,179.06,False,False,False,False,False,False,True,False,True,False,True,False,False,False,True,False
54725,0,19.0,3,9.0,3.0,6,3,2,0,14.0,2.0,4.0,2.0,191.32,True,False,True,False,False,False,False,False,True,False,True,False,False,False,False,True
54526,0,20.0,1,14.0,2.0,4,3,4,0,15.0,2.0,2.0,1.0,177.58,False,False,False,False,True,False,False,False,False,False,True,False,False,False,True,False
54971,0,20.0,3,10.0,3.0,4,3,5,0,15.0,5.0,5.0,10.0,299.65,True,False,False,False,False,False,True,False,True,True,False,False,False,False,True,False
50314,0,8.0,1,22.0,3.0,3,3,5,1,12.0,0.0,1.0,0.0,176.32,True,False,False,False,False,True,False,False,True,False,False,False,False,False,False,False
51678,0,27.0,1,26.0,2.0,3,3,4,0,12.0,0.0,1.0,3.0,148.69,False,False,False,False,False,True,False,False,False,False,True,False,False,False,False,True
50664,0,1.0,1,16.0,2.0,3,3,4,0,13.0,1.0,1.0,7.0,136.6,False,True,False,False,False,False,False,True,False,False,True,False,False,False,False,True
51110,0,20.0,3,8.0,2.0,3,4,8,0,11.0,0.0,1.0,0.0,149.78,False,False,False,False,False,False,True,False,True,False,True,False,False,False,True,False
54409,0,11.0,1,7.0,3.0,5,5,4,0,15.0,1.0,2.0,3.0,164.2,True,False,False,False,True,False,False,False,False,False,False,False,True,False,True,False
54479,0,1.0,1,12.0,3.0,4,4,3,1,13.0,1.0,2.0,3.0,149.78,True,False,False,False,False,True,False,False,False,False,False,False,True,False,False,True
51288,0,3.0,1,6.0,3.0,3,4,2,0,13.0,0.0,1.0,7.0,137.48,False,True,False,False,True,False,False,False,True,False,False,False,True,False,True,False
52129,0,14.0,1,13.0,2.0,1,3,2,0,13.0,0.0,1.0,8.0,133.76,False,True,True,False,False,False,False,False,False,False,False,True,False,False,True,False
51035,0,12.0,1,10.0,2.0,3,3,1,0,13.0,3.0,3.0,8.0,150.42,False,False,False,False,True,False,False,False,False,False,True,False,False,False,False,True
54895,0,1.0,1,15.0,4.0,6,5,3,0,16.0,1.0,2.0,2.0,149.51,True,False,False,False,False,True,False,False,True,False,False,False,True,False,True,False
50880,0,0.0,1,13.0,3.0,1,5,1,0,12.0,1.0,1.0,7.0,135.78,False,True,False,False,False,False,False,True,True,False,False,False,True,False,False,True
53398,0,21.0,1,23.0,4.0,2,3,3,1,20.0,1.0,3.0,8.0,175.67,False,False,False,False,True,False,False,False,True,False,True,False,False,False,True,False
52603,1,0.0,3,22.0,3.0,3,3,3,0,13.0,0.0,1.0,0.0,181.61,True,False,False,False,False,False,True,False,True,False,False,False,False,False,True,False
53713,0,11.0,1,12.0,3.0,2,3,2,0,15.0,2.0,2.0,4.0,160.0,False,False,True,False,False,False,False,False,True,False,False,False,True,False,False,True
51261,0,7.0,3,19.0,2.0,3,3,2,0,18.0,1.0,1.0,1.0,186.28,True,False,False,False,True,False,False,False,True,False,False,False,False,False,True,False
55624,0,5.0,1,12.0,4.0,4,5,2,0,20.0,2.0,2.0,3.0,224.36,False,False,False,False,True,False,False,False,True,False,True,False,False,False,False,True
51477,0,23.0,3,18.0,3.0,3,1,5,0,11.0,1.0,2.0,1.0,192.08,False,False,False,False,False,False,True,False,False,False,False,False,False,False,False,True
54397,1,1.0,1,9.0,3.0,4,5,9,0,21.0,2.0,2.0,8.0,152.07,True,False,False,False,False,True,False,False,False,False,False,False,True,False,True,False
55348,0,12.0,1,8.0,3.0,4,1,9,0,16.0,2.0,3.0,10.0,172.35,False,False,False,False,False,True,False,False,True,False,True,False,False,False,True,False
53826,0,20.0,3,7.0,3.0,2,5,3,0,15.0,2.0,2.0,13.0,300.67,True,False,False,False,False,True,False,False,True,True,False,False,False,False,False,True
50662,0,0.0,1,14.0,2.0,5,3,2,0,19.0,1.0,1.0,2.0,146.21,False,False,False,False,False,True,False,False,True,False,False,False,True,False,False,False
51877,0,5.0,1,9.0,2.0,3,1,4,0,15.0,6.0,7.0,3.0,211.58999999999997,True,False,False,False,False,True,False,False,False,False,False,False,False,False,False,True
55455,0,15.0,1,12.0,3.0,2,4,5,0,13.0,1.0,2.0,3.0,193.7,True,False,False,False,False,True,False,False,True,False,True,False,False,False,False,True
51934,0,23.0,1,8.0,3.0,3,3,6,0,16.0,1.0,1.0,3.0,276.39,True,False,False,False,True,False,False,False,True,True,False,False,False,False,True,False
51806,0,0.0,3,35.0,2.0,3,3,6,0,12.0,0.0,1.0,0.0,143.06,False,True,False,False,True,False,False,False,True,False,True,False,False,False,True,False
51807,0,8.0,3,6.0,3.0,3,3,2,0,16.0,1.0,1.0,3.0,148.59,False,True,False,False,True,False,False,False,False,False,True,False,False,False,False,True
52746,0,11.0,2,7.0,3.0,3,4,1,1,11.0,0.0,1.0,2.0,129.91,False,False,False,False,False,False,False,True,True,False,False,True,False,False,True,False
54436,0,11.0,1,7.0,4.0,4,1,4,1,19.0,1.0,2.0,3.0,261.03,False,False,False,False,True,False,False,False,False,False,False,False,False,False,True,False
50132,0,15.0,1,14.0,2.0,4,5,1,1,11.0,4.0,7.0,8.0,125.93,False,True,False,False,False,False,False,False,False,False,False,True,False,False,True,False
54183,0,8.0,1,14.0,3.0,4,4,2,0,12.0,1.0,2.0,12.0,244.94,True,False,False,False,False,True,False,False,False,False,False,False,False,False,False,True
53668,0,8.0,1,33.0,4.0,5,3,3,0,21.0,2.0,2.0,1.0,145.29,False,False,True,False,False,False,False,False,False,False,False,False,True,False,True,False
52358,1,9.0,3,7.0,2.0,5,3,2,0,12.0,0.0,1.0,0.0,113.59,False,False,False,False,False,True,False,False,False,False,False,False,True,False,False,True
55599,1,1.0,3,16.0,3.0,4,5,3,0,20.0,2.0,2.0,1.0,142.9,False,False,False,False,False,False,True,False,True,False,False,False,True,False,True,False
51426,0,3.0,1,6.0,2.0,4,1,2,1,12.0,1.0,3.0,0.0,151.26,True,False,False,False,False,True,False,False,True,False,True,False,False,False,True,False
50424,0,16.0,3,21.0,2.0,4,2,4,0,18.0,0.0,2.0,2.0,168.04,False,False,False,False,False,True,False,False,True,False,True,False,False,False,False,False
50377,0,9.0,1,9.0,3.0,3,3,2,0,20.0,1.0,1.0,0.0,120.83000000000001,False,False,False,False,False,False,False,False,False,False,False,True,False,False,True,False
52438,0,9.0,1,34.0,3.0,3,1,5,0,20.0,1.0,1.0,3.0,121.32,False,True,False,True,False,False,False,False,True,False,False,True,False,False,True,False
51826,1,9.0,3,18.0,3.0,4,5,2,0,18.0,1.0,1.0,0.0,120.33000000000001,False,False,False,False,False,True,False,False,True,False,False,True,False,False,True,False
51868,0,10.0,1,16.0,3.0,1,1,4,0,17.0,1.0,1.0,0.0,146.8,False,True,False,False,False,True,False,False,True,False,False,False,True,False,False,True
53387,0,19.0,1,11.0,3.0,4,4,3,0,13.0,2.0,2.0,9.0,169.47,False,False,False,False,False,True,False,False,True,False,True,False,False,False,False,False
51931,1,9.0,1,12.0,3.0,1,5,2,1,21.0,0.0,1.0,0.0,116.00999999999999,True,False,False,False,False,True,False,False,True,False,False,False,True,False,True,False
55013,0,3.0,1,13.0,3.0,4,1,3,0,14.0,1.0,2.0,9.0,156.31,True,False,False,False,True,False,False,False,False,False,False,False,True,False,True,False
51869,0,23.0,1,34.0,3.0,1,3,2,1,11.0,0.0,3.0,8.0,132.21,False,True,False,False,False,False,False,False,True,False,False,True,False,False,True,False
50872,0,0.0,3,16.0,3.0,4,2,2,1,11.0,2.0,4.0,4.0,157.69,True,False,False,False,False,False,True,False,False,False,True,False,False,False,False,False
52064,0,18.0,1,29.0,2.0,3,5,2,1,15.0,1.0,1.0,8.0,136.33,False,False,False,False,False,True,False,False,True,False,True,False,False,False,True,False
50204,0,6.0,3,16.0,2.0,4,2,4,0,14.0,1.0,1.0,1.0,146.82,False,False,False,False,False,False,True,False,True,False,True,False,False,False,False,True
52341,0,16.0,1,12.0,3.0,4,3,2,1,14.0,0.0,1.0,8.0,140.81,False,True,False,False,True,False,False,False,False,False,True,False,False,False,False,True
51395,0,9.0,1,14.0,2.0,1,1,2,0,19.0,1.0,1.0,1.0,122.69,False,True,False,False,False,True,False,False,True,False,False,True,False,False,True,False
51767,1,0.0,1,14.0,3.0,4,4,6,0,16.0,1.0,1.0,1.0,125.46000000000001,False,True,True,False,False,False,False,False,False,False,False,True,False,False,True,False
50770,0,27.0,1,9.0,2.0,3,2,4,0,14.0,1.0,1.0,9.0,277.79,True,False,False,False,False,True,False,False,True,True,False,False,False,False,False,False
50006,1,0.0,1,22.0,3.0,5,5,2,1,22.0,4.0,6.0,7.0,139.19,False,False,False,False,False,True,False,False,False,False,False,False,True,False,False,True
53000,0,5.0,1,12.0,3.0,4,2,2,1,13.0,1.0,2.0,4.0,173.21,True,False,True,False,False,False,False,False,True,False,False,False,True,False,False,False
51855,0,6.0,1,12.0,1.0,3,1,4,0,23.0,3.0,4.0,7.0,177.25,False,False,False,False,False,True,False,False,True,False,True,False,False,False,True,False
53011,0,1.0,3,9.0,4.0,4,3,3,1,12.0,2.0,2.0,5.0,169.78,True,False,False,False,False,True,False,False,True,False,True,False,False,False,False,True
50126,1,0.0,1,16.0,3.0,3,3,7,0,11.0,1.0,1.0,0.0,200.48,False,False,False,False,True,False,False,False,True,False,False,False,False,False,True,False
52583,1,0.0,3,7.0,2.0,5,4,7,0,15.0,0.0,1.0,0.0,167.35,True,False,False,False,False,True,False,False,True,False,True,False,False,False,False,True
54620,0,15.0,1,9.0,4.0,5,3,4,1,18.0,1.0,2.0,8.0,193.11,False,False,False,False,False,False,False,True,False,False,True,False,False,False,False,True
55486,0,16.0,1,15.0,3.0,4,3,6,0,14.0,2.0,2.0,1.0,164.68,True,False,False,False,False,True,False,False,True,False,False,False,True,False,False,True
52182,1,0.0,3,29.0,2.0,4,5,2,0,13.0,1.0,3.0,10.0,173.36,True,False,False,False,False,True,False,False,False,False,False,False,False,False,True,False
50943,0,20.0,3,20.0,3.0,3,3,4,1,17.0,1.0,1.0,2.0,145.91,False,True,False,False,True,False,False,False,False,False,True,False,False,False,False,False
51445,0,9.0,1,29.0,3.0,3,4,5,0,12.0,0.0,1.0,2.0,120.41999999999999,False,False,False,False,False,False,False,False,True,False,True,False,False,False,True,False
54323,0,2.0,1,28.0,3.0,4,1,3,0,12.0,1.0,2.0,3.0,152.13,True,False,False,False,True,False,False,False,True,False,False,False,True,False,True,False
55129,0,10.0,3,14.0,3.0,2,5,4,0,17.0,6.0,7.0,14.0,171.39,False,False,False,False,False,False,True,False,False,False,True,False,False,False,True,False
52472,0,23.0,3,15.0,2.0,3,3,5,1,15.0,0.0,1.0,0.0,293.31,True,False,False,False,False,False,True,False,True,False,False,False,False,True,True,False
53620,0,2.0,1,9.0,3.0,5,2,3,1,13.0,3.0,3.0,3.0,163.67,False,False,False,False,False,True,False,False,True,False,False,False,True,False,False,False
51415,1,0.0,1,15.0,3.0,4,3,1,1,17.0,1.0,1.0,0.0,133.88,False,True,False,False,False,False,False,False,True,False,False,True,False,False,True,False
53954,0,16.0,1,19.0,3.0,4,4,10,0,23.0,2.0,2.0,5.0,152.66,True,False,False,False,True,False,False,False,True,False,False,False,True,False,True,False
55405,0,4.0,1,9.0,4.0,5,5,2,0,17.0,1.0,2.0,8.0,174.68,False,False,True,False,False,False,False,False,False,False,False,False,True,False,False,True
54478,1,16.0,1,15.0,3.0,5,4,4,0,16.0,8.0,8.0,8.0,174.41,True,False,False,False,True,False,False,False,True,False,True,False,False,False,True,False
54244,0,12.0,1,13.0,4.0,6,1,9,1,13.0,1.0,2.0,10.0,178.29,False,False,False,False,True,False,False,False,False,False,True,False,False,False,True,False
55208,0,7.0,3,14.0,3.0,4,5,2,0,15.0,2.0,2.0,4.0,168.73,False,False,False,False,True,False,False,False,True,False,True,False,False,False,True,False
52757,0,9.0,2,8.0,2.0,3,4,5,0,14.0,0.0,1.0,2.0,121.87,False,True,False,False,False,False,False,True,False,False,False,True,False,False,True,False
54045,1,20.0,1,31.0,4.0,4,1,3,0,17.0,1.0,2.0,1.0,150.87,True,False,False,False,False,True,False,False,True,False,False,False,True,False,False,True
50074,0,11.0,1,8.0,2.0,3,3,10,0,14.0,0.0,1.0,0.0,165.53,True,False,False,False,False,True,False,False,True,False,True,False,False,False,False,False
51244,0,7.0,1,28.0,2.0,4,1,2,1,15.0,3.0,6.0,11.0,157.47,False,False,False,False,False,False,False,True,True,False,True,False,False,False,True,False
51563,1,9.0,1,6.0,2.0,3,3,1,0,14.0,0.0,1.0,5.0,120.58000000000001,False,True,False,True,False,False,False,False,True,False,False,True,False,False,False,True
55343,0,10.0,1,8.0,3.0,5,3,2,0,16.0,1.0,2.0,3.0,168.74,False,False,False,False,True,False,False,False,False,False,True,False,False,False,True,False
51180,0,13.0,1,18.0,2.0,3,5,3,0,12.0,7.0,7.0,7.0,144.48,False,True,False,False,False,True,False,False,False,False,True,False,False,False,True,False
55299,0,24.0,1,27.0,3.0,4,3,4,1,16.0,1.0,2.0,14.0,237.45,False,False,False,False,True,False,False,False,True,True,False,False,False,False,True,False
52861,0,1.0,1,24.0,3.0,4,4,2,1,17.0,2.0,2.0,2.0,155.58,True,False,True,False,False,False,False,False,True,False,False,False,True,False,False,False
50133,0,13.0,1,8.0,2.0,3,3,1,0,15.0,0.0,3.0,9.0,294.36,True,False,False,False,True,False,False,False,True,False,False,False,False,True,True,False
55204,0,27.0,1,9.0,3.0,2,4,6,0,13.0,1.0,9.0,9.0,290.98,True,False,False,False,True,False,False,False,True,True,False,False,False,False,False,True
52059,0,9.0,1,6.0,3.0,3,1,4,0,14.0,1.0,1.0,2.0,122.69999999999999,False,True,False,False,False,False,False,False,False,False,False,True,False,False,True,False
54187,1,1.0,1,23.0,4.0,6,5,3,1,23.0,1.0,7.0,8.0,164.19,False,False,False,False,False,True,False,False,False,False,False,False,True,False,False,True
54656,1,1.0,3,9.0,3.0,4,5,2,0,12.0,2.0,2.0,3.0,155.41,True,False,False,False,False,False,True,False,True,False,False,False,True,False,True,False
54529,1,4.0,3,29.0,4.0,5,3,4,1,13.0,2.0,2.0,1.0,188.8,True,False,False,False,False,False,True,False,True,False,True,False,False,False,True,False
53972,1,1.0,3,34.0,3.0,4,1,3,1,19.0,1.0,8.0,8.0,183.13,True,False,False,False,False,True,False,False,True,False,True,False,False,False,False,True
52656,0,30.0,1,21.0,2.0,3,3,3,1,14.0,2.0,2.0,2.0,257.87,False,False,False,False,False,True,False,False,True,True,False,False,False,False,True,False
52406,1,0.0,1,15.0,2.0,3,5,3,1,11.0,0.0,1.0,0.0,131.72,False,False,False,False,False,False,False,False,True,False,False,True,False,False,False,True
50455,0,7.0,1,8.0,2.0,4,5,2,0,11.0,1.0,1.0,3.0,143.81,False,True,False,False,True,False,False,False,False,False,False,False,True,False,False,True
55169,0,28.0,1,8.0,3.0,4,1,8,0,15.0,7.0,13.0,8.0,298.28,True,False,False,False,True,False,False,False,False,True,False,False,False,False,False,True
52953,0,6.0,1,9.0,3.0,5,5,6,0,14.0,1.0,2.0,5.0,146.76,False,True,True,False,False,False,False,False,True,False,True,False,False,False,False,True
51090,0,17.0,1,8.0,3.0,1,1,2,1,19.0,6.0,6.0,7.0,178.79,True,False,False,False,False,True,False,False,False,False,False,False,False,False,True,False
51228,0,17.0,1,6.0,3.0,1,5,3,0,15.0,2.0,2.0,2.0,150.33,True,False,False,False,False,True,False,False,True,False,True,False,False,False,True,False
51071,0,22.0,1,6.0,2.0,3,3,5,0,14.0,1.0,2.0,0.0,253.79000000000002,True,False,False,False,False,True,False,False,True,True,False,False,False,False,False,True
52185,0,15.0,3,10.0,2.0,3,5,8,0,13.0,1.0,1.0,5.0,151.55,True,False,False,False,False,False,True,False,True,False,True,False,False,False,False,True
52376,0,4.0,3,14.0,2.0,3,1,2,0,18.0,2.0,9.0,9.0,207.93,True,False,False,False,False,True,False,False,True,False,False,False,False,False,True,False
55069,0,7.0,3,17.0,3.0,2,3,2,1,15.0,1.0,2.0,9.0,208.8,True,False,False,False,False,False,True,False,True,False,False,False,False,False,True,False
52033,0,9.0,1,14.0,3.0,3,3,5,0,21.0,1.0,3.0,9.0,125.19,False,True,False,False,False,False,False,False,True,False,False,True,False,False,False,True
51486,1,0.0,1,15.0,2.0,3,5,8,0,22.0,1.0,1.0,4.0,142.0,False,True,False,False,True,False,False,False,False,False,False,False,True,False,False,True
52194,0,8.0,1,14.0,2.0,4,1,2,0,13.0,1.0,2.0,2.0,123.75999999999999,False,False,False,False,False,False,False,True,True,False,False,True,False,False,True,False
54262,0,6.0,1,7.0,4.0,4,5,3,0,14.0,1.0,2.0,1.0,154.56,True,False,False,False,False,True,False,False,True,False,False,False,True,False,False,True
53856,0,18.0,2,7.0,3.0,4,1,6,1,12.0,2.0,2.0,3.0,182.43,False,False,False,False,False,False,False,True,True,False,True,False,False,False,True,False
51041,0,17.0,2,6.0,2.0,3,1,5,1,11.0,1.0,1.0,2.0,157.43,False,False,False,False,False,False,False,True,True,False,True,False,False,False,True,False
55213,0,4.0,1,14.0,4.0,4,3,3,0,14.0,1.0,2.0,1.0,137.74,False,False,True,False,False,False,False,False,True,False,False,False,True,False,True,False
53769,0,18.0,1,35.0,3.0,4,5,5,0,14.0,1.0,15.0,14.5,288.28,True,False,False,False,False,True,False,False,True,True,False,False,False,False,False,False
52013,1,4.0,1,8.0,3.0,5,1,5,1,13.0,0.0,1.0,0.0,127.78,False,True,False,False,False,True,False,False,False,False,False,True,False,False,True,False
53301,0,1.0,1,12.0,3.0,5,2,3,1,17.0,1.0,2.0,9.0,253.07999999999998,True,False,False,True,False,False,False,False,True,False,False,False,False,False,True,False
54958,1,1.0,1,28.0,3.0,4,3,3,0,21.0,2.0,2.0,1.0,148.77,False,True,False,False,True,False,False,False,True,False,False,False,True,False,True,False
51289,0,0.0,1,8.0,2.0,3,3,7,1,19.0,0.0,1.0,2.0,139.77,False,True,False,False,False,False,False,True,True,False,False,False,True,False,True,False
54699,0,15.0,2,7.0,3.0,5,3,3,0,15.0,2.0,3.0,11.0,316.89,True,False,False,False,False,False,False,True,True,False,False,False,False,True,True,False
50515,0,22.0,1,6.0,2.0,3,5,3,0,16.0,1.0,1.0,2.0,135.8,False,True,True,False,False,False,False,False,False,False,False,False,True,False,False,False
54545,0,10.0,3,9.0,4.0,5,3,3,0,14.0,9.0,10.0,1.0,200.96,True,False,False,False,True,False,False,False,True,False,False,False,False,False,True,False
55601,0,10.0,1,11.0,4.0,4,4,9,0,14.0,1.0,2.0,3.0,176.31,False,False,False,False,False,True,False,False,False,False,True,False,False,False,True,False
51865,0,2.0,1,6.0,3.0,5,1,2,0,18.0,0.0,2.0,8.0,127.19999999999999,False,False,False,False,False,True,False,False,True,False,False,True,False,False,True,False
51613,0,0.0,1,11.0,2.0,1,5,2,0,12.0,1.0,1.0,5.0,140.0,False,False,False,False,False,True,False,False,True,False,True,False,False,False,True,False
54729,1,19.0,1,9.0,4.0,4,5,7,1,14.0,2.0,2.0,5.0,323.59,True,False,False,False,True,False,False,False,True,False,False,False,False,True,True,False
51546,0,0.0,1,6.0,2.0,4,5,6,0,19.0,2.0,2.0,0.0,142.98,False,False,True,False,False,False,False,False,True,False,True,False,False,False,True,False
54137,0,8.0,3,35.0,4.0,5,3,3,0,22.0,2.0,2.0,8.0,192.12,True,False,False,False,False,False,True,False,False,False,True,False,False,False,True,False
52568,1,9.0,2,28.0,2.0,5,3,2,0,11.0,0.0,1.0,0.0,115.55000000000001,True,False,False,False,False,False,False,True,True,False,False,False,True,False,True,False
55309,0,13.0,1,17.0,4.0,4,5,4,0,14.0,4.0,8.0,8.0,178.77,True,False,False,False,True,False,False,False,True,False,True,False,False,False,True,False
52727,0,9.0,1,22.0,2.0,3,3,2,0,14.0,0.0,1.0,4.0,121.44,False,False,False,False,False,False,False,False,True,False,False,True,False,False,False,True
55006,0,14.0,1,33.0,4.0,5,1,5,1,14.0,1.0,2.0,1.0,169.22,False,False,False,False,True,False,False,False,False,False,True,False,False,False,True,False
54576,1,1.0,3,13.0,3.0,6,3,2,0,17.0,1.0,2.0,1.0,148.51,False,False,False,False,False,False,True,False,False,False,False,False,True,False,True,False
54774,0,8.0,2,10.0,3.0,4,1,2,0,20.0,2.0,2.0,3.0,162.37,True,False,False,False,False,False,False,True,True,False,False,False,True,False,True,False
53394,0,12.0,3,17.0,3.0,4,2,3,1,14.0,1.0,2.0,4.0,181.66,False,False,True,False,False,False,False,False,False,False,True,False,False,False,False,True
50294,0,0.0,1,29.0,3.0,3,2,2,0,22.0,1.0,1.0,2.0,128.86,False,True,False,False,False,True,False,False,False,False,False,True,False,False,True,False
55484,0,2.0,2,8.0,3.0,4,1,3,0,16.0,2.0,3.0,3.0,152.06,False,False,False,False,False,True,False,False,True,False,False,False,True,False,True,False
54877,0,15.0,1,16.0,4.0,4,3,4,0,15.0,1.0,2.0,12.0,319.19,False,False,False,False,True,False,False,False,True,False,False,False,False,True,True,False
53902,0,11.0,3,7.0,3.0,6,1,3,0,15.0,1.0,2.0,3.0,220.25,False,False,False,False,True,False,False,False,True,False,True,False,False,False,True,False
54704,0,18.0,1,31.0,3.0,6,3,4,0,15.0,1.0,2.0,5.0,162.08,False,False,False,False,True,False,False,False,True,False,False,False,True,False,False,True
55490,0,3.0,2,13.0,3.0,5,4,3,0,12.0,2.0,2.0,1.0,153.04,True,False,False,False,True,False,False,False,True,False,False,False,True,False,True,False
55479,0,3.0,1,27.0,3.0,4,1,3,0,14.0,2.0,4.0,11.0,163.12,False,False,False,False,True,False,False,False,True,False,False,False,True,False,True,False
54059,0,8.0,1,29.0,3.0,5,1,3,1,16.0,4.0,7.0,12.0,182.47,False,False,False,False,False,False,False,True,True,False,True,False,False,False,True,False
51430,0,7.0,1,6.0,3.0,3,4,2,0,15.0,1.0,1.0,3.0,143.25,False,True,False,False,True,False,False,False,True,False,True,False,False,False,True,False
51600,0,2.0,3,26.0,2.0,3,1,3,0,14.0,1.0,1.0,2.0,169.31,True,False,False,False,False,False,True,False,True,False,True,False,False,False,True,False
54925,0,2.0,3,17.0,4.0,4,4,3,0,23.0,1.0,2.0,1.0,135.52,False,True,False,False,True,False,False,False,True,False,False,False,True,False,True,False
54330,0,6.0,1,13.0,3.0,4,3,5,0,21.0,1.0,2.0,5.0,155.38,True,False,False,False,False,True,False,False,True,False,False,False,True,False,False,True
54703,0,12.0,1,7.0,3.0,4,3,6,1,15.0,1.0,2.0,1.0,203.61,True,False,False,False,False,True,False,False,False,False,False,False,False,False,False,True
55134,0,9.0,1,8.0,3.0,5,1,2,0,13.0,1.0,2.0,1.0,178.63,True,False,False,False,True,False,False,False,False,False,True,False,False,False,True,False
50737,0,19.0,3,8.0,3.0,3,5,9,0,23.0,1.0,15.0,9.0,270.48,True,False,False,False,False,False,True,False,False,True,False,False,False,False,False,False
54037,0,19.0,1,32.0,4.0,5,1,2,0,14.0,1.0,4.0,9.0,184.06,True,False,False,False,False,True,False,False,False,False,True,False,False,False,True,False
53087,0,17.0,1,15.0,4.0,4,3,6,1,15.0,1.0,2.0,3.0,170.22,True,False,False,False,False,False,False,True,False,False,True,False,False,False,True,False
50274,0,10.0,1,31.0,3.0,3,3,4,1,15.0,3.0,10.0,7.0,144.49,False,False,False,False,True,False,False,False,False,False,True,False,False,False,False,False
55120,0,14.0,1,9.0,4.0,4,1,3,0,14.0,4.0,9.0,9.0,171.61,True,False,False,False,False,True,False,False,True,False,True,False,False,False,False,True
53681,0,7.0,3,12.0,4.0,4,2,8,0,14.0,2.0,2.0,3.0,224.98,False,False,False,False,False,True,False,False,True,False,True,False,False,False,False,False
50275,0,9.0,1,6.0,3.0,4,5,2,0,12.0,0.0,3.0,2.0,122.18,False,True,False,False,False,True,False,False,True,False,False,True,False,False,False,False
51921,0,27.0,1,25.0,3.0,3,5,10,1,11.0,0.0,1.0,4.0,154.85,True,False,False,False,True,False,False,False,False,False,True,False,False,False,True,False
50379,0,7.0,1,6.0,3.0,3,2,2,0,12.0,6.0,8.0,8.0,126.91,False,True,False,False,False,True,False,False,True,False,False,True,False,False,False,False
53057,1,5.0,3,11.0,3.0,4,4,3,0,19.0,8.0,8.0,3.0,218.55,False,False,False,False,False,False,True,False,True,False,True,False,False,False,False,True
50428,0,29.0,1,15.0,2.0,3,2,8,0,11.0,0.0,1.0,3.0,211.02999999999997,True,False,False,False,True,False,False,False,True,True,False,False,False,False,False,False
51142,0,9.0,1,15.0,3.0,3,5,2,0,20.0,1.0,1.0,4.0,122.88999999999999,False,True,False,False,False,True,False,False,True,False,False,True,False,False,True,False
50999,0,8.0,1,16.0,2.0,3,3,4,1,16.0,1.0,1.0,4.0,161.42,True,False,False,False,True,False,False,False,False,False,True,False,False,False,False,True
52693,0,9.0,2,8.0,3.0,4,1,2,0,21.0,1.0,1.0,8.0,138.86,False,False,False,False,False,False,False,True,True,False,True,False,False,False,False,True
51323,0,9.0,3,21.0,2.0,5,1,2,0,24.0,4.0,11.0,11.0,154.06,False,False,False,False,False,False,True,False,True,False,True,False,False,False,True,False
50003,1,9.0,1,30.0,2.0,4,3,6,1,14.0,0.0,1.0,3.0,120.28,False,True,False,False,False,True,False,False,True,False,False,True,False,False,False,True
52578,0,8.0,1,33.0,2.0,3,3,3,0,16.0,1.0,1.0,7.0,168.83,True,False,False,False,False,True,False,False,True,False,True,False,False,False,True,False
53344,0,24.0,1,9.0,4.0,4,5,3,0,15.0,14.0,15.0,8.0,304.24,False,False,False,False,False,True,False,False,True,True,False,False,False,False,True,False
51562,1,0.0,3,32.0,2.0,4,5,6,0,15.0,1.0,1.0,1.0,166.96,False,False,False,False,False,False,True,False,False,False,True,False,False,False,False,True
53469,0,20.0,1,15.0,4.0,5,5,10,1,24.0,2.0,2.0,8.0,171.15,True,False,False,False,False,True,False,False,False,False,True,False,False,False,True,False
54325,0,1.0,1,10.0,4.0,5,3,3,1,16.0,1.0,2.0,2.0,150.66,False,False,False,False,True,False,False,False,True,False,False,False,True,False,True,False
52696,0,0.0,3,8.0,2.0,1,3,1,0,14.0,0.0,1.0,7.0,165.0,True,False,False,False,True,False,False,False,False,False,True,False,False,False,False,True
52653,0,1.0,1,7.0,3.0,3,5,2,0,25.0,1.0,1.0,2.0,135.91,False,True,False,False,True,False,False,False,False,False,False,False,True,False,True,False
54163,1,1.0,1,9.0,4.0,5,3,8,1,16.0,1.0,2.0,1.0,145.9,False,True,False,False,False,False,False,True,True,False,False,False,True,False,False,True
52246,0,9.0,1,9.0,2.0,3,4,2,0,12.0,0.0,1.0,7.0,136.92,False,False,True,False,False,False,False,False,True,False,False,False,True,False,True,False
54949,0,2.0,1,17.0,3.0,4,3,5,0,14.0,1.0,2.0,8.0,161.6,True,False,False,False,False,False,False,True,False,False,True,False,False,False,False,True
52848,0,31.0,1,16.0,4.0,5,4,6,1,21.0,2.0,2.0,1.0,158.46,True,False,False,False,True,False,False,False,False,False,False,False,True,False,False,False
50238,0,0.0,3,14.0,2.0,3,2,2,0,24.0,0.0,2.0,2.0,126.1,False,False,False,False,False,False,False,False,True,False,False,True,False,False,False,True
53125,0,5.0,1,16.0,3.0,4,4,3,0,26.0,2.0,2.0,9.0,231.48000000000002,True,False,False,False,False,True,False,False,True,False,False,False,False,False,True,False
50209,0,16.0,1,13.0,2.0,3,5,9,0,16.0,1.0,1.0,0.0,199.85,True,False,False,False,False,True,False,False,False,False,False,False,False,False,False,False
50487,0,8.0,1,13.0,2.0,3,3,4,0,21.0,0.0,1.0,6.0,202.21,True,False,False,False,False,False,False,True,True,False,False,False,False,False,False,True
52384,0,21.0,3,13.0,3.0,3,5,5,0,11.0,0.0,2.0,2.0,154.86,True,False,False,False,False,False,True,False,True,False,True,False,False,False,True,False
51492,0,3.0,1,8.0,3.0,4,1,1,0,13.0,0.0,1.0,2.0,127.19999999999999,False,True,False,False,False,False,False,False,True,False,False,True,False,False,False,True
52987,1,1.0,1,10.0,3.0,4,3,3,0,14.0,1.0,2.0,1.0,139.2,False,True,False,False,False,True,False,False,True,False,False,False,True,False,False,True
54956,0,11.0,3,17.0,3.0,5,1,4,1,15.0,2.0,2.0,1.0,191.94,True,False,False,False,False,True,False,False,False,False,True,False,False,False,True,False
53383,0,6.0,1,10.0,4.0,4,5,3,0,13.0,7.0,7.0,4.0,192.25,True,False,False,False,True,False,False,False,False,False,True,False,False,False,False,False
52363,0,9.0,1,17.0,3.0,3,5,1,0,14.0,1.0,1.0,4.0,120.99000000000001,False,True,False,False,False,True,False,False,True,False,False,True,False,False,True,False
55569,0,1.0,1,19.0,4.0,4,1,3,0,14.0,2.0,2.0,5.0,151.47,True,False,False,False,False,False,False,True,True,False,False,False,True,False,False,True
50001,1,4.0,3,6.0,3.0,3,2,9,1,11.0,1.0,1.0,5.0,159.93,True,False,False,False,False,True,False,False,False,False,True,False,False,False,False,True
52346,0,25.0,1,14.0,3.0,3,5,10,0,13.0,1.0,1.0,4.0,129.5,False,True,False,False,False,False,False,True,False,False,False,True,False,False,True,False
53391,1,21.0,1,9.0,3.0,4,3,6,0,25.0,2.0,2.0,1.0,149.79,True,False,True,False,False,False,False,False,True,False,False,False,True,False,False,True
53274,0,8.0,3,15.0,4.0,4,5,7,0,18.0,2.0,2.0,3.0,190.0,True,False,False,False,False,True,False,False,False,False,True,False,False,False,False,False
52477,0,7.0,1,16.0,3.0,4,3,2,0,14.0,1.0,7.0,7.0,150.63,False,False,True,False,False,False,False,False,True,False,True,False,False,False,True,False
52247,0,21.0,1,14.0,3.0,1,4,6,0,11.0,0.0,1.0,0.0,125.59,False,True,True,False,False,False,False,False,True,False,False,True,False,False,False,True
54417,0,16.0,1,9.0,3.0,5,5,2,1,12.0,8.0,8.0,9.0,150.93,True,False,False,False,True,False,False,False,False,False,False,False,True,False,True,False
50594,0,18.0,1,29.0,2.0,3,5,2,1,15.0,1.0,1.0,8.0,136.33,False,False,False,False,False,True,False,False,True,False,True,False,False,False,False,False
50099,0,11.0,3,9.0,3.0,3,3,1,0,12.0,1.0,5.0,13.0,206.08999999999997,True,False,False,False,False,True,False,False,True,False,False,False,False,False,True,False
51364,0,26.0,3,8.0,3.0,4,1,3,0,16.0,0.0,2.0,7.0,254.26999999999998,True,False,False,False,False,True,False,False,False,True,False,False,False,False,True,False
51660,0,0.0,1,16.0,3.0,3,5,2,1,14.0,1.0,11.0,10.0,270.68,True,False,False,False,True,False,False,False,True,True,False,False,False,False,True,False
54414,0,16.0,1,24.0,3.0,2,5,5,1,14.0,2.0,2.0,3.0,190.45,True,False,False,False,False,True,False,False,False,False,True,False,False,False,False,True
50915,1,0.0,2,15.0,3.0,3,3,2,0,15.0,1.0,2.0,2.0,127.41999999999999,False,True,True,False,False,False,False,False,False,False,False,True,False,False,False,False
54992,1,1.0,1,22.0,4.0,4,3,3,0,13.0,2.0,3.0,3.0,151.1,False,False,False,False,True,False,False,False,True,False,False,False,True,False,True,False
53789,0,14.0,1,15.0,4.0,4,1,5,1,19.0,3.0,3.0,3.0,165.69,False,False,False,False,False,True,False,False,True,False,True,False,False,False,True,False
51675,0,20.0,1,11.0,2.0,3,3,5,0,11.0,1.0,1.0,1.0,283.0,True,False,False,False,False,True,False,False,True,False,False,False,False,True,True,False
50362,0,10.0,3,8.0,3.0,3,3,5,1,11.0,0.0,1.0,0.0,196.02,True,False,False,False,False,False,True,False,True,False,True,False,False,False,False,False
51305,0,12.0,1,30.0,2.0,3,1,8,0,13.0,1.0,1.0,7.0,141.08,False,True,False,False,False,True,False,False,True,False,True,False,False,False,False,True
54587,0,4.0,1,9.0,3.0,4,1,2,0,15.0,2.0,7.0,8.0,150.64,False,False,False,False,True,False,False,False,False,False,False,False,True,False,False,True
53295,0,16.0,1,36.0,4.0,4,4,3,0,14.0,3.0,8.0,9.0,169.34,True,False,False,False,False,True,False,False,True,False,True,False,False,False,False,False
50227,0,5.0,1,14.0,3.0,3,4,2,0,13.0,0.0,1.0,7.0,123.69999999999999,False,True,False,False,False,False,False,False,False,False,False,True,False,False,False,False
51891,0,3.0,3,33.0,3.0,3,1,8,0,23.0,2.0,7.0,7.0,153.04,True,False,False,False,False,False,True,False,True,False,True,False,False,False,True,False
51648,0,1.0,1,22.0,3.0,1,5,1,0,19.0,0.0,1.0,7.0,156.61,True,False,False,False,True,False,False,False,True,False,True,False,False,False,False,True
50935,0,8.0,3,14.0,3.0,3,3,2,0,13.0,1.0,1.0,0.0,124.03999999999999,False,True,False,False,False,True,False,False,True,False,False,True,False,False,False,False
55304,0,19.0,3,33.0,3.0,5,5,3,0,16.0,4.0,5.0,6.0,168.85,False,False,False,False,False,False,True,False,True,False,True,False,False,False,True,False
50345,1,0.0,3,17.0,2.0,2,3,9,0,12.0,1.0,1.0,2.0,147.07,False,False,False,False,False,False,False,True,True,False,True,False,False,False,False,False
54343,1,5.0,3,27.0,4.0,4,4,3,1,23.0,1.0,2.0,3.0,156.4,True,False,False,False,False,False,True,False,False,False,False,False,True,False,False,True
50604,0,27.0,1,23.0,2.0,3,3,9,0,11.0,1.0,1.0,8.0,207.39,True,False,False,True,False,False,False,False,False,False,False,False,False,False,False,False
55518,0,16.0,1,13.0,3.0,4,5,11,0,14.0,6.0,2.0,8.0,258.48,True,False,False,False,True,False,False,False,True,False,False,False,False,False,True,False
53182,0,17.0,1,16.0,4.0,4,3,5,1,14.0,3.0,5.0,8.0,181.79,False,False,False,False,True,False,False,False,True,False,True,False,False,False,True,False
55250,0,11.0,1,20.0,3.0,4,1,3,0,18.0,3.0,4.0,8.0,167.85,True,False,False,False,True,False,False,False,True,False,True,False,False,False,True,False
50764,0,8.0,3,14.0,3.0,4,2,5,1,11.0,2.0,4.0,12.0,203.77,False,False,False,False,False,False,True,False,False,False,False,False,False,False,False,False
50071,0,10.0,1,27.0,3.0,2,5,2,1,12.0,0.0,1.0,7.0,135.64,False,True,False,False,False,True,False,False,True,False,False,False,True,False,False,False
54452,0,10.0,1,10.0,2.0,4,4,6,0,13.0,3.0,8.0,8.0,169.85,True,False,True,False,False,False,False,False,True,False,True,False,False,False,False,True
51518,0,9.0,1,9.0,1.0,3,4,5,0,12.0,2.0,7.0,2.0,120.88,False,False,False,False,False,False,False,False,True,False,False,True,False,False,False,True
50686,0,19.0,3,9.0,2.0,3,3,4,0,12.0,1.0,4.0,9.0,274.65,True,False,False,False,False,False,True,False,True,True,False,False,False,False,False,False
54122,0,6.0,3,7.0,3.0,4,1,3,0,20.0,4.0,6.0,3.0,229.22,True,False,False,False,False,False,True,False,False,False,False,False,False,False,True,False
50037,0,9.0,1,15.0,2.0,3,4,7,0,18.0,0.0,2.0,2.0,120.24000000000001,False,False,False,False,False,False,False,False,True,False,False,True,False,False,True,False
51122,1,9.0,2,14.0,3.0,4,1,7,0,11.0,1.0,1.0,2.0,121.80000000000001,False,False,False,False,False,False,False,True,False,False,False,True,False,False,True,False
54658,0,18.0,1,10.0,3.0,4,1,6,1,15.0,1.0,2.0,2.0,320.13,True,False,False,False,False,False,False,True,True,False,False,False,False,True,True,False
52651,0,27.0,1,13.0,3.0,3,1,5,0,15.0,1.0,1.0,7.0,168.54,True,False,False,False,True,False,False,False,False,False,True,False,False,False,True,False
50096,0,9.0,1,11.0,3.0,3,4,9,0,16.0,0.0,3.0,7.0,159.14,True,False,False,False,False,True,False,False,True,False,True,False,False,False,False,True
54339,0,20.0,3,7.0,4.0,4,5,3,0,26.0,9.0,16.0,3.0,229.53,True,False,False,False,False,False,True,False,False,False,False,False,False,False,True,False
52556,0,9.0,1,27.0,3.0,1,4,2,0,18.0,0.0,2.0,13.0,120.28,False,True,False,False,False,False,False,False,True,False,False,True,False,False,True,False
52355,0,30.0,1,7.0,3.0,3,5,4,1,15.0,1.0,1.0,5.0,297.01,True,False,False,False,True,False,False,False,False,False,False,False,False,True,True,False
52287,0,3.0,1,12.0,2.0,4,1,1,0,12.0,5.0,6.0,7.0,146.27,False,True,True,False,False,False,False,False,False,False,True,False,False,False,True,False
55218,1,1.0,3,20.0,3.0,4,4,7,0,12.0,2.0,2.0,1.0,182.65,False,False,True,False,False,False,False,False,False,False,True,False,False,False,False,True
52736,1,0.0,1,14.0,2.0,4,1,6,0,12.0,1.0,1.0,3.0,123.66999999999999,False,True,True,False,False,False,False,False,True,False,False,True,False,False,True,False
54065,0,31.0,3,28.0,4.0,4,1,6,1,15.0,2.0,2.0,1.0,303.75,True,False,False,False,False,True,False,False,False,True,False,False,False,False,True,False
54225,0,10.0,1,15.0,3.0,4,3,3,0,14.0,8.0,13.0,3.0,225.96,True,False,False,True,False,False,False,False,False,False,False,False,False,False,True,False
53270,0,8.0,1,9.0,3.0,5,5,3,0,12.0,2.0,2.0,4.0,168.81,True,False,False,False,True,False,False,False,False,False,False,False,True,False,False,True
54278,0,10.0,3,18.0,4.0,4,1,2,0,15.0,1.0,3.0,3.0,222.38,False,False,False,True,False,False,False,False,False,False,False,False,False,False,True,False
52796,0,8.0,2,32.0,2.0,3,1,2,1,16.0,1.0,1.0,7.0,188.37,True,False,False,False,False,True,False,False,False,False,False,False,False,False,False,True
50820,0,1.0,1,6.0,2.0,5,2,1,0,11.0,7.0,7.0,5.0,166.74,False,False,False,False,False,True,False,False,False,False,True,False,False,False,False,False
52003,0,2.0,1,14.0,3.0,4,1,7,0,14.0,1.0,1.0,3.0,125.32,False,True,False,False,False,False,False,False,False,False,False,True,False,False,True,False
50127,0,12.0,1,8.0,3.0,3,3,1,0,25.0,10.0,11.0,3.0,209.38,False,False,False,True,False,False,False,False,False,False,False,False,False,False,False,True
50945,0,9.0,1,6.0,3.0,4,3,2,0,14.0,0.0,1.0,0.0,115.63,True,False,False,False,False,True,False,False,True,False,False,False,True,False,True,False
51639,1,0.0,3,10.0,2.0,4,1,2,1,12.0,4.0,7.0,4.0,158.28,True,False,False,False,False,False,True,False,True,False,True,False,False,False,False,True
52272,0,16.0,3,10.0,2.0,4,1,4,0,14.0,10.0,15.0,14.5,202.31,True,False,False,False,False,False,True,False,False,False,False,False,False,False,False,True
55335,0,1.0,1,9.0,4.0,2,3,3,0,18.0,2.0,2.0,8.0,177.06,False,False,False,False,False,True,False,False,True,False,True,False,False,False,True,False
53638,1,16.0,3,12.0,4.0,4,4,11,1,20.0,6.0,8.0,3.0,209.46,True,False,False,False,False,True,False,False,True,False,False,False,False,False,False,True
55426,0,7.0,1,11.0,3.0,4,4,7,0,16.0,1.0,2.0,8.0,155.55,False,False,True,False,False,False,False,False,True,False,True,False,False,False,True,False
54902,0,1.0,3,12.0,3.0,4,3,8,0,15.0,1.0,2.0,1.0,308.03,True,False,False,False,False,False,True,False,True,False,False,False,False,True,True,False
54938,1,1.0,1,17.0,3.0,5,5,3,0,14.0,1.0,2.0,1.0,139.16,False,True,False,False,False,True,False,False,False,False,False,False,True,False,False,True
52114,0,13.0,3,32.0,3.0,3,5,2,0,14.0,3.0,7.0,5.0,183.96,True,False,False,False,False,False,True,False,True,False,True,False,False,False,True,False
53641,0,5.0,3,9.0,3.0,4,3,3,1,20.0,4.0,10.0,3.0,223.52,False,False,False,False,False,True,False,False,False,False,False,False,False,False,True,False
54423,0,6.0,1,9.0,3.0,5,5,6,0,14.0,1.0,2.0,5.0,146.76,False,True,True,False,False,False,False,False,True,False,True,False,False,False,False,True
54377,1,1.0,3,33.0,3.0,5,5,7,0,16.0,2.0,2.0,2.0,191.96,False,False,False,False,False,False,True,False,False,False,True,False,False,False,False,True
55363,0,12.0,1,11.0,3.0,4,3,9,0,20.0,1.0,2.0,1.0,158.06,True,False,False,False,True,False,False,False,False,False,False,False,True,False,True,False
52437,0,6.0,1,31.0,2.0,4,4,2,0,13.0,1.0,1.0,2.0,143.2,False,True,False,False,False,True,False,False,True,False,True,False,False,False,False,True
55196,0,5.0,2,15.0,4.0,2,4,11,0,19.0,2.0,2.0,3.0,146.09,False,True,False,False,True,False,False,False,False,False,False,False,True,False,False,True
53662,0,25.0,1,18.0,3.0,5,4,5,0,17.0,1.0,2.0,4.0,256.42,True,False,False,True,False,False,False,False,False,True,False,False,False,False,False,True
55380,0,3.0,1,16.0,3.0,4,3,11,0,18.0,1.0,2.0,3.0,154.74,True,False,False,False,True,False,False,False,False,False,False,False,True,False,True,False
50950,0,6.0,1,14.0,3.0,3,3,3,1,17.0,0.0,1.0,0.0,163.88,True,False,False,False,False,True,False,False,True,False,True,False,False,False,False,True
53679,0,15.0,1,29.0,4.0,4,2,5,1,15.0,1.0,4.0,4.0,179.67,False,False,False,False,False,True,False,False,False,False,True,False,False,False,True,False
50934,1,0.0,3,30.0,2.0,4,4,1,1,23.0,2.0,10.0,10.0,145.99,False,True,False,False,True,False,False,False,False,False,True,False,False,False,False,True
52150,0,21.0,1,6.0,2.0,1,1,3,0,22.0,1.0,2.0,1.0,268.85,False,False,False,False,True,False,False,False,True,True,False,False,False,False,False,True
50729,0,0.0,1,14.0,2.0,3,5,2,0,25.0,0.0,1.0,0.0,125.52000000000001,False,True,False,False,False,True,False,False,True,False,False,True,False,False,False,True
50957,0,8.0,1,22.0,3.0,4,4,2,0,19.0,1.0,3.0,3.0,186.06,True,False,False,False,False,True,False,False,False,False,False,False,False,False,False,True
50029,0,18.0,1,14.0,2.0,3,4,9,0,18.0,1.0,1.0,14.5,123.47999999999999,False,True,False,False,False,True,False,False,True,False,True,False,False,False,True,False
54697,0,31.0,3,23.0,3.0,4,5,10,0,15.0,3.0,3.0,3.0,179.05,True,False,False,False,False,False,True,False,True,False,True,False,False,False,False,True
53891,0,18.0,2,7.0,3.0,4,1,6,1,19.0,3.0,3.0,3.0,156.95,True,False,False,False,False,True,False,False,False,False,False,False,True,False,True,False
53685,0,26.0,1,35.0,3.0,2,3,4,1,12.0,1.0,2.0,3.0,257.47,False,False,False,False,True,False,False,False,False,True,False,False,False,False,False,False
52733,0,2.0,1,7.0,2.0,3,5,1,0,12.0,0.0,1.0,2.0,153.73,True,False,False,False,False,True,False,False,True,False,True,False,False,False,True,False
50047,1,0.0,3,14.0,3.0,5,5,1,0,21.0,1.0,1.0,0.0,123.25,False,False,True,False,False,False,False,False,False,False,False,True,False,False,False,True
50907,1,9.0,3,15.0,2.0,3,1,5,0,11.0,0.0,4.0,3.0,200.96,True,False,False,False,False,False,True,False,True,False,False,False,False,False,True,False
52338,0,12.0,1,31.0,3.0,3,3,4,0,21.0,0.0,1.0,3.0,209.2,False,False,False,False,False,True,False,False,True,False,False,False,False,False,True,False
54874,0,19.0,1,7.0,4.0,4,1,5,0,15.0,2.0,2.0,3.0,147.7,False,True,False,False,True,False,False,False,False,False,False,False,True,False,True,False
51380,1,9.0,1,6.0,3.0,3,1,3,1,16.0,0.0,2.0,0.0,122.93,False,True,False,False,False,False,False,False,True,False,False,True,False,False,True,False
50492,0,24.0,3,32.0,3.0,3,3,3,0,14.0,1.0,4.0,14.5,263.07,True,False,False,False,False,False,True,False,False,True,False,False,False,False,False,False
50312,1,0.0,1,16.0,2.0,5,2,8,0,13.0,0.0,1.0,3.0,134.08,False,True,False,False,False,False,False,False,True,False,False,True,False,False,True,False
55042,0,6.0,1,9.0,3.0,4,3,6,1,15.0,2.0,2.0,8.0,174.98,False,False,False,False,False,True,False,False,False,False,True,False,False,False,False,True
51192,0,16.0,3,8.0,3.0,3,1,2,0,20.0,5.0,7.0,7.0,156.75,False,False,False,False,False,True,False,False,True,False,True,False,False,False,True,False
50469,0,9.0,1,6.0,2.0,3,4,1,0,15.0,0.0,1.0,5.0,152.28,True,False,False,False,False,False,False,True,False,False,True,False,False,False,False,False
50239,1,0.0,3,11.0,3.0,3,3,2,1,13.0,1.0,1.0,0.0,128.51,False,True,False,False,False,False,True,False,False,False,False,True,False,False,False,True
52879,0,8.0,1,9.0,3.0,5,3,3,0,18.0,1.0,2.0,3.0,220.47,False,False,False,False,False,True,False,False,True,False,True,False,False,False,False,False
54765,0,16.0,1,36.0,4.0,4,4,3,0,14.0,6.0,8.0,9.0,169.34,True,False,False,False,False,True,False,False,True,False,True,False,False,False,True,False
54751,0,7.0,1,14.0,3.0,4,3,2,0,12.0,2.0,2.0,8.0,241.91000000000003,True,False,False,False,True,False,False,False,True,False,False,False,False,False,True,False
52869,0,20.0,3,7.0,4.0,4,5,3,0,26.0,5.0,16.0,3.0,229.53,True,False,False,False,False,False,True,False,False,False,False,False,False,False,True,False
51362,0,5.0,1,11.0,3.0,1,4,1,1,12.0,1.0,1.0,5.0,132.98,False,True,False,False,False,True,False,False,True,False,False,True,False,False,True,False
50811,0,5.0,3,14.0,2.0,1,2,2,0,15.0,0.0,1.0,8.0,162.09,True,False,False,False,True,False,False,False,True,False,True,False,False,False,False,False
51789,1,0.0,1,10.0,3.0,4,3,6,0,16.0,0.0,1.0,2.0,138.94,False,False,True,False,False,False,False,False,True,False,False,False,True,False,False,True
55334,0,10.0,1,12.0,3.0,4,5,6,0,13.0,2.0,2.0,3.0,205.08,True,False,False,False,False,True,False,False,False,False,False,False,False,False,True,False
51325,0,5.0,1,14.0,3.0,3,5,2,0,14.0,1.0,1.0,2.0,124.38999999999999,False,True,True,False,False,False,False,False,True,False,False,True,False,False,False,True
52302,0,29.0,2,14.0,3.0,3,4,7,0,15.0,2.0,7.0,7.0,297.17,True,False,False,False,False,True,False,False,True,False,False,False,False,True,False,True
53056,0,20.0,1,14.0,2.0,4,3,4,0,15.0,1.0,2.0,1.0,177.58,False,False,False,False,True,False,False,False,False,False,True,False,False,False,False,False
52289,0,19.0,2,7.0,2.0,3,5,7,0,12.0,2.0,5.0,7.0,134.23,False,True,False,False,False,True,False,False,False,False,False,True,False,False,False,True
52053,0,20.0,1,22.0,3.0,1,3,2,1,19.0,1.0,2.0,7.0,150.67,False,False,False,False,True,False,False,False,True,False,True,False,False,False,True,False
50154,0,0.0,1,6.0,2.0,3,4,2,0,20.0,0.0,1.0,4.0,163.97,False,False,False,False,False,True,False,False,False,False,True,False,False,False,True,False
51164,0,8.0,1,8.0,2.0,3,1,3,0,14.0,0.0,1.0,7.0,157.62,False,False,False,False,True,False,False,False,True,False,True,False,False,False,True,False
50020,1,19.0,1,20.0,3.0,3,4,10,1,18.0,1.0,4.0,3.0,149.63,True,False,False,False,False,True,False,False,False,False,False,False,True,False,False,False
51482,1,14.0,1,14.0,2.0,5,1,3,0,15.0,1.0,1.0,3.0,206.5,False,False,False,False,False,True,False,False,True,False,False,False,False,False,False,True
51379,1,9.0,3,11.0,2.0,3,1,4,0,14.0,0.0,1.0,0.0,120.86000000000001,False,True,False,True,False,False,False,False,True,False,True,False,False,False,True,False
55003,1,1.0,1,19.0,4.0,4,1,3,1,12.0,2.0,2.0,1.0,150.15,True,False,False,False,False,True,False,False,False,False,False,False,True,False,True,False
54600,1,1.0,1,27.0,4.0,4,3,5,0,13.0,2.0,2.0,3.0,223.24,False,False,False,False,False,True,False,False,True,False,False,False,False,False,True,False
54115,0,9.0,1,16.0,3.0,4,3,3,0,20.0,1.0,2.0,9.0,175.98,True,False,False,False,True,False,False,False,True,False,True,False,False,False,False,True
55091,0,25.0,1,13.0,3.0,5,3,2,0,15.0,4.0,8.0,8.0,153.38,False,False,False,False,True,False,False,False,False,False,False,False,True,False,False,True
52389,0,26.0,1,8.0,2.0,1,4,5,0,12.0,1.0,8.0,8.0,265.98,True,False,False,False,True,False,False,False,True,True,False,False,False,False,False,True
52473,0,9.0,1,16.0,2.0,1,3,3,0,16.0,0.0,2.0,2.0,120.72999999999999,False,True,False,True,False,False,False,False,True,False,False,True,False,False,True,False
54106,0,7.0,1,7.0,3.0,5,3,3,0,13.0,1.0,2.0,1.0,145.08,False,False,False,False,True,False,False,False,True,False,False,False,True,False,True,False
53078,0,14.0,3,9.0,3.0,4,4,9,0,13.0,1.0,2.0,4.0,182.15,True,False,False,False,False,False,True,False,False,False,True,False,False,False,True,False
52186,0,9.0,1,6.0,2.0,4,3,7,0,12.0,1.0,1.0,7.0,122.58000000000001,False,True,False,False,False,False,False,False,True,False,False,True,False,False,True,False
52373,0,7.0,1,7.0,2.0,4,4,6,0,17.0,1.0,1.0,2.0,132.94,False,True,False,False,False,True,False,False,False,False,False,True,False,False,True,False
52838,1,1.0,3,29.0,3.0,4,3,3,1,20.0,1.0,2.0,1.0,141.75,False,True,False,False,False,False,True,False,True,False,False,False,True,False,False,True
52350,0,0.0,1,13.0,3.0,1,5,1,0,12.0,0.0,1.0,7.0,135.78,False,True,False,False,False,False,False,True,True,False,False,False,True,False,False,True
50478,0,3.0,1,8.0,2.0,4,2,6,1,24.0,1.0,1.0,0.0,168.77,True,False,False,False,True,False,False,False,False,False,True,False,False,False,False,True
51156,0,10.0,2,14.0,2.0,3,4,3,0,13.0,4.0,4.0,7.0,140.71,False,True,False,False,False,False,False,True,True,False,True,False,False,False,True,False
54550,0,11.0,1,17.0,3.0,4,4,4,1,13.0,1.0,2.0,2.0,166.97,True,False,False,False,False,True,False,False,True,False,True,False,False,False,False,True
52790,1,19.0,1,14.0,3.0,3,3,9,0,11.0,6.0,9.0,8.0,123.38999999999999,False,True,True,False,False,False,False,False,True,False,False,True,False,False,True,False
54279,0,10.0,1,10.0,3.0,4,1,7,0,23.0,1.0,2.0,1.0,153.35,True,False,False,False,False,True,False,False,False,False,False,False,True,False,True,False
53783,0,19.0,1,35.0,4.0,4,1,6,0,21.0,2.0,2.0,4.0,146.32,False,True,True,False,False,False,False,False,True,False,False,False,True,False,True,False
52715,1,0.0,3,19.0,2.0,3,3,4,1,11.0,0.0,2.0,2.0,198.54,True,False,False,False,False,False,True,False,False,False,True,False,False,False,False,True
52544,0,6.0,3,22.0,2.0,3,1,2,1,25.0,0.0,1.0,2.0,153.68,False,False,False,False,False,True,False,False,False,False,True,False,False,False,True,False
52537,0,4.0,3,11.0,3.0,3,1,2,0,11.0,0.0,1.0,2.0,154.76,True,False,False,False,False,True,False,False,False,False,True,False,False,False,True,False
52905,1,1.0,1,10.0,3.0,4,5,7,1,12.0,2.0,2.0,5.0,151.57,True,False,True,False,False,False,False,False,False,False,False,False,True,False,False,True
55611,0,9.0,2,33.0,3.0,4,1,3,1,17.0,2.0,2.0,3.0,213.37,True,False,False,False,False,True,False,False,False,False,False,False,False,False,False,True
51100,0,9.0,1,23.0,3.0,5,3,2,0,15.0,0.0,1.0,2.0,123.05000000000001,False,True,False,False,False,False,False,False,True,False,False,True,False,False,True,False
54604,1,1.0,1,11.0,4.0,5,3,7,0,17.0,1.0,2.0,3.0,163.94,False,False,True,False,False,False,False,False,True,False,False,False,True,False,False,True
51664,0,0.0,1,14.0,2.0,3,4,2,1,12.0,0.0,1.0,2.0,124.78,False,True,False,False,False,True,False,False,False,False,False,True,False,False,False,True
54599,0,9.0,1,23.0,4.0,4,3,6,1,13.0,1.0,2.0,1.0,201.32,True,False,False,False,False,True,False,False,True,False,False,False,False,False,True,False
53080,0,11.0,1,17.0,3.0,4,4,4,1,13.0,1.0,2.0,2.0,166.97,True,False,False,False,False,True,False,False,True,False,True,False,False,False,False,True
50695,0,1.0,1,8.0,3.0,4,4,1,0,17.0,0.0,1.0,4.0,132.01,False,True,False,False,False,True,False,False,True,False,False,True,False,False,False,False
53490,0,16.0,1,9.0,3.0,4,5,2,0,15.0,6.0,14.0,8.0,301.65,True,False,False,False,True,False,False,False,True,True,False,False,False,False,False,False
51666,0,0.0,3,8.0,3.0,3,3,2,1,11.0,0.0,1.0,4.0,144.78,False,True,False,False,False,True,False,False,True,False,True,False,False,False,False,True
50442,1,10.0,3,33.0,3.0,1,3,5,1,12.0,1.0,1.0,3.0,163.97,False,False,False,False,False,True,False,False,False,False,True,False,False,False,False,True
53166,0,1.0,3,35.0,4.0,4,4,3,0,21.0,2.0,2.0,5.0,187.72,True,False,False,False,False,False,True,False,True,False,True,False,False,False,False,False
55030,0,20.0,1,22.0,3.0,4,4,7,0,15.0,2.0,2.0,4.0,315.81,True,False,False,False,False,True,False,False,True,False,False,False,False,True,True,False
51809,1,0.0,1,14.0,3.0,5,1,2,1,18.0,0.0,1.0,0.0,123.4,False,True,True,False,False,False,False,False,True,False,False,True,False,False,False,True
50938,0,17.0,1,8.0,2.0,3,3,6,1,18.0,0.0,2.0,2.0,202.09,False,False,False,False,True,False,False,False,True,False,False,False,False,False,False,True
51099,1,10.0,3,15.0,2.0,5,3,8,0,11.0,1.0,14.0,3.0,229.36,False,False,False,False,False,True,False,False,True,True,False,False,False,False,True,False
53269,0,12.0,1,9.0,4.0,2,5,8,1,13.0,5.0,5.0,13.0,184.8,False,False,False,False,False,True,False,False,False,False,True,False,False,False,False,True
54850,1,1.0,1,11.0,3.0,4,5,3,0,20.0,2.0,2.0,1.0,154.73,True,False,True,False,False,False,False,False,True,False,False,False,True,False,False,True
54758,0,16.0,1,7.0,3.0,5,1,11,1,14.0,1.0,2.0,3.0,185.62,True,False,False,False,False,True,False,False,False,False,True,False,False,False,True,False
53673,0,12.0,1,14.0,3.0,2,3,3,0,12.0,1.0,2.0,4.0,151.1,False,False,False,False,False,True,False,False,True,False,False,False,True,False,True,False
51267,0,11.0,3,6.0,3.0,4,5,5,0,14.0,0.0,1.0,0.0,128.58,False,True,False,False,False,True,False,False,True,False,False,True,False,False,False,True
50189,0,6.0,1,11.0,3.0,3,4,7,0,11.0,2.0,8.0,3.0,218.77999999999997,False,False,False,False,False,True,False,False,False,False,False,False,False,False,False,False
50110,1,0.0,1,14.0,2.0,3,2,6,1,13.0,0.0,1.0,4.0,124.36000000000001,False,True,False,False,False,False,False,False,True,False,False,True,False,False,False,False
54906,0,29.0,1,25.0,4.0,4,4,5,1,15.0,3.0,7.0,8.0,188.85,False,False,False,False,True,False,False,False,True,False,True,False,False,False,True,False
53281,0,7.0,1,14.0,3.0,4,3,2,0,12.0,1.0,2.0,8.0,241.91000000000003,True,False,False,False,True,False,False,False,True,False,False,False,False,False,False,False
54105,0,21.0,1,32.0,3.0,4,3,4,0,24.0,2.0,13.0,3.0,211.33,True,False,False,False,True,False,False,False,True,False,False,False,False,False,False,True
50303,0,30.0,3,34.0,3.0,4,5,5,0,19.0,13.0,13.0,11.0,202.66,False,False,False,False,False,False,True,False,False,False,False,False,False,False,False,False
54755,0,3.0,1,30.0,3.0,2,3,3,0,25.0,2.0,2.0,8.0,152.0,True,False,False,False,False,True,False,False,True,False,False,False,True,False,True,False
54829,0,2.0,1,16.0,4.0,4,3,7,0,19.0,1.0,3.0,3.0,148.77,False,True,False,False,True,False,False,False,False,False,False,False,True,False,True,False
54612,0,16.0,1,31.0,3.0,4,5,3,1,22.0,6.0,6.0,9.0,199.06,True,False,False,False,True,False,False,False,True,False,False,False,False,False,True,False
54976,0,1.0,1,7.0,4.0,5,4,3,1,12.0,2.0,3.0,3.0,145.7,False,True,True,False,False,False,False,False,False,False,False,False,True,False,False,True
50472,0,8.0,1,14.0,2.0,1,3,4,0,13.0,0.0,2.0,2.0,125.06,False,True,False,False,False,True,False,False,False,False,False,True,False,False,False,True
54052,0,1.0,1,13.0,4.0,2,1,2,0,19.0,3.0,8.0,8.0,150.44,False,False,False,False,False,False,False,True,True,False,False,False,True,False,True,False
51820,0,0.0,1,29.0,3.0,1,1,2,1,11.0,0.0,1.0,4.0,127.25,False,True,False,False,False,False,False,False,True,False,False,True,False,False,True,False
54650,0,17.0,1,13.0,3.0,5,1,6,1,15.0,1.0,2.0,1.0,291.27,True,False,False,False,False,False,False,True,True,True,False,False,False,False,True,False
52040,0,6.0,1,6.0,2.0,4,1,1,0,14.0,1.0,1.0,4.0,169.49,True,False,False,False,False,True,False,False,False,False,True,False,False,False,False,True
52792,0,7.0,3,34.0,3.0,4,3,2,0,21.0,1.0,1.0,7.0,167.12,True,False,False,False,False,False,True,False,False,False,True,False,False,False,True,False
52248,0,0.0,1,14.0,3.0,3,3,2,0,11.0,1.0,1.0,3.0,125.16999999999999,False,True,False,False,False,True,False,False,True,False,False,True,False,False,True,False
51895,0,7.0,1,14.0,3.0,3,3,4,0,11.0,0.0,4.0,3.0,161.42,True,False,False,False,True,False,False,False,False,False,True,False,False,False,False,True
52478,0,13.0,3,20.0,2.0,3,5,2,0,15.0,0.0,1.0,2.0,146.39,False,True,False,False,False,True,False,False,False,False,True,False,False,False,True,False
51913,0,7.0,3,8.0,2.0,3,1,2,0,22.0,0.0,1.0,4.0,162.74,True,False,False,False,False,False,False,True,True,False,True,False,False,False,False,True
51659,0,6.0,1,11.0,3.0,3,4,7,0,11.0,7.0,8.0,3.0,218.77999999999997,False,False,False,False,False,True,False,False,False,False,False,False,False,False,True,False
50410,0,26.0,1,13.0,2.0,2,3,4,0,19.0,0.0,2.0,3.0,248.14,True,False,False,False,False,True,False,False,True,True,False,False,False,False,False,False
55318,0,9.0,1,15.0,3.0,4,3,3,0,13.0,1.0,3.0,10.0,166.48,False,False,False,False,False,True,False,False,False,False,True,False,False,False,True,False
53647,0,30.0,2,15.0,3.0,4,4,8,0,15.0,2.0,8.0,8.0,322.17,True,False,False,False,False,True,False,False,True,False,False,False,False,True,False,True
52018,0,15.0,3,20.0,3.0,4,3,8,0,17.0,1.0,1.0,3.0,162.44,True,False,False,False,True,False,False,False,False,False,True,False,False,False,False,True
52841,1,1.0,1,16.0,3.0,4,5,9,0,23.0,2.0,2.0,5.0,167.0,True,False,False,False,True,False,False,False,False,False,False,False,True,False,False,True
55586,0,7.0,1,22.0,4.0,4,1,2,1,14.0,7.0,9.0,2.0,173.78,True,False,False,False,True,False,False,False,False,False,True,False,False,False,True,False
54360,0,12.0,1,36.0,3.0,4,1,5,0,19.0,1.0,2.0,8.0,187.61,True,False,True,False,False,False,False,False,True,False,True,False,False,False,True,False
54197,1,14.0,3,10.0,3.0,5,3,3,1,15.0,2.0,2.0,3.0,151.83,True,False,False,False,False,False,True,False,True,False,False,False,True,False,True,False
51967,0,9.0,3,6.0,2.0,3,1,2,1,14.0,3.0,4.0,11.0,162.01,True,False,False,False,False,True,False,False,True,False,True,False,False,False,True,False
53096,1,1.0,1,10.0,4.0,4,5,7,0,14.0,2.0,2.0,3.0,165.31,True,False,False,False,True,False,False,False,True,False,False,False,True,False,False,False
54502,0,12.0,1,22.0,4.0,5,1,2,1,15.0,3.0,2.0,10.0,240.10000000000002,True,False,False,False,False,True,False,False,True,False,False,False,False,False,True,False
52495,0,0.0,1,25.0,3.0,4,5,2,0,11.0,0.0,1.0,7.0,140.66,False,True,False,False,False,False,False,True,True,False,False,False,True,False,True,False
50740,1,9.0,1,11.0,3.0,4,5,7,0,17.0,1.0,1.0,0.0,121.07,False,False,False,False,False,True,False,False,True,False,False,True,False,False,True,False
54402,0,6.0,3,33.0,4.0,4,1,2,0,19.0,3.0,3.0,3.0,169.65,False,False,False,False,False,False,True,False,True,False,True,False,False,False,True,False
52528,0,9.0,1,7.0,2.0,4,3,1,0,15.0,0.0,1.0,2.0,143.74,False,False,False,False,True,False,False,False,False,False,True,False,False,False,True,False
53100,0,16.0,1,36.0,4.0,4,3,4,0,12.0,2.0,2.0,3.0,170.56,False,False,False,False,False,True,False,False,False,False,True,False,False,False,True,False
54446,0,11.0,1,7.0,3.0,4,1,3,0,13.0,2.0,6.0,8.0,146.15,False,True,False,False,False,True,False,False,False,False,False,False,True,False,False,True
51911,0,0.0,1,16.0,3.0,1,3,2,0,18.0,0.0,1.0,2.0,135.05,False,True,False,False,True,False,False,False,True,False,False,True,False,False,False,True
51880,0,26.0,1,13.0,2.0,1,3,4,0,19.0,0.0,2.0,3.0,248.14,True,False,False,False,False,True,False,False,True,True,False,False,False,False,True,False
52395,0,3.0,3,22.0,3.0,3,3,9,0,15.0,1.0,2.0,2.0,153.01,True,False,False,False,False,True,False,False,True,False,True,False,False,False,True,False
54766,0,12.0,1,19.0,1.0,5,5,4,0,16.0,2.0,2.0,3.0,187.88,False,False,False,False,False,True,False,False,True,False,True,False,False,False,True,False
55024,0,7.0,2,9.0,4.0,4,3,3,0,14.0,2.0,2.0,5.0,161.0,True,False,False,False,False,False,False,True,True,False,False,False,True,False,True,False
52531,0,16.0,1,21.0,3.0,4,3,2,0,24.0,1.0,6.0,11.0,276.03,True,False,False,False,False,True,False,False,True,True,False,False,False,False,True,False
50585,1,0.0,1,14.0,2.0,4,5,1,1,22.0,1.0,1.0,2.0,123.21000000000001,False,False,False,False,False,False,False,False,True,False,False,True,False,False,False,True
50034,0,13.0,3,10.0,3.0,4,2,8,0,11.0,2.0,2.0,11.0,208.55,True,False,False,False,False,False,True,False,True,False,False,False,False,False,False,False
51841,1,0.0,3,8.0,3.0,3,5,1,0,11.0,1.0,1.0,2.0,130.41,False,True,False,False,False,False,True,False,True,False,False,True,False,False,True,False
53147,0,1.0,3,14.0,3.0,5,2,11,0,22.0,2.0,2.0,2.0,240.57,True,False,False,False,False,True,False,False,True,False,False,False,False,False,True,False
52718,0,12.0,1,15.0,2.0,3,5,2,0,25.0,0.0,7.0,9.0,151.51,True,False,False,False,True,False,False,False,True,False,True,False,False,False,True,False
53124,0,20.0,3,17.0,4.0,5,2,4,1,20.0,2.0,2.0,3.0,215.71,True,False,False,False,False,False,True,False,False,False,False,False,False,False,False,False
53743,0,4.0,1,14.0,4.0,4,3,3,0,14.0,1.0,2.0,1.0,137.74,False,False,True,False,False,False,False,False,True,False,False,False,True,False,True,False
53858,1,1.0,3,22.0,3.0,6,1,8,1,15.0,2.0,3.0,3.0,179.4,True,False,False,False,True,False,False,False,True,False,True,False,False,False,True,False
52100,0,6.0,3,14.0,2.0,4,1,1,0,19.0,0.0,2.0,2.0,123.41999999999999,False,False,False,False,False,True,False,False,False,False,False,True,False,False,False,True
53073,1,1.0,1,10.0,4.0,4,5,2,0,23.0,1.0,2.0,5.0,156.02,False,False,True,False,False,False,False,False,True,False,False,False,True,False,False,True
51782,1,0.0,1,16.0,2.0,5,1,8,0,13.0,0.0,1.0,3.0,134.08,False,True,False,False,False,False,False,False,True,False,False,True,False,False,True,False
55329,0,1.0,1,9.0,3.0,4,1,3,1,14.0,1.0,2.0,4.0,162.6,False,False,True,False,False,False,False,False,False,False,False,False,True,False,False,True
53158,0,11.0,3,16.0,4.0,4,4,3,0,14.0,7.0,8.0,3.0,213.34,False,False,False,False,True,False,False,False,True,False,False,False,False,False,True,False
52541,0,22.0,1,7.0,2.0,3,3,5,0,14.0,1.0,2.0,0.0,253.79000000000002,True,False,False,False,False,True,False,False,True,True,False,False,False,False,False,True
52964,0,11.0,3,13.0,4.0,4,2,6,0,15.0,1.0,2.0,2.0,190.02,True,False,False,False,True,False,False,False,True,False,True,False,False,False,False,False
52799,0,9.0,3,17.0,3.0,4,1,5,0,13.0,1.0,1.0,0.0,166.52,True,False,False,False,False,False,True,False,False,False,True,False,False,False,True,False
55391,0,1.0,1,36.0,4.0,4,5,3,0,14.0,2.0,2.0,3.0,164.07,True,False,False,False,True,False,False,False,True,False,False,False,True,False,True,False
52115,0,9.0,1,6.0,3.0,4,3,2,0,13.0,0.0,1.0,3.0,120.07,False,False,False,False,False,False,False,False,False,False,False,True,False,False,True,False
54821,1,21.0,1,9.0,3.0,5,1,11,1,15.0,2.0,2.0,1.0,148.8,False,False,False,False,False,True,False,False,True,False,False,False,True,False,True,False
54046,0,10.0,3,24.0,3.0,5,4,4,0,17.0,2.0,2.0,4.0,180.07,True,False,False,False,False,False,True,False,True,False,True,False,False,False,True,False
51899,0,13.0,1,14.0,2.0,4,1,1,1,20.0,0.0,2.0,3.0,123.41999999999999,False,True,False,False,False,False,False,False,False,False,False,True,False,False,False,True
50368,0,21.0,1,6.0,2.0,4,5,8,0,11.0,0.0,2.0,2.0,254.01999999999998,True,False,False,False,False,True,False,False,False,True,False,False,False,False,False,False
53174,0,9.0,1,32.0,3.0,5,2,6,0,15.0,1.0,2.0,3.0,161.81,True,False,False,False,False,False,False,True,True,False,True,False,False,False,False,True
53879,0,3.0,3,12.0,3.0,5,4,3,1,14.0,1.0,2.0,10.0,166.87,True,False,False,False,True,False,False,False,True,False,True,False,False,False,True,False
54008,0,1.0,1,12.0,3.0,4,1,2,1,15.0,2.0,2.0,3.0,148.79,False,False,False,False,False,True,False,False,False,False,False,False,True,False,False,True
52135,1,7.0,2,6.0,3.0,4,5,10,0,14.0,2.0,3.0,6.0,204.82,True,False,False,False,True,False,False,False,True,False,False,False,False,False,True,False
52419,0,1.0,1,35.0,3.0,5,4,2,0,14.0,0.0,1.0,7.0,165.49,True,False,False,False,False,True,False,False,True,False,True,False,False,False,True,False
52427,0,8.0,1,22.0,3.0,4,4,2,0,19.0,3.0,3.0,3.0,186.06,True,False,False,False,False,True,False,False,False,False,False,False,False,False,False,True
53237,0,3.0,3,17.0,3.0,4,3,3,0,12.0,1.0,2.0,1.0,151.42,True,False,False,False,False,True,False,False,True,False,False,False,True,False,False,True
52962,1,11.0,1,36.0,3.0,4,4,3,1,13.0,6.0,2.0,10.0,243.49,False,False,False,False,False,True,False,False,True,False,False,False,False,False,False,False
50124,0,10.0,1,6.0,2.0,4,5,3,0,14.0,1.0,1.0,2.0,139.2,False,True,False,False,True,False,False,False,False,False,False,False,True,False,False,False
52487,0,9.0,1,13.0,2.0,4,4,2,0,12.0,1.0,1.0,1.0,121.41,False,True,False,False,False,False,False,False,True,False,False,True,False,False,True,False
54863,0,4.0,3,15.0,4.0,4,3,7,0,12.0,3.0,8.0,8.0,197.64,True,False,False,False,False,False,False,True,True,False,False,False,False,False,True,False
55007,0,9.0,1,9.0,3.0,5,4,4,0,19.0,3.0,7.0,3.0,227.74,True,False,False,False,False,True,False,False,True,False,False,False,False,False,True,False
50082,0,0.0,1,14.0,2.0,2,4,2,1,16.0,0.0,2.0,2.0,123.28,False,True,False,False,False,True,False,False,True,False,False,True,False,False,True,False
53976,0,20.0,3,33.0,4.0,5,4,10,0,16.0,3.0,3.0,3.0,204.91,False,False,False,False,False,True,False,False,True,False,True,False,False,False,False,True
50506,0,0.0,1,6.0,2.0,4,2,7,0,22.0,2.0,2.0,2.0,147.75,False,True,False,False,False,True,False,False,True,False,True,False,False,False,False,False
54210,0,9.0,1,15.0,3.0,2,1,3,0,20.0,2.0,2.0,2.0,147.69,False,True,False,False,False,True,False,False,True,False,False,False,True,False,True,False
54146,0,14.0,1,9.0,3.0,5,3,4,0,15.0,1.0,3.0,3.0,153.09,True,False,False,False,False,True,False,False,True,False,False,False,True,False,False,True
52573,0,4.0,1,8.0,3.0,3,3,2,0,14.0,1.0,1.0,3.0,134.77,False,True,False,False,False,True,False,False,True,False,False,True,False,False,True,False
51291,0,9.0,1,6.0,2.0,4,3,2,0,12.0,0.0,1.0,0.0,120.08000000000001,False,False,False,False,False,False,False,False,True,False,False,True,False,False,True,False
52954,0,20.0,3,9.0,4.0,6,4,5,1,15.0,7.0,8.0,8.0,293.72,True,False,False,True,False,False,False,False,False,True,False,False,False,False,False,False
53439,1,1.0,3,36.0,4.0,6,5,10,0,19.0,1.0,3.0,3.0,174.69,False,False,False,False,True,False,False,False,True,False,True,False,False,False,False,True
54245,0,8.0,1,7.0,4.0,4,4,3,0,16.0,2.0,2.0,4.0,168.25,True,False,False,False,True,False,False,False,True,False,True,False,False,False,True,False
51769,0,3.0,3,28.0,3.0,3,5,1,0,11.0,3.0,7.0,8.0,184.12,False,False,False,False,False,False,False,True,False,False,False,False,False,False,True,False
52137,1,0.0,3,10.0,2.0,3,5,1,1,22.0,2.0,4.0,7.0,195.82,True,False,False,True,False,False,False,False,True,False,False,False,False,False,False,True
50717,0,0.0,1,30.0,2.0,3,4,9,0,22.0,1.0,1.0,2.0,135.97,False,True,False,False,True,False,False,False,True,False,False,False,True,False,False,True
54375,1,1.0,1,10.0,3.0,4,5,7,1,12.0,1.0,2.0,5.0,151.57,True,False,True,False,False,False,False,False,False,False,False,False,True,False,False,True
50654,0,19.0,1,14.0,3.0,4,5,9,1,23.0,1.0,1.0,7.0,146.15,False,True,False,False,False,True,False,False,False,False,True,False,False,False,True,False
54565,0,2.0,1,24.0,4.0,4,5,3,0,13.0,1.0,2.0,9.0,170.58,True,False,False,False,True,False,False,False,True,False,True,False,False,False,True,False
54952,1,1.0,3,11.0,3.0,4,5,2,1,23.0,3.0,5.0,3.0,220.82,True,False,False,True,False,False,False,False,True,False,False,False,False,False,False,True
55298,0,1.0,1,33.0,3.0,5,3,3,1,15.0,2.0,2.0,4.0,153.14,False,False,False,False,False,False,False,True,False,False,False,False,True,False,True,False
54559,0,11.0,1,32.0,4.0,4,3,5,1,16.0,5.0,11.0,8.0,169.49,False,False,False,False,True,False,False,False,False,False,True,False,False,False,True,False
55048,0,16.0,1,33.0,3.0,4,5,5,1,18.0,1.0,2.0,1.0,256.91,False,False,False,False,True,False,False,False,False,False,False,False,False,False,True,False
53922,0,20.0,1,20.0,3.0,4,4,8,0,15.0,2.0,2.0,10.0,180.62,True,False,False,False,False,True,False,False,True,False,True,False,False,False,False,True
54130,0,10.0,3,10.0,4.0,5,1,2,0,20.0,4.0,4.0,5.0,201.44,True,False,False,False,True,False,False,False,False,False,False,False,False,False,True,False
54734,1,1.0,3,15.0,3.0,5,5,8,0,18.0,1.0,2.0,3.0,178.26,True,False,True,False,False,False,False,False,True,False,True,False,False,False,False,True
53615,0,9.0,1,13.0,4.0,4,3,2,1,15.0,2.0,3.0,3.0,160.06,True,False,False,False,False,True,False,False,True,False,False,False,True,False,False,False
53034,0,3.0,3,17.0,3.0,5,4,3,1,15.0,1.0,2.0,8.0,207.68,True,False,False,False,False,False,True,False,False,False,True,False,False,False,True,False
54611,0,5.0,3,9.0,4.0,4,1,6,1,14.0,2.0,2.0,6.0,190.82,True,False,False,False,False,True,False,False,True,False,True,False,False,False,False,True
50991,0,7.0,1,13.0,3.0,3,1,2,0,13.0,0.0,1.0,0.0,129.72,False,True,False,False,False,False,False,False,True,False,False,True,False,False,False,True
53539,0,9.0,1,11.0,3.0,5,2,3,0,14.0,3.0,3.0,3.0,148.76,False,False,False,False,False,False,False,True,True,False,False,False,True,False,False,False
50225,0,2.0,3,8.0,3.0,3,3,2,0,14.0,1.0,1.0,2.0,146.49,False,False,False,False,False,True,False,False,True,False,True,False,False,False,False,False
51500,0,5.0,3,14.0,2.0,3,1,2,0,14.0,2.0,3.0,7.0,189.98,False,False,False,False,False,False,True,False,False,False,False,False,False,False,False,True
53043,0,22.0,3,36.0,4.0,4,3,5,0,22.0,1.0,2.0,1.0,250.04000000000002,True,False,False,False,True,False,False,False,False,False,False,False,False,False,False,False
51129,0,6.0,3,8.0,3.0,3,4,9,0,15.0,0.0,1.0,7.0,151.47,False,False,False,False,False,False,True,False,False,False,True,False,False,False,False,True
53991,0,8.0,3,15.0,4.0,2,3,3,0,22.0,1.0,5.0,9.0,192.99,True,False,False,True,False,False,False,False,True,False,True,False,False,False,True,False
55508,0,10.0,2,9.0,4.0,5,1,3,0,22.0,2.0,2.0,9.0,163.86,False,False,False,False,False,False,False,True,True,False,True,False,False,False,False,True
54269,0,1.0,1,14.0,4.0,5,1,3,0,12.0,1.0,3.0,2.0,153.89,True,False,False,False,True,False,False,False,True,False,False,False,True,False,True,False
52669,0,1.0,2,7.0,3.0,3,1,2,0,15.0,1.0,2.0,2.0,127.06,False,False,False,False,False,True,False,False,True,False,False,True,False,False,True,False
53515,0,16.0,1,36.0,3.0,6,2,6,0,20.0,2.0,2.0,1.0,167.72,True,False,False,False,True,False,False,False,True,False,True,False,False,False,False,True
53054,1,1.0,3,12.0,3.0,4,3,3,1,14.0,2.0,2.0,1.0,153.51,True,False,False,False,False,False,True,False,False,False,False,False,True,False,False,True
50685,0,1.0,1,9.0,3.0,3,4,1,0,17.0,0.0,1.0,7.0,176.55,True,False,False,False,True,False,False,False,False,False,False,False,False,False,True,False
50197,0,4.0,3,13.0,3.0,3,2,5,0,12.0,0.0,1.0,7.0,175.47,True,False,False,False,False,False,True,False,True,False,True,False,False,False,True,False
55593,0,11.0,1,17.0,3.0,2,1,3,1,26.0,1.0,7.0,9.0,262.44,True,False,False,False,False,True,False,False,False,False,False,False,False,False,True,False
51555,0,19.0,1,6.0,3.0,3,5,8,0,16.0,0.0,1.0,3.0,193.96,True,False,False,False,True,False,False,False,True,False,False,False,False,False,True,False
52058,0,6.0,1,19.0,2.0,3,1,4,0,18.0,1.0,1.0,2.0,134.52,False,True,False,False,False,True,False,False,False,False,False,True,False,False,False,True
51719,0,0.0,1,6.0,2.0,3,4,2,0,11.0,0.0,1.0,4.0,138.16,False,True,False,False,True,False,False,False,True,False,False,False,True,False,True,False
51319,0,15.0,1,8.0,2.0,3,3,6,0,11.0,1.0,4.0,14.0,288.8,True,False,False,False,False,True,False,False,True,False,False,False,False,True,True,False
50555,0,4.0,3,26.0,2.0,3,3,2,0,13.0,1.0,1.0,0.0,169.32,False,False,False,False,False,False,True,False,False,False,True,False,False,False,False,False
53154,1,1.0,1,31.0,4.0,6,2,3,1,19.0,2.0,2.0,1.0,148.4,False,True,True,False,False,False,False,False,True,False,False,False,True,False,False,True
50749,0,9.0,1,12.0,3.0,5,3,2,0,14.0,0.0,1.0,7.0,127.41,False,True,False,False,False,True,False,False,True,False,False,True,False,False,True,False
51092,0,16.0,3,8.0,3.0,3,1,2,1,17.0,0.0,8.0,8.0,178.47,True,False,False,False,True,False,False,False,True,False,True,False,False,False,True,False
51172,0,3.0,1,16.0,3.0,3,3,10,0,14.0,0.0,1.0,2.0,196.67,True,False,False,False,True,False,False,False,False,False,False,False,False,False,False,True
52674,0,0.0,3,29.0,2.0,4,3,2,0,21.0,3.0,5.0,8.0,135.4,False,True,False,False,True,False,False,False,False,False,True,False,False,False,True,False
54266,0,31.0,2,9.0,3.0,5,1,11,0,15.0,1.0,3.0,3.0,313.44,False,False,False,False,False,False,False,True,False,False,False,False,False,True,True,False
54522,0,14.0,1,17.0,3.0,2,3,5,1,14.0,1.0,2.0,8.0,147.13,False,True,False,False,False,True,False,False,False,False,False,False,True,False,True,False
55475,0,19.0,3,9.0,4.0,4,3,6,0,23.0,4.0,6.0,8.0,176.54,False,False,False,False,False,True,False,False,False,False,True,False,False,False,True,False
50051,0,29.0,1,14.0,3.0,3,5,5,1,18.0,1.0,2.0,2.0,142.57,False,True,False,False,False,True,False,False,False,False,False,False,True,False,True,False
54968,0,12.0,3,17.0,4.0,5,3,2,1,15.0,2.0,3.0,3.0,212.4,True,False,False,False,False,False,True,False,True,False,False,False,False,False,True,False
55319,0,11.0,1,26.0,3.0,4,3,5,0,18.0,1.0,2.0,3.0,182.68,True,False,False,False,False,True,False,False,True,False,True,False,False,False,True,False
53185,0,8.0,3,21.0,3.0,4,3,3,1,19.0,2.0,2.0,7.0,150.79,True,False,True,False,False,False,False,False,False,False,False,False,True,False,True,False
52633,0,15.0,1,19.0,3.0,1,5,6,0,18.0,1.0,1.0,0.0,155.38,True,False,False,False,True,False,False,False,True,False,True,False,False,False,True,False
54615,0,3.0,1,26.0,3.0,4,1,6,0,13.0,2.0,2.0,3.0,167.62,True,False,True,False,False,False,False,False,True,False,True,False,False,False,True,False
53061,1,1.0,3,19.0,3.0,3,4,3,0,16.0,1.0,2.0,1.0,152.16,True,False,False,False,False,True,False,False,False,False,False,False,True,False,False,True
54584,0,4.0,3,29.0,4.0,4,5,2,0,12.0,4.0,8.0,9.0,209.12,False,False,False,False,False,False,False,True,False,False,False,False,False,False,True,False
52144,1,0.0,1,31.0,2.0,4,4,5,1,20.0,1.0,2.0,2.0,123.13,False,True,False,False,False,False,False,False,True,False,False,True,False,False,False,True
54326,0,24.0,1,18.0,3.0,4,4,5,0,16.0,1.0,5.0,5.0,324.26,True,False,False,False,False,True,False,False,False,False,False,False,False,True,False,True
52689,0,9.0,1,13.0,2.0,3,5,4,0,14.0,0.0,1.0,2.0,120.62,False,True,False,False,False,True,False,False,True,False,False,True,False,False,False,True
55060,0,23.0,1,11.0,3.0,5,3,4,0,15.0,1.0,2.0,1.0,312.11,True,False,False,False,True,False,False,False,True,False,False,False,False,True,True,False
54447,1,8.0,1,31.0,3.0,4,3,5,1,23.0,1.0,2.0,1.0,156.61,False,False,False,False,False,True,False,False,True,False,False,False,True,False,True,False
51640,0,10.0,1,14.0,2.0,3,1,2,1,12.0,0.0,1.0,2.0,123.25999999999999,False,False,False,False,False,False,False,False,True,False,False,True,False,False,True,False
54489,0,7.0,3,17.0,3.0,5,1,5,0,15.0,2.0,2.0,2.0,171.82,False,False,False,False,False,False,True,False,True,False,True,False,False,False,False,True
51774,0,20.0,1,8.0,3.0,3,1,6,0,13.0,0.0,1.0,4.0,150.7,True,False,False,False,True,False,False,False,False,False,True,False,False,False,True,False
50843,0,13.0,1,14.0,2.0,3,4,4,0,22.0,1.0,1.0,3.0,123.87,False,True,False,False,False,True,False,False,True,False,False,True,False,False,False,False
50098,0,10.0,1,17.0,2.0,3,2,2,1,14.0,0.0,1.0,3.0,221.85000000000002,False,False,False,False,False,False,False,True,True,False,False,False,False,False,True,False
53596,0,3.0,1,7.0,3.0,5,2,5,0,15.0,1.0,2.0,8.0,286.24,True,False,False,False,False,True,False,False,False,True,False,False,False,False,True,False
52752,0,27.0,1,16.0,3.0,3,5,7,1,19.0,0.0,1.0,4.0,144.4,False,True,False,False,True,False,False,False,False,False,True,False,False,False,False,True
54042,0,22.0,1,29.0,3.0,4,1,5,0,15.0,1.0,5.0,8.0,296.74,False,False,False,False,True,False,False,False,False,True,False,False,False,False,True,False
51469,0,24.0,1,12.0,2.0,3,3,8,0,15.0,8.0,15.0,14.5,295.37,True,False,False,False,False,True,False,False,True,False,False,False,False,True,False,True
52035,1,0.0,1,10.0,3.0,3,5,2,0,19.0,1.0,1.0,0.0,129.73,False,True,True,False,False,False,False,False,True,False,False,True,False,False,False,True
53637,1,4.0,3,32.0,3.0,5,4,4,1,13.0,1.0,2.0,3.0,215.94,True,False,False,False,False,False,True,False,True,False,False,False,False,False,False,True
52714,0,7.0,1,28.0,2.0,4,1,2,1,15.0,3.0,6.0,11.0,157.47,False,False,False,False,False,False,False,True,True,False,True,False,False,False,True,False
50087,0,3.0,1,6.0,2.0,4,3,2,0,22.0,2.0,5.0,8.0,184.74,False,False,False,False,False,True,False,False,True,False,False,False,False,False,False,True
53943,0,8.0,1,9.0,4.0,2,1,2,1,15.0,1.0,2.0,3.0,154.32,True,False,False,False,True,False,False,False,True,False,False,False,True,False,True,False
52607,0,11.0,1,24.0,2.0,5,1,4,1,16.0,0.0,1.0,0.0,158.11,True,False,False,False,True,False,False,False,True,False,True,False,False,False,True,False
54405,0,19.0,1,7.0,4.0,2,1,2,0,15.0,2.0,2.0,8.0,317.02,True,False,False,False,False,False,False,True,True,False,False,False,False,True,True,False
51989,0,15.0,1,9.0,3.0,1,1,3,1,13.0,1.0,1.0,3.0,152.31,True,False,False,False,False,True,False,False,False,False,True,False,False,False,True,False
53079,0,16.0,1,7.0,4.0,4,5,5,0,17.0,2.0,2.0,3.0,150.76,True,False,False,False,False,True,False,False,False,False,False,False,True,False,True,False
54199,0,10.0,1,12.0,3.0,5,5,11,1,15.0,2.0,2.0,1.0,159.19,True,False,False,False,False,True,False,False,False,False,False,False,True,False,True,False
53194,0,8.0,1,7.0,3.0,4,2,3,0,13.0,7.0,9.0,9.0,151.91,True,False,False,False,False,True,False,False,True,False,False,False,True,False,False,False
50325,0,12.0,1,14.0,2.0,3,3,2,0,11.0,0.0,1.0,7.0,137.55,False,False,False,False,False,True,False,False,False,False,False,False,True,False,False,False
51105,0,13.0,1,14.0,3.0,3,5,3,1,16.0,0.0,1.0,0.0,165.16,True,False,False,False,False,True,False,False,False,False,True,False,False,False,True,False
54201,0,9.0,1,11.0,4.0,4,1,3,0,13.0,2.0,2.0,1.0,144.51,False,True,False,False,False,False,False,True,True,False,False,False,True,False,True,False
50207,0,0.0,3,6.0,3.0,3,4,1,1,13.0,0.0,1.0,4.0,163.49,False,False,False,False,False,False,True,False,True,False,True,False,False,False,False,False
55492,0,22.0,1,17.0,4.0,5,4,6,0,15.0,4.0,13.0,10.0,321.65,True,False,False,False,False,True,False,False,True,False,False,False,False,True,True,False
53957,0,15.0,1,16.0,4.0,4,5,3,0,21.0,2.0,2.0,5.0,147.89,False,True,False,False,False,True,False,False,True,False,False,False,True,False,True,False
52345,0,15.0,2,16.0,2.0,3,5,1,0,14.0,1.0,1.0,9.0,267.99,True,False,False,False,False,False,False,True,False,True,False,False,False,False,True,False
50588,0,6.0,1,19.0,2.0,3,2,4,0,18.0,1.0,1.0,2.0,134.52,False,True,False,False,False,True,False,False,False,False,False,True,False,False,False,True
50491,0,9.0,1,9.0,2.0,3,2,2,0,11.0,1.0,1.0,0.0,117.06,False,False,False,False,True,False,False,False,True,False,False,False,True,False,False,False
53205,1,1.0,1,10.0,4.0,4,5,3,1,12.0,10.0,10.0,8.0,158.48,False,False,False,False,False,True,False,False,True,False,False,False,True,False,False,True
50108,0,9.0,2,12.0,2.0,3,3,9,0,17.0,2.0,2.0,2.0,122.66999999999999,False,True,False,False,False,False,False,False,True,False,False,True,False,False,False,False
50496,0,8.0,1,14.0,2.0,4,5,2,0,11.0,1.0,1.0,1.0,125.59,False,True,False,False,False,False,False,False,False,False,False,True,False,False,False,True
54119,0,6.0,3,7.0,4.0,5,4,2,0,15.0,1.0,3.0,3.0,147.69,False,True,False,False,True,False,False,False,True,False,False,False,True,False,True,False
54867,1,4.0,3,31.0,4.0,2,4,6,1,17.0,2.0,2.0,1.0,256.94,False,False,False,False,False,True,False,False,False,True,False,False,False,False,False,True
52641,0,14.0,3,10.0,2.0,3,3,1,1,13.0,5.0,13.0,5.0,204.47,True,False,False,False,False,False,True,False,False,False,False,False,False,False,True,False
51798,0,18.0,3,8.0,3.0,3,4,1,0,19.0,3.0,3.0,7.0,148.05,False,True,False,False,False,False,False,True,True,False,True,False,False,False,True,False
53382,0,14.0,1,16.0,3.0,4,4,10,1,15.0,1.0,2.0,1.0,161.17,False,False,False,False,True,False,False,False,True,False,False,False,True,False,True,False
53563,0,7.0,3,32.0,3.0,4,3,3,0,13.0,1.0,2.0,2.0,170.39,False,False,False,False,True,False,False,False,False,False,True,False,False,False,False,False
51762,0,9.0,1,8.0,2.0,3,1,2,1,23.0,1.0,1.0,0.0,117.02000000000001,False,False,False,False,False,True,False,False,True,False,False,False,True,False,True,False
51999,0,23.0,1,8.0,3.0,3,5,2,0,11.0,1.0,14.0,7.0,279.24,False,False,False,False,False,True,False,False,True,True,False,False,False,False,True,False
54316,0,3.0,1,7.0,3.0,4,3,3,0,14.0,1.0,2.0,10.0,168.19,False,False,True,False,False,False,False,False,True,False,True,False,False,False,True,False
54847,0,15.0,1,13.0,3.0,4,5,4,1,14.0,2.0,3.0,14.5,172.21,True,False,False,False,True,False,False,False,True,False,False,False,True,False,False,True
55379,0,15.0,3,13.0,3.0,4,3,3,0,13.0,4.0,9.0,3.0,217.41,True,False,False,False,False,False,True,False,True,False,False,False,False,False,False,True
54009,0,3.0,1,27.0,3.0,4,1,3,0,14.0,2.0,4.0,11.0,163.12,False,False,False,False,True,False,False,False,True,False,False,False,True,False,True,False
52072,0,4.0,1,6.0,3.0,3,5,2,0,12.0,1.0,1.0,3.0,141.48,False,False,False,False,False,True,False,False,False,False,True,False,False,False,True,False
51977,0,17.0,1,14.0,3.0,1,1,3,1,24.0,1.0,1.0,2.0,128.18,False,True,False,False,False,True,False,False,True,False,False,True,False,False,True,False
51588,0,14.0,1,25.0,3.0,3,5,3,0,16.0,0.0,1.0,0.0,130.72,False,True,False,False,False,True,False,False,True,False,True,False,False,False,True,False
55459,1,10.0,1,28.0,4.0,4,4,6,0,23.0,4.0,4.0,3.0,214.26,True,False,False,False,True,False,False,False,False,False,True,False,False,False,True,False
52227,0,5.0,1,8.0,2.0,3,3,5,1,14.0,1.0,1.0,7.0,149.98,False,False,False,False,False,True,False,False,False,False,True,False,False,False,False,True
51196,0,15.0,1,16.0,3.0,3,3,4,0,22.0,1.0,3.0,3.0,129.36,False,False,True,False,False,False,False,False,True,False,False,True,False,False,True,False
51938,0,20.0,1,8.0,2.0,3,1,2,1,11.0,1.0,3.0,0.0,267.52,True,False,False,False,False,False,False,True,False,True,False,False,False,False,True,False
51459,0,0.0,1,24.0,3.0,3,3,1,0,12.0,0.0,1.0,2.0,127.74000000000001,False,True,False,False,False,True,False,False,True,False,False,True,False,False,True,False
55532,0,30.0,3,18.0,3.0,5,5,6,0,17.0,1.0,2.0,1.0,178.8,True,False,False,False,False,False,True,False,False,False,True,False,False,False,True,False
52837,1,21.0,1,30.0,4.0,4,2,3,0,13.0,12.0,16.0,3.0,228.12,True,False,False,False,True,False,False,False,False,False,False,False,False,False,False,False
54347,0,14.0,1,11.0,3.0,4,3,3,0,15.0,2.0,10.0,10.0,315.33,True,False,False,False,True,False,False,False,False,False,False,False,False,True,True,False
52393,0,6.0,3,13.0,2.0,3,5,1,0,14.0,1.0,1.0,3.0,143.73,False,False,False,False,True,False,False,False,True,False,True,False,False,False,True,False
50400,0,7.0,1,15.0,2.0,4,4,2,0,14.0,4.0,7.0,7.0,186.21,True,False,False,False,True,False,False,False,False,False,False,False,False,False,False,True
50426,0,0.0,1,14.0,2.0,3,5,2,0,14.0,0.0,1.0,2.0,125.0,False,True,False,False,False,False,False,False,True,False,False,True,False,False,False,False
55066,0,3.0,1,8.0,3.0,5,1,5,0,15.0,1.0,2.0,8.0,286.24,True,False,False,False,False,True,False,False,False,True,False,False,False,False,True,False
51175,0,13.0,1,6.0,2.0,3,1,5,0,17.0,0.0,1.0,3.0,165.13,True,False,False,False,False,True,False,False,False,False,True,False,False,False,True,False
54346,0,7.0,1,21.0,4.0,4,4,3,0,14.0,2.0,2.0,7.0,152.56,True,False,False,False,True,False,False,False,False,False,False,False,True,False,True,False
51268,0,8.0,3,13.0,2.0,3,1,2,1,11.0,1.0,1.0,9.0,152.04,True,False,False,False,False,True,False,False,False,False,True,False,False,False,True,False
55511,0,1.0,3,9.0,3.0,2,3,2,0,15.0,1.0,2.0,8.0,190.0,True,False,False,False,True,False,False,False,False,False,True,False,False,False,False,True
51163,0,15.0,1,19.0,3.0,1,5,6,0,18.0,1.0,1.0,0.0,155.38,True,False,False,False,True,False,False,False,True,False,True,False,False,False,True,False
50004,1,0.0,3,15.0,2.0,4,5,8,0,23.0,0.0,1.0,3.0,134.07,False,True,False,False,False,True,False,False,True,False,True,False,False,False,False,True
55051,0,28.0,1,8.0,3.0,4,3,9,0,18.0,1.0,2.0,3.0,230.02,False,False,False,False,False,True,False,False,False,False,False,False,False,False,True,False
54145,0,19.0,3,27.0,3.0,4,3,10,0,16.0,2.0,2.0,2.0,173.5,True,False,False,False,False,True,False,False,False,False,True,False,False,False,False,True
50544,0,1.0,1,14.0,3.0,3,3,6,0,18.0,2.0,2.0,2.0,123.77000000000001,False,True,False,False,False,False,False,False,False,False,False,True,False,False,True,False
53852,0,12.0,1,9.0,3.0,5,3,5,1,20.0,2.0,2.0,3.0,202.56,True,False,False,False,True,False,False,False,False,False,False,False,False,False,True,False
51029,1,9.0,3,9.0,3.0,3,1,2,1,12.0,0.0,1.0,0.0,115.69,False,False,False,False,True,False,False,False,False,False,False,False,True,False,False,True
52628,0,6.0,1,14.0,3.0,1,5,7,0,19.0,3.0,7.0,6.0,131.43,False,True,False,False,False,True,False,False,True,False,False,True,False,False,True,False
50228,0,21.0,3,35.0,3.0,3,3,4,0,21.0,0.0,1.0,3.0,225.04000000000002,True,False,False,False,True,False,False,False,False,False,False,False,False,False,False,False
52781,0,17.0,1,14.0,2.0,3,1,7,1,12.0,1.0,1.0,2.0,124.36000000000001,False,True,False,False,False,False,False,False,True,False,False,True,False,False,False,True
52322,0,29.0,1,29.0,3.0,3,4,5,1,12.0,13.0,2.0,9.0,234.01999999999998,True,False,False,False,False,True,False,False,True,True,False,False,False,False,True,False
55394,0,4.0,1,23.0,3.0,4,1,3,0,13.0,1.0,2.0,9.0,153.62,True,False,False,False,False,True,False,False,True,False,False,False,True,False,True,False
54582,1,1.0,1,32.0,4.0,5,4,7,0,17.0,2.0,2.0,2.0,150.46,True,False,True,False,False,False,False,False,False,False,False,False,True,False,True,False
55128,0,14.0,1,8.0,3.0,4,4,5,0,23.0,2.0,2.0,4.0,148.87,False,True,False,False,False,True,False,False,True,False,False,False,True,False,True,False
52907,1,1.0,3,33.0,3.0,5,5,7,0,16.0,1.0,2.0,2.0,191.96,False,False,False,False,False,False,True,False,False,False,True,False,False,False,False,True
51221,0,8.0,1,22.0,2.0,4,4,1,1,11.0,1.0,1.0,2.0,147.88,False,True,False,False,False,False,False,True,False,False,True,False,False,False,True,False
53116,0,24.0,1,36.0,3.0,5,3,2,0,15.0,12.0,16.0,8.0,295.46,True,False,False,False,False,True,False,False,True,True,False,False,False,False,False,False
54463,0,2.0,1,23.0,4.0,2,5,2,0,20.0,1.0,2.0,8.0,181.61,True,False,False,False,True,False,False,False,True,False,True,False,False,False,False,True
51331,0,13.0,1,8.0,3.0,4,3,3,0,14.0,0.0,2.0,2.0,128.09,False,True,False,False,False,True,False,False,True,False,False,True,False,False,False,True
51294,0,11.0,1,12.0,3.0,4,3,3,0,11.0,2.0,7.0,7.0,153.21,False,False,False,False,False,True,False,False,True,False,True,False,False,False,True,False
50437,0,25.0,3,9.0,2.0,4,5,2,0,11.0,1.0,1.0,14.5,268.56,True,False,False,False,False,False,True,False,True,True,False,False,False,False,False,False
52520,0,0.0,1,8.0,3.0,1,3,2,0,17.0,1.0,1.0,7.0,152.06,False,False,False,False,False,True,False,False,True,False,True,False,False,False,True,False
55482,0,21.0,1,16.0,4.0,4,3,6,0,13.0,1.0,3.0,1.0,146.05,False,True,False,False,False,True,False,False,False,False,False,False,True,False,False,True
52263,0,7.0,3,8.0,2.0,3,5,1,1,12.0,1.0,1.0,2.0,145.38,False,True,False,False,False,False,True,False,False,False,True,False,False,False,False,True
54014,0,2.0,2,7.0,3.0,4,1,3,0,16.0,1.0,3.0,3.0,152.06,False,False,False,False,False,True,False,False,True,False,False,False,True,False,True,False
55277,0,29.0,3,33.0,3.0,5,1,3,0,15.0,1.0,3.0,14.0,320.86,True,False,False,False,False,False,True,False,True,False,False,False,False,True,True,False
53594,0,3.0,1,14.0,3.0,4,2,3,1,12.0,1.0,2.0,1.0,191.23,True,False,False,False,False,True,False,False,True,False,True,False,False,False,True,False
50183,0,11.0,1,31.0,2.0,4,4,4,0,17.0,1.0,1.0,3.0,220.61,True,False,False,False,False,True,False,False,False,False,False,False,False,False,False,False
54857,0,19.0,1,11.0,3.0,4,4,3,0,13.0,2.0,2.0,9.0,169.47,False,False,False,False,False,True,False,False,True,False,True,False,False,False,True,False
51263,0,2.0,1,6.0,2.0,3,5,1,0,12.0,1.0,1.0,2.0,153.73,True,False,False,False,False,True,False,False,True,False,True,False,False,False,True,False
52195,1,6.0,3,15.0,2.0,5,3,9,0,13.0,0.0,1.0,3.0,153.46,True,False,False,False,False,False,True,False,False,False,True,False,False,False,False,True
50631,0,18.0,3,17.0,2.0,3,2,4,0,13.0,1.0,1.0,1.0,276.5,True,False,False,False,False,True,False,False,False,True,False,False,False,False,False,False
54715,0,1.0,1,14.0,3.0,5,5,10,0,20.0,2.0,2.0,8.0,193.11,True,False,False,False,True,False,False,False,False,False,True,False,False,False,False,True
52310,0,7.0,3,21.0,3.0,3,5,2,0,12.0,4.0,9.0,6.0,161.25,True,False,False,False,True,False,False,False,False,False,True,False,False,False,False,True
50194,0,0.0,1,14.0,2.0,3,4,2,1,12.0,0.0,1.0,2.0,124.78,False,True,False,False,False,True,False,False,False,False,False,True,False,False,False,True
53952,0,12.0,1,25.0,3.0,6,1,5,1,17.0,1.0,2.0,1.0,183.11,True,False,False,False,True,False,False,False,True,False,True,False,False,False,True,False
50700,0,15.0,1,35.0,2.0,5,2,5,0,19.0,1.0,1.0,0.0,142.72,False,True,False,False,True,False,False,False,True,False,True,False,False,False,False,True
51390,0,3.0,1,6.0,2.0,3,1,2,0,23.0,1.0,3.0,7.0,140.11,False,False,False,False,True,False,False,False,False,False,True,False,False,False,False,True
51022,0,7.0,1,16.0,2.0,1,1,2,0,13.0,5.0,7.0,2.0,147.24,False,False,False,False,False,True,False,False,True,False,True,False,False,False,True,False
51015,0,5.0,1,11.0,2.0,1,1,4,0,17.0,1.0,1.0,2.0,133.12,False,True,False,False,False,False,False,True,False,False,False,True,False,False,True,False
51689,0,2.0,3,16.0,2.0,4,4,2,1,14.0,1.0,1.0,7.0,182.68,True,False,False,False,False,False,True,False,False,False,True,False,False,False,True,False
51205,0,2.0,2,12.0,3.0,4,4,2,0,11.0,1.0,1.0,0.0,128.04,False,True,False,False,False,False,False,False,True,False,False,True,False,False,True,False
54786,0,19.0,3,16.0,4.0,4,5,6,1,13.0,1.0,2.0,3.0,232.61,True,False,False,False,False,False,True,False,True,False,False,False,False,False,True,False
53368,0,23.0,1,15.0,3.0,4,4,6,0,12.0,1.0,2.0,8.0,199.03,True,False,False,False,False,False,False,True,False,False,False,False,False,False,False,False
54987,0,12.0,2,7.0,3.0,2,3,3,0,14.0,4.0,6.0,1.0,153.44,True,False,False,False,False,False,False,True,True,False,False,False,True,False,True,False
51144,0,26.0,1,6.0,2.0,4,3,5,1,20.0,0.0,1.0,3.0,229.64999999999998,False,False,False,False,True,False,False,False,False,True,False,False,False,False,True,False
53026,0,14.0,3,7.0,3.0,6,2,4,1,23.0,2.0,2.0,3.0,199.57,True,False,False,False,True,False,False,False,True,False,True,False,False,False,False,False
54367,0,1.0,1,12.0,3.0,2,4,3,1,17.0,3.0,3.0,3.0,148.28,False,True,False,False,False,True,False,False,True,False,False,False,True,False,True,False
51052,0,22.0,1,28.0,3.0,3,4,4,0,16.0,1.0,1.0,2.0,264.13,True,False,False,False,False,False,False,True,False,True,False,False,False,False,True,False
55040,0,31.0,3,14.0,3.0,2,1,2,1,19.0,1.0,2.0,10.0,177.2,True,False,False,False,False,False,True,False,True,False,True,False,False,False,True,False
50682,0,25.0,1,13.0,2.0,3,4,8,0,19.0,3.0,4.0,0.0,204.45,True,False,False,False,False,True,False,False,True,False,False,False,False,False,False,True
53772,0,9.0,1,23.0,4.0,5,4,3,0,20.0,2.0,4.0,3.0,211.06,True,False,False,False,False,True,False,False,False,False,False,False,False,False,False,True
54142,0,12.0,3,17.0,4.0,4,1,3,0,12.0,1.0,2.0,10.0,178.43,True,False,False,False,False,True,False,False,False,False,True,False,False,False,True,False
53215,0,8.0,1,16.0,3.0,5,4,3,0,15.0,5.0,8.0,3.0,211.21,True,False,False,False,True,False,False,False,False,False,False,False,False,False,False,True
54732,0,1.0,1,7.0,4.0,6,1,5,0,15.0,3.0,3.0,1.0,168.64,False,False,False,False,False,True,False,False,False,False,False,False,True,False,True,False
55429,0,27.0,1,8.0,3.0,5,3,6,1,21.0,2.0,2.0,3.0,254.64999999999998,False,False,False,False,True,False,False,False,False,True,False,False,False,False,True,False
51431,0,29.0,1,13.0,2.0,5,1,5,0,11.0,0.0,1.0,2.0,172.6,True,False,False,False,False,True,False,False,True,False,False,False,False,False,False,True
51306,0,11.0,1,16.0,2.0,5,3,4,0,12.0,1.0,2.0,11.0,232.06,True,False,False,False,True,False,False,False,False,False,False,False,False,False,True,False
55172,0,10.0,3,10.0,4.0,4,4,5,1,17.0,1.0,2.0,3.0,217.78,True,False,False,False,False,False,True,False,False,False,True,False,False,False,False,True
50704,1,9.0,1,14.0,3.0,3,3,2,0,12.0,0.0,1.0,0.0,119.03999999999999,False,False,False,False,False,False,False,False,True,False,False,False,True,False,False,True
53702,0,10.0,3,10.0,3.0,4,4,5,1,17.0,1.0,2.0,3.0,217.78,True,False,False,False,False,False,True,False,False,False,True,False,False,False,False,True
54260,0,18.0,1,30.0,4.0,4,4,6,0,13.0,1.0,2.0,3.0,145.42,False,False,False,False,True,False,False,False,True,False,True,False,False,False,True,False
54432,1,11.0,1,36.0,3.0,4,4,3,1,13.0,5.0,2.0,10.0,243.49,False,False,False,False,False,True,False,False,True,False,False,False,False,False,True,False
55480,0,6.0,3,17.0,4.0,4,1,10,0,14.0,1.0,2.0,1.0,171.48,False,False,False,False,False,False,True,False,True,False,True,False,False,False,False,True
51440,0,5.0,3,12.0,2.0,3,3,2,0,16.0,5.0,5.0,7.0,150.1,True,False,False,False,True,False,False,False,True,False,True,False,False,False,False,True
54833,0,16.0,3,21.0,4.0,5,3,9,0,18.0,2.0,2.0,4.0,187.44,True,False,False,False,True,False,False,False,False,False,True,False,False,False,False,True
52787,0,29.0,1,7.0,2.0,3,3,2,0,21.0,0.0,1.0,9.0,163.06,False,False,False,False,False,True,False,False,True,False,True,False,False,False,True,False
52086,0,8.0,1,16.0,2.0,3,1,2,0,20.0,0.0,1.0,2.0,139.17,False,True,False,False,False,False,False,True,True,False,False,False,True,False,True,False
51478,1,0.0,3,26.0,3.0,5,3,4,1,11.0,0.0,2.0,2.0,145.59,False,True,False,False,False,True,False,False,False,False,True,False,False,False,True,False
55021,1,1.0,1,10.0,3.0,5,1,2,1,12.0,1.0,2.0,1.0,153.53,False,False,False,False,False,True,False,False,True,False,False,False,True,False,True,False
52169,0,2.0,1,16.0,3.0,3,4,1,0,14.0,0.0,1.0,1.0,132.91,False,False,False,False,False,True,False,False,False,False,False,True,False,False,True,False
53418,0,1.0,1,12.0,4.0,4,2,3,0,16.0,2.0,2.0,1.0,135.51,False,False,False,False,False,True,False,False,True,False,False,True,False,False,False,True
54594,0,6.0,3,17.0,4.0,5,1,4,1,20.0,1.0,2.0,3.0,215.71,True,False,False,False,False,False,True,False,False,False,False,False,False,False,True,False
51381,0,16.0,1,14.0,3.0,1,3,2,0,12.0,1.0,1.0,4.0,126.44999999999999,False,True,False,False,False,False,False,False,False,False,False,True,False,False,True,False
53686,0,17.0,1,13.0,4.0,5,3,3,1,15.0,2.0,2.0,9.0,165.81,True,False,False,False,True,False,False,False,False,False,True,False,False,False,False,True
54660,0,7.0,3,15.0,3.0,4,3,2,0,13.0,1.0,2.0,3.0,196.04,True,False,False,False,False,False,True,False,True,False,True,False,False,False,True,False
54004,1,1.0,2,20.0,3.0,5,5,6,1,16.0,2.0,3.0,1.0,148.35,False,True,False,False,False,False,False,True,True,False,False,False,True,False,True,False
51088,0,7.0,1,25.0,3.0,4,1,2,0,12.0,3.0,8.0,7.0,129.29,False,True,False,False,False,True,False,False,False,False,False,True,False,False,True,False
50181,0,9.0,1,30.0,2.0,3,4,8,0,15.0,0.0,1.0,8.0,156.74,False,False,False,False,False,True,False,False,False,False,True,False,False,False,False,False
53664,0,9.0,1,7.0,3.0,5,2,2,0,13.0,2.0,2.0,1.0,178.63,True,False,False,False,True,False,False,False,False,False,True,False,False,False,False,False
50908,1,2.0,1,8.0,2.0,4,5,3,1,23.0,0.0,1.0,0.0,136.46,False,False,False,False,False,True,False,False,False,False,False,False,True,False,False,True
55512,0,22.0,1,29.0,3.0,4,1,5,0,15.0,2.0,5.0,8.0,296.74,False,False,False,False,True,False,False,False,False,True,False,False,False,False,True,False
51916,0,25.0,1,25.0,2.0,3,1,1,0,18.0,1.0,1.0,2.0,142.58,False,False,False,False,True,False,False,False,True,False,False,False,True,False,True,False
52112,0,23.0,1,8.0,3.0,3,3,3,1,15.0,4.0,7.0,7.0,292.37,True,False,False,False,True,False,False,False,True,False,False,False,False,True,True,False
55372,0,11.0,3,8.0,3.0,6,1,3,0,15.0,2.0,2.0,3.0,220.25,False,False,False,False,True,False,False,False,True,False,True,False,False,False,True,False
50645,0,9.0,1,6.0,3.0,4,3,2,0,13.0,1.0,1.0,3.0,120.07,False,False,False,False,False,False,False,False,False,False,False,True,False,False,True,False
52722,0,11.0,1,15.0,3.0,3,1,3,0,19.0,0.0,1.0,3.0,147.71,False,True,False,False,False,True,False,False,True,False,False,False,True,False,True,False
54434,0,11.0,3,13.0,4.0,4,1,6,0,15.0,2.0,2.0,2.0,190.02,True,False,False,False,True,False,False,False,True,False,True,False,False,False,True,False
50430,0,0.0,1,13.0,2.0,4,5,9,0,19.0,1.0,1.0,7.0,168.11,True,False,False,False,True,False,False,False,False,False,True,False,False,False,False,True
52067,0,23.0,1,30.0,3.0,3,3,4,1,18.0,1.0,2.0,5.0,239.73000000000002,True,False,False,False,False,True,False,False,True,True,False,False,False,False,True,False
54782,0,10.0,3,7.0,3.0,4,1,3,1,15.0,4.0,5.0,12.0,187.01,True,False,False,False,False,True,False,False,True,False,True,False,False,False,True,False
51137,0,11.0,1,24.0,2.0,5,1,4,1,16.0,0.0,1.0,0.0,158.11,True,False,False,False,True,False,False,False,True,False,True,False,False,False,True,False
52836,1,1.0,3,13.0,4.0,6,3,6,1,19.0,7.0,8.0,8.0,186.72,True,False,False,False,False,True,False,False,True,False,True,False,False,False,False,False
51954,1,18.0,3,8.0,2.0,3,1,5,0,16.0,1.0,7.0,3.0,151.6,True,False,False,False,True,False,False,False,True,False,True,False,False,False,False,True
55005,0,4.0,3,17.0,4.0,5,3,3,0,19.0,1.0,2.0,5.0,190.78,True,False,False,False,False,False,True,False,True,False,True,False,False,False,True,False
54287,1,21.0,1,30.0,4.0,4,1,3,0,13.0,8.0,16.0,3.0,228.12,True,False,False,False,True,False,False,False,False,False,False,False,False,False,True,False
52817,1,1.0,1,9.0,4.0,5,3,8,1,16.0,1.0,2.0,1.0,145.9,False,True,False,False,False,False,False,True,True,False,False,False,True,False,False,True
50769,0,2.0,1,6.0,3.0,3,2,2,0,15.0,0.0,1.0,2.0,137.6,False,True,False,False,False,True,False,False,False,False,False,False,True,False,True,False
51502,0,24.0,1,13.0,2.0,4,3,3,0,17.0,1.0,1.0,0.0,161.32,True,False,False,False,True,False,False,False,True,False,True,False,False,False,True,False
52008,1,9.0,3,8.0,2.0,4,3,2,0,13.0,1.0,1.0,2.0,120.44,False,True,False,False,False,False,False,False,False,False,False,True,False,False,False,True
53518,0,5.0,1,13.0,3.0,5,3,3,1,15.0,2.0,2.0,3.0,152.03,False,False,False,False,False,True,False,False,True,False,False,False,True,False,True,False
52458,1,1.0,1,8.0,2.0,3,4,5,0,11.0,1.0,1.0,4.0,148.55,False,True,False,False,True,False,False,False,True,False,True,False,False,False,True,False
55186,0,1.0,3,11.0,3.0,4,3,3,1,13.0,2.0,2.0,4.0,166.62,True,False,False,False,True,False,False,False,False,False,True,False,False,False,True,False
51836,0,11.0,1,14.0,2.0,3,5,4,0,17.0,0.0,1.0,0.0,126.19,False,True,False,False,False,True,False,False,False,False,False,True,False,False,False,True
53291,0,6.0,1,11.0,4.0,5,3,3,0,13.0,2.0,7.0,9.0,186.62,True,False,False,False,False,True,False,False,False,False,True,False,False,False,False,False
52402,1,0.0,3,7.0,3.0,3,3,4,0,15.0,1.0,1.0,2.0,129.09,False,False,True,False,False,False,False,False,True,False,False,True,False,False,True,False
51498,0,9.0,3,12.0,2.0,3,3,3,1,20.0,0.0,4.0,5.0,123.06,False,True,False,False,False,False,True,False,True,False,True,False,False,False,True,False
52895,1,2.0,1,36.0,4.0,4,5,9,1,20.0,1.0,2.0,1.0,191.73,True,False,False,False,True,False,False,False,True,False,True,False,False,False,False,False
54296,0,10.0,1,13.0,3.0,4,4,8,0,21.0,1.0,2.0,2.0,174.41,True,False,False,False,True,False,False,False,True,False,True,False,False,False,True,False
51707,0,9.0,1,16.0,2.0,1,3,4,1,13.0,0.0,1.0,7.0,122.13,False,True,False,False,False,True,False,False,False,False,False,True,False,False,True,False
55360,0,10.0,1,33.0,4.0,4,3,8,0,15.0,2.0,2.0,3.0,178.47,True,False,False,False,False,True,False,False,True,False,True,False,False,False,True,False
53063,0,9.0,1,16.0,4.0,5,4,11,0,20.0,2.0,2.0,1.0,190.4,True,False,False,False,False,True,False,False,True,False,True,False,False,False,False,True
51458,0,27.0,2,32.0,1.0,1,1,3,1,12.0,1.0,4.0,4.0,273.28,False,False,False,False,False,False,False,True,False,True,False,False,False,False,False,True
51019,0,18.0,3,32.0,2.0,4,5,2,0,15.0,0.0,4.0,5.0,143.85,False,False,False,False,False,False,True,False,True,False,True,False,False,False,True,False
52557,0,10.0,3,7.0,2.0,5,1,2,0,14.0,1.0,1.0,3.0,195.25,False,False,False,False,True,False,False,False,True,False,True,False,False,False,True,False
51047,1,9.0,1,13.0,3.0,3,5,4,1,14.0,0.0,1.0,3.0,121.66,False,True,False,False,False,True,False,False,True,False,False,True,False,False,False,True
53437,0,15.0,1,14.0,3.0,6,3,3,0,23.0,2.0,6.0,11.0,324.73,False,False,False,False,False,True,False,False,False,False,False,False,False,True,True,False
51042,0,21.0,1,10.0,2.0,4,1,3,0,25.0,2.0,2.0,2.0,252.01999999999998,False,False,False,False,True,False,False,False,True,True,False,False,False,False,True,False
53948,1,1.0,3,23.0,4.0,4,3,4,0,14.0,2.0,2.0,1.0,206.61,True,False,False,False,False,False,True,False,True,False,False,False,False,False,True,False
52301,0,28.0,1,8.0,2.0,5,3,5,0,14.0,1.0,9.0,11.0,291.87,True,False,False,False,True,False,False,False,False,False,False,False,False,True,True,False
54076,0,8.0,3,20.0,3.0,4,3,3,0,19.0,2.0,2.0,3.0,211.28,True,False,False,False,True,False,False,False,True,False,False,False,False,False,True,False
51010,0,8.0,1,13.0,3.0,4,1,2,0,18.0,1.0,1.0,1.0,126.9,False,True,False,False,False,True,False,False,True,False,False,True,False,False,True,False
52563,0,0.0,1,15.0,3.0,1,3,2,0,16.0,0.0,1.0,4.0,144.01,False,True,False,False,True,False,False,False,True,False,False,False,True,False,True,False
53909,0,15.0,3,13.0,3.0,4,3,3,0,13.0,7.0,9.0,3.0,217.41,True,False,False,False,False,False,True,False,True,False,False,False,False,False,False,True
55297,1,1.0,1,31.0,3.0,4,4,3,1,18.0,1.0,2.0,1.0,149.08,False,True,False,False,True,False,False,False,True,False,False,False,True,False,True,False
55358,0,1.0,3,16.0,3.0,4,5,3,0,12.0,1.0,2.0,3.0,152.28,True,False,False,False,False,True,False,False,True,False,False,False,True,False,False,True
51724,1,0.0,3,25.0,3.0,1,1,9,1,13.0,0.0,1.0,4.0,153.04,False,False,False,False,False,False,True,False,True,False,True,False,False,False,False,True
51433,0,9.0,1,15.0,3.0,3,1,4,0,23.0,1.0,1.0,3.0,120.75,False,True,False,False,False,True,False,False,True,False,False,True,False,False,True,False
50591,0,6.0,1,6.0,2.0,1,4,2,1,13.0,0.0,1.0,2.0,154.88,False,False,False,False,False,False,False,True,False,False,True,False,False,False,False,False
54614,1,1.0,2,24.0,3.0,4,3,2,1,12.0,1.0,2.0,1.0,152.41,False,False,False,False,False,True,False,False,False,False,False,False,True,False,True,False
53251,0,8.0,1,15.0,3.0,4,5,5,0,15.0,2.0,2.0,1.0,176.21,True,False,False,False,False,True,False,False,False,False,True,False,False,False,True,False
50460,0,15.0,1,14.0,3.0,3,2,2,0,13.0,1.0,14.0,9.0,284.3,False,False,False,False,False,True,False,False,True,False,False,False,False,True,True,False
50116,0,9.0,1,6.0,3.0,3,3,8,0,14.0,0.0,1.0,2.0,122.32,False,True,False,False,False,False,False,False,False,False,False,True,False,False,True,False
55163,0,9.0,1,25.0,3.0,4,1,4,0,12.0,3.0,3.0,3.0,218.62,False,False,False,False,False,True,False,False,True,False,False,False,False,False,False,True
52316,0,0.0,3,14.0,3.0,1,1,9,0,14.0,0.0,1.0,0.0,125.34,False,True,False,False,False,False,False,False,False,False,False,True,False,False,True,False
53914,1,11.0,3,16.0,3.0,6,3,9,0,12.0,2.0,2.0,11.0,254.36,False,False,False,False,False,True,False,False,True,True,False,False,False,False,True,False
52785,0,9.0,3,9.0,3.0,4,1,1,0,19.0,0.0,3.0,4.0,176.44,True,False,False,False,True,False,False,False,False,False,False,False,False,False,True,False
53688,1,1.0,1,24.0,3.0,4,3,3,1,14.0,4.0,8.0,8.0,148.94,False,True,False,False,False,True,False,False,False,False,False,False,True,False,False,True
52899,0,14.0,1,16.0,4.0,5,2,11,0,15.0,2.0,2.0,3.0,173.76,False,False,False,False,False,True,False,False,True,False,True,False,False,False,False,False
53294,0,19.0,1,9.0,4.0,5,3,3,0,15.0,2.0,2.0,1.0,147.74,False,True,False,False,False,True,False,False,False,False,False,False,True,False,False,True
50659,0,14.0,1,13.0,2.0,1,3,2,0,13.0,1.0,1.0,8.0,133.76,False,True,True,False,False,False,False,False,False,False,False,True,False,False,False,False
52271,0,15.0,1,14.0,3.0,1,4,7,1,16.0,0.0,1.0,0.0,123.72,False,True,False,False,False,False,False,False,False,False,True,False,False,False,True,False
52984,1,1.0,3,11.0,3.0,5,2,3,1,13.0,8.0,8.0,5.0,183.28,True,False,False,False,False,False,True,False,True,False,True,False,False,False,False,True
50235,0,9.0,3,9.0,2.0,4,2,5,0,11.0,0.0,1.0,12.0,196.99,False,False,False,False,True,False,False,False,True,False,False,False,False,False,False,False
55402,0,6.0,3,26.0,4.0,6,3,5,0,14.0,1.0,2.0,3.0,221.1,True,False,False,False,False,True,False,False,True,False,False,False,False,False,True,False
54439,0,1.0,1,7.0,3.0,4,4,3,0,21.0,2.0,2.0,5.0,188.97,False,False,False,False,False,True,False,False,False,False,True,False,False,False,True,False
50171,0,15.0,3,32.0,3.0,3,4,6,0,14.0,2.0,2.0,8.0,235.25,False,False,False,False,False,False,True,False,False,True,False,False,False,False,False,False
53913,1,1.0,2,29.0,3.0,6,3,3,0,12.0,1.0,2.0,1.0,140.55,False,True,False,False,False,False,False,True,True,False,False,False,True,False,True,False
51065,0,6.0,3,8.0,3.0,3,1,2,0,14.0,1.0,1.0,4.0,155.05,True,False,False,False,True,False,False,False,True,False,True,False,False,False,True,False
52071,1,0.0,1,20.0,2.0,4,4,2,1,24.0,1.0,1.0,2.0,137.43,False,True,False,False,False,False,False,True,True,False,False,False,True,False,True,False
54970,0,2.0,1,10.0,4.0,4,4,2,0,18.0,1.0,2.0,8.0,201.55,True,False,False,False,True,False,False,False,False,False,False,False,False,False,True,False
53471,1,1.0,1,31.0,4.0,5,5,3,0,13.0,1.0,2.0,3.0,212.22,False,False,False,True,False,False,False,False,True,False,False,False,False,False,False,True
54167,0,31.0,1,10.0,3.0,2,5,6,1,21.0,1.0,2.0,1.0,151.7,True,False,False,False,True,False,False,False,False,False,False,False,True,False,True,False
50364,0,15.0,1,8.0,2.0,3,2,2,0,13.0,2.0,2.0,2.0,140.89,False,True,False,False,False,True,False,False,False,False,True,False,False,False,False,False
51777,0,27.0,1,5.0,2.0,3,3,8,0,11.0,0.0,1.0,0.0,137.8,False,True,False,False,False,True,False,False,False,False,True,False,False,False,False,True
54161,1,5.0,3,7.0,4.0,4,1,10,1,12.0,1.0,2.0,6.0,184.93,True,False,False,False,False,True,False,False,False,False,True,False,False,False,False,True
52464,0,9.0,1,9.0,2.0,3,1,2,0,21.0,1.0,1.0,0.0,120.61000000000001,False,True,False,False,False,True,False,False,False,False,False,True,False,False,True,False
50188,0,4.0,1,8.0,3.0,3,2,1,1,18.0,1.0,2.0,2.0,126.94999999999999,False,True,False,False,False,True,False,False,True,False,False,True,False,False,True,False
54648,0,1.0,1,7.0,3.0,5,4,3,0,14.0,1.0,2.0,1.0,153.36,True,False,False,False,False,True,False,False,False,False,False,False,True,False,False,True
50246,1,0.0,3,18.0,3.0,2,4,2,0,15.0,0.0,1.0,0.0,127.16,False,True,False,False,False,True,False,False,False,False,False,True,False,False,False,True
54509,0,16.0,1,30.0,3.0,4,1,4,0,15.0,1.0,2.0,1.0,284.92,True,False,False,False,False,True,False,False,False,True,False,False,False,False,False,True
53004,0,7.0,1,12.0,4.0,4,4,8,0,12.0,3.0,2.0,9.0,243.77999999999997,False,False,False,False,False,True,False,False,False,False,False,False,False,False,False,False
51851,0,0.0,1,12.0,3.0,3,1,2,1,13.0,0.0,1.0,2.0,56.0,True,False,False,False,False,True,False,False,False,False,False,False,True,False,True,False
50413,0,0.0,1,16.0,2.0,3,5,2,0,21.0,1.0,1.0,7.0,187.93,False,False,False,False,False,True,False,False,True,False,False,False,False,False,True,False
54196,0,17.0,1,9.0,4.0,2,3,3,0,13.0,2.0,2.0,5.0,151.45,True,False,False,False,True,False,False,False,False,False,False,False,True,False,True,False
54609,0,14.0,1,13.0,4.0,4,3,9,0,16.0,5.0,2.0,14.0,257.37,True,False,False,False,False,True,False,False,False,True,False,False,False,False,False,True
50925,0,3.0,3,22.0,3.0,3,3,9,0,15.0,0.0,2.0,2.0,153.01,True,False,False,False,False,True,False,False,True,False,True,False,False,False,False,False
50614,0,12.0,1,6.0,3.0,4,2,2,0,16.0,0.0,11.0,3.0,227.42000000000002,True,False,False,False,False,True,False,False,False,True,False,False,False,False,False,False
54064,0,12.0,1,15.0,3.0,5,4,3,1,17.0,2.0,2.0,8.0,146.33,False,False,False,False,True,False,False,False,False,False,True,False,False,False,True,False
55093,1,1.0,1,14.0,3.0,4,3,5,1,14.0,5.0,8.0,8.0,158.39,True,False,True,False,False,False,False,False,False,False,False,False,True,False,True,False
52782,0,0.0,3,14.0,2.0,3,5,2,1,11.0,1.0,1.0,2.0,123.80000000000001,False,True,False,False,False,False,False,False,True,False,False,True,False,False,False,True
53801,1,1.0,1,9.0,4.0,4,5,3,1,13.0,2.0,2.0,1.0,145.74,False,True,False,False,False,True,False,False,False,False,False,False,True,False,True,False
51321,0,14.0,1,34.0,2.0,4,4,1,0,23.0,1.0,2.0,10.0,235.7,True,False,False,False,False,True,False,False,False,True,False,False,False,False,True,False
53815,0,13.0,3,13.0,3.0,2,3,4,0,12.0,5.0,8.0,7.0,207.37,True,False,False,False,True,False,False,False,True,False,False,False,False,False,True,False
53326,0,9.0,1,16.0,4.0,5,3,3,1,21.0,3.0,2.0,14.5,231.85000000000002,True,False,False,False,False,True,False,False,False,False,False,False,False,False,False,False
50281,1,0.0,1,9.0,3.0,3,5,6,0,13.0,1.0,1.0,2.0,140.31,False,True,False,False,True,False,False,False,True,False,False,False,True,False,False,False
53848,0,9.0,1,15.0,3.0,4,3,3,0,13.0,3.0,3.0,10.0,166.48,False,False,False,False,False,True,False,False,False,False,True,False,False,False,True,False
54205,0,4.0,1,7.0,3.0,4,1,3,0,24.0,2.0,4.0,8.0,165.11,False,False,False,False,True,False,False,False,False,False,True,False,False,False,False,True
50436,0,7.0,1,14.0,2.0,3,5,4,0,14.0,1.0,1.0,0.0,151.21,True,False,False,False,False,True,False,False,False,False,True,False,False,False,True,False
50319,1,0.0,1,10.0,2.0,4,3,6,0,16.0,1.0,1.0,2.0,138.94,False,False,True,False,False,False,False,False,True,False,False,False,True,False,False,True
53712,1,1.0,3,16.0,4.0,5,5,5,0,13.0,2.0,3.0,3.0,169.0,True,False,False,False,False,True,False,False,True,False,False,False,True,False,False,False
50641,0,11.0,1,9.0,3.0,3,3,4,0,16.0,2.0,2.0,2.0,128.21,False,False,False,False,False,False,False,True,True,False,False,True,False,False,False,False
55157,0,1.0,3,17.0,4.0,5,1,3,1,12.0,2.0,5.0,5.0,182.69,True,False,False,False,False,False,True,False,False,False,True,False,False,False,True,False
54067,0,12.0,1,16.0,4.0,4,1,4,0,20.0,2.0,2.0,4.0,172.71,True,False,False,False,False,True,False,False,True,False,False,False,True,False,True,False
54564,0,15.0,3,7.0,3.0,2,5,3,0,17.0,2.0,2.0,8.0,208.92,True,False,False,False,False,False,True,False,True,False,False,False,False,False,True,False
54771,0,1.0,1,12.0,3.0,5,1,3,1,17.0,2.0,2.0,9.0,253.07999999999998,True,False,False,True,False,False,False,False,True,False,False,False,False,False,True,False
51385,0,6.0,3,6.0,2.0,1,5,3,0,19.0,0.0,1.0,3.0,153.76,False,False,False,False,False,True,False,False,False,False,True,False,False,False,True,False
55141,1,1.0,3,9.0,3.0,5,1,9,0,15.0,1.0,2.0,1.0,152.85,False,False,False,False,False,True,False,False,False,False,False,False,True,False,False,True
